case_root,split,num_seeds,seeds,accuracy_mean,accuracy_std,brier_mean,brier_std,ece_mean,ece_std,error_mean,error_std,macro_f1_mean,macro_f1_std,nll_mean,nll_std
.,test,3,1 2 3,86.7114782333374,0.31873870115716596,0.1929958462715149,0.007039482391982085,2.678851603367583,0.3083319861385755,13.288521766662598,0.31873870115716596,85.69768853659005,0.38201651964949535,0.4549667139848073,0.02867642762522942
