case_root,split,num_seeds,seeds,accuracy_mean,accuracy_std,brier_mean,brier_std,ece_mean,ece_std,error_mean,error_std,macro_f1_mean,macro_f1_std,nll_mean,nll_std
.,test,3,1 2 3,95.0912634531657,0.3286767284642575,0.07386164863904317,0.005093894613196122,2.6021208296573355,0.42367355476989726,4.90873654683431,0.3286767284642575,95.07265964723517,0.34567572733915164,0.14414802193641663,0.009345294463494903
