case_root,split,num_seeds,seeds,accuracy_mean,accuracy_std,brier_mean,brier_std,ece_mean,ece_std,error_mean,error_std,macro_f1_mean,macro_f1_std,nll_mean,nll_std
.,test,3,1 2 3,84.55370465914409,0.5832826699246284,0.22020025551319122,0.008948683339027307,3.2362358110380525,0.35921576897542035,15.446295340855917,0.5832826699246284,83.90297866697767,0.5563134021953317,0.5469059149424235,0.03238804176918239
