case_root,split,num_seeds,seeds,accuracy_mean,accuracy_std,brier_mean,brier_std,ece_mean,ece_std,error_mean,error_std,macro_f1_mean,macro_f1_std,nll_mean,nll_std
.,test,3,1 2 3,99.01011387507121,0.18511570486891007,0.016711710020899773,0.0009031439293157873,1.1636759703431767,0.20295692844471902,0.9898861249287924,0.18511570486891007,98.16934896039373,0.418565501897084,0.035198770463466644,0.0003512097240592185
