case_root,split,num_seeds,seeds,accuracy_mean,accuracy_std,brier_mean,brier_std,ece_mean,ece_std,error_mean,error_std,macro_f1_mean,macro_f1_std,nll_mean,nll_std
.,test,3,1 2 3,76.62874857584636,0.7324543336265781,0.3154019316037496,0.007669925357209341,3.296280125273544,1.199941778861411,23.371251424153645,0.7324543336265781,75.12141553004385,0.9021063425734506,0.6917029023170471,0.011089734111829612
