============================================================
START: 2026-05-16 23:04:06
GPU: 0
REQUESTED_METHOD: TR
LAUNCH_METHOD: ClipAdapters
RUN_TAG: TR
PROTOCOL: FS
EXEC_MODE: online
DATASET: caltech101
SHOTS: 16
SEED: 3
DATA_ROOT: DATASETS
OUTPUT_ROOT: output_refactor
BACKBONE: ViT-B/16
METHOD_CONFIG: configs/methods/clip_adapters_tr.yaml
PROTOCOL_CONFIG: configs/protocols/fs.yaml
RUNTIME_CONFIG: configs/runtime/adapter_family.yaml
============================================================
Setting fixed seed: 3
***************
** Arguments **
***************
dataset_config_file: configs/datasets/caltech101.yaml
eval_only: False
exec_mode: online
exp_config: 
load_epoch: None
method: ClipAdapters
method_config_file: configs/methods/clip_adapters_tr.yaml
model_dir: 
no_train: False
opts: ['DATASET.NUM_SHOTS', '16', 'DATASET.SUBSAMPLE_CLASSES', 'all', 'MODEL.BACKBONE.NAME', 'ViT-B/16']
output_dir: output_refactor/ClipAdapters/TR/FS/fewshot_train/caltech101/shots_16/ViT-B-16/seed3
protocol: FS
protocol_config_file: configs/protocols/fs.yaml
root: DATASETS
runtime_config_file: configs/runtime/adapter_family.yaml
seed: 3
trainer: RefactorRunner
************
** Config **
************
BAYESRT_MMRL:
  ALPHA: 0.7
  BAYES_R_ENABLED: True
  BAYES_T_ENABLED: True
  EVAL_AGGREGATION: prob_mean
  EVAL_FUSION_VARIANT: static
  EVAL_USE_POSTERIOR_MEAN: False
  KL_WARMUP_EPOCHS: 5
  NOVEL_TEXT_MEAN_ONLY: True
  N_MC_TEST: 30
  N_MC_TRAIN: 3
  N_REP_TOKENS: 5
  PREC: amp
  REG_WEIGHT: 0.5
  REPORT_FUSION_VARIANTS: True
  REP_DIM: 512
  REP_LAYERS: [6, 7, 8, 9, 10, 11, 12]
  R_KL_WEIGHT: 1e-06
  R_PRIOR_MODE: zero
  R_PRIOR_STD: 0.01
  R_SIGMA_MODE: output
  T_KL_WEIGHT: 0.01
  T_MIN_SIGMA: 1e-06
  T_PRIOR_STD: 0.003
  T_SIGMA_MODE: output
BAYES_MMRL:
  ALPHA: 0.7
  BAYES_TARGET: rep_tokens
  CLIP_PRIOR_BLEND: 0.5
  CLIP_PRIOR_SCALE: 0.05
  EVAL_AGGREGATION: prob_mean
  EVAL_FUSION_VARIANT: dynamic_no_beta
  EVAL_MODE: mc_predictive
  EVAL_USE_POSTERIOR_MEAN: False
  KL_WARMUP_EPOCHS: 5
  KL_WEIGHT: 0.0005
  MAIN_CONSISTENCY_MODE: prob
  MAIN_CONSISTENCY_WEIGHT: 0.0
  N_MC_TEST: 5
  N_MC_TRAIN: 3
  N_REP_TOKENS: 5
  PREC: amp
  PRIOR_STD: 0.05
  PROJ_REP_KL_WEIGHT: 1e-06
  PROJ_REP_PRIOR_MODE: clip_proj
  PROJ_REP_PRIOR_STD: 0.01
  PROJ_REP_SIGMA_MODE: row
  REG_WEIGHT: 1.0
  REPORT_FUSION_VARIANTS: True
  REP_DIM: 512
  REP_KL_WEIGHT: 0.0005
  REP_LAYERS: [6, 7, 8, 9, 10, 11, 12]
  REP_MN_ENFORCE_TRACE: True
  REP_MN_LOWRANK_RANK: 8
  REP_PRIOR_MODE: zero
  REP_PRIOR_STD: 0.05
  REP_SIGMA_MODE: global
  SIGMA_MODE: global
  USE_MEAN_MAIN_MC_REP: True
BAYES_TEXT_MMRL:
  ALPHA: 0.7
  EVAL_AGGREGATION: prob_mean
  EVAL_USE_POSTERIOR_MEAN: False
  KL_WARMUP_EPOCHS: 5
  N_MC_TEST: 10
  N_MC_TRAIN: 3
  N_REP_TOKENS: 5
  PREC: amp
  REG_WEIGHT: 0.5
  REP_DIM: 512
  REP_LAYERS: [6, 7, 8, 9, 10, 11, 12]
  TEXT_KL_WEIGHT: 0.05
  TEXT_MIN_SIGMA: 1e-06
  TEXT_PRIOR_STD: 0.05
CALIBRATION:
  USE_FULL_VAL: False
CLIP_ADAPTERS:
  ALLOW_CACHE: True
  BAYES_KL_SCALE: 1.0
  BAYES_PRIOR_STD: 0.01
  CACHE_AGGREGATION: pool
  CACHE_FEATURE_ONLY_KEY: True
  CACHE_POOL_EPOCH_SUBSAMPLE: True
  CACHE_REPS: 20
  CACHE_TRAIN_AUG: True
  CAPEL_FALLBACK_ORDER: False
  CAPEL_FEATURE_CACHE_DIR: /root/autodl-tmp/MMRL/prompts/capel_feature_cache
  CAPEL_PC_LAMBDA: 3.0
  CAPEL_PROMPTS_PER_CLASS: 50
  CAPEL_PROMPT_BANK: /root/autodl-tmp/MMRL/prompts/capel_prompt_bank_all.json
  CAPEL_REBUILD_FEATURE_CACHE: False
  CAPEL_STRICT_PROMPT_BANK: True
  CAPEL_USE_FEATURE_CACHE: True
  CLAP_TIPA_ONE_EPOCH: True
  CLAP_TIPA_RAW_AFFINITY: True
  CLAP_TIPA_TRAINABLE_CACHE: True
  CONSTRAINT: none
  CROSS_MODAL_EPOCH_SUBSAMPLE: True
  CROSS_MODAL_RESAMPLE_TEXT: True
  DREAM_APPLY_GATE: True
  DREAM_CHUNK_CLASSES: 64
  DREAM_COV_PRIOR_STRENGTH: 16.0
  DREAM_DEBUG: True
  DREAM_DENSITY_CLIP: 3.0
  DREAM_DENSITY_ON_TRAIN: False
  DREAM_ENABLED: True
  DREAM_EPS: 0.0001
  DREAM_GATE_A: 5.0
  DREAM_GATE_ON_TRAIN: False
  DREAM_GATE_QUANTILE: 0.05
  DREAM_GATE_REQUIRES_POSITIVE_LAMBDA: True
  DREAM_GATE_STRENGTH: 1.0
  DREAM_LAMBDA: -1.0
  DREAM_LAMBDA_BETA: 0.01
  DREAM_LAMBDA_GRID: [0.0, 0.1, 0.25, 0.5, 1.0]
  DREAM_MEAN_PRIOR_STRENGTH: 4.0
  DREAM_ORTHOGONAL_GAMMA: 0.05
  DREAM_RANK: 32
  DREAM_TEXT_PRIOR_STRENGTH: 4.0
  DREAM_USE_LOO: True
  ECKA_CALIBRATE: False
  ECKA_COV_SHRINK: 0.95
  ECKA_KAPPA0: 2.0
  ECKA_KERNEL_BETA_SCALE: 1.0
  ECKA_KERNEL_LAMBDA: -1.0
  ECKA_MIN_W0: 0.6
  ECKA_RANGE_DELTA: -1.0
  ECKA_REPLACE_ZS: False
  ECKA_RESIDUAL_ALPHA: 0.1
  ECKA_TEMPERATURE: 1.0
  ECKA_UNCERTAINTY_BETA: 0.0
  ECKA_USE_FUSION_GRID: True
  ECKA_USE_GDA: True
  ECKA_USE_KERNEL: True
  ECKA_W0: 0.3333333333
  ECKA_WG: 0.3333333333
  ECKA_WK: 0.3333333333
  ENHANCED_BASE: none
  INIT: TR
  KL_WEIGHT: 0.0001
  N_SAMPLES: 3
  N_TEST_SAMPLES: 10
  ONLINE_PREFIT_REPS: 1
  ONLINE_PREFIT_TRAIN_AUG: True
  PP_PROKER_BETA: 1.0
  PP_PROKER_GP_DELTA: -1.0
  PP_PROKER_LAMBDA: 1.0
  PP_PROKER_MC_SAMPLES: 64
  PP_PROKER_MEAN_RESIDUAL_SCALE: 1.0
  PP_PROKER_RETURN_LOG_PROBS: True
  PP_PROKER_RHO: 1.0
  PP_PROKER_TAU: 1.0
  PP_PROKER_USE_MC: True
  PP_PROKER_VARIANCE_JITTER: 1e-06
  PREC: amp
  TIPA_ALPHA: 1.0
  TIPA_BETA: 1.0
  TIPA_F_GRID_EPOCHS: 20
  TR_ALPHA: 0.5
  TYPE: MP
  VNC_CAPEL_VNC_LAMBDA: 0.2
DATALOADER:
  K_TRANSFORMS: 1
  NUM_WORKERS: 4
  RETURN_IMG0: False
  TEST:
    BATCH_SIZE: 250
    SAMPLER: SequentialSampler
  TRAIN_U:
    BATCH_SIZE: 32
    N_DOMAIN: 0
    N_INS: 16
    SAME_AS_X: True
    SAMPLER: RandomSampler
  TRAIN_X:
    BATCH_SIZE: 256
    N_DOMAIN: 0
    N_INS: 16
    SAMPLER: RandomSampler
DATASET:
  ALL_AS_UNLABELED: False
  CIFAR_C_LEVEL: 1
  CIFAR_C_TYPE: 
  NAME: Caltech101
  NUM_LABELED: -1
  NUM_SHOTS: 16
  ROOT: DATASETS
  SOURCE_DOMAINS: ()
  STL10_FOLD: -1
  SUBSAMPLE_CLASSES: all
  TARGET_DOMAINS: ()
  VAL_PERCENT: 0.1
HPO:
  ACC_TOLERANCE: 0.5
  ACC_WEIGHT: 1.0
  AECE_WEIGHT: 1.0
  COPY_BEST_MODEL: True
  DELETE_NON_BEST_CANDIDATE_MODELS: True
  ECE_WEIGHT: 1.0
  ENABLED: True
  FINAL_TEST_BEST: True
  GRID:
    alpha:
      PATH: CLIP_ADAPTERS.TR_ALPHA
      VALUES: [0.5]
    lr:
      PATH: OPTIM.LR
      VALUES: [0.1]
  N_BINS: 10
  REQUIRE_VAL: True
  SAVE_SUMMARY: True
  SELECTOR: acc
  SKIP_CANDIDATE_TEST: True
  SPLIT: val
  TRAIN_FINAL_WITH_BEST: False
INPUT:
  COLORJITTER_B: 0.4
  COLORJITTER_C: 0.4
  COLORJITTER_H: 0.1
  COLORJITTER_S: 0.4
  CROP_PADDING: 4
  CUTOUT_LEN: 16
  CUTOUT_N: 1
  GB_K: 21
  GB_P: 0.5
  GN_MEAN: 0.0
  GN_STD: 0.15
  INTERPOLATION: bicubic
  NO_TRANSFORM: False
  PIXEL_MEAN: [0.48145466, 0.4578275, 0.40821073]
  PIXEL_STD: [0.26862954, 0.26130258, 0.27577711]
  RANDAUGMENT_M: 10
  RANDAUGMENT_N: 2
  RGS_P: 0.2
  RRCROP_SCALE: (0.08, 1.0)
  SIZE: (224, 224)
  TRANSFORMS: ('random_resized_crop', 'random_flip', 'normalize')
METHOD:
  EXEC_MODE: online
  FAMILY: adapter
  NAME: ClipAdapters
  TAG: TR
MMRL:
  ALPHA: 0.7
  N_REP_TOKENS: 5
  PREC: amp
  REG_WEIGHT: 1.0
  REP_DIM: 512
  REP_LAYERS: [6, 7, 8, 9, 10, 11, 12]
MMRLPP:
  ALPHA: 0.7
  BETA: 0.9
  N_REP_TOKENS: 5
  PREC: amp
  PROJ_LORA_DIM: 64
  REG_WEIGHT: 1.0
  REP_DIM: 512
  REP_LAYERS: [6, 7, 8, 9, 10, 11, 12]
  RES_LORA_DIM: 4
MMRL_MIX:
  ALPHA: 0.7
  LOSS_FUSE_WEIGHT: 0.2
  LOSS_MAIN_WEIGHT: 1.0
  LOSS_REP_WEIGHT: 1.0
  N_REP_TOKENS: 5
  PREC: amp
  REG_WEIGHT: 1.0
  REP_DIM: 512
  REP_LAYERS: [6, 7, 8, 9, 10, 11, 12]
MODEL:
  BACKBONE:
    NAME: ViT-B/16
    PRETRAINED: True
  HEAD:
    ACTIVATION: relu
    BN: True
    DROPOUT: 0.0
    HIDDEN_LAYERS: ()
    NAME: 
  INIT_WEIGHTS: 
OPTIM:
  ADAM_BETA1: 0.9
  ADAM_BETA2: 0.999
  BASE_LR_MULT: 0.1
  GAMMA: 0.1
  LR: 0.1
  LR_SCHEDULER: cosine
  MAX_EPOCH: 300
  MOMENTUM: 0.9
  NAME: sgd
  NEW_LAYERS: ()
  RMSPROP_ALPHA: 0.99
  SGD_DAMPNING: 0
  SGD_NESTEROV: False
  STAGED_LR: False
  STEPSIZE: (-1,)
  WARMUP_CONS_LR: 1e-05
  WARMUP_EPOCH: 0
  WARMUP_MIN_LR: 1e-05
  WARMUP_RECOUNT: True
  WARMUP_TYPE: constant
  WEIGHT_DECAY: 0.0
OUTPUT_DIR: output_refactor/ClipAdapters/TR/FS/fewshot_train/caltech101/shots_16/ViT-B-16/seed3
PROTOCOL:
  NAME: FS
  PHASE: fewshot_train
RESUME: 
RUNTIME:
  OUTPUT_ROOT: output_refactor
  USE_DASSL_TRAINER_BRIDGE: True
SEED: 3
TASK: FS
TEST:
  COMPUTE_CMAT: False
  EVALUATOR: Classification
  FINAL_MODEL: last_step
  NO_TEST: False
  PER_CLASS_RESULT: False
  SPLIT: test
TRAIN:
  CHECKPOINT_FREQ: 0
  COUNT_ITER: train_x
  PRINT_FREQ: 20
TRAINER:
  BayesMMRL:
    ALPHA: 0.7
    BAYES_TARGET: rep_tokens
    CLIP_PRIOR_BLEND: 0.5
    CLIP_PRIOR_SCALE: 0.05
    EVAL_AGGREGATION: prob_mean
    EVAL_FUSION_VARIANT: dynamic_no_beta
    EVAL_MODE: mc_predictive
    EVAL_USE_POSTERIOR_MEAN: False
    KL_WARMUP_EPOCHS: 5
    KL_WEIGHT: 0.0005
    MAIN_CONSISTENCY_MODE: prob
    MAIN_CONSISTENCY_WEIGHT: 0.0
    N_MC_TEST: 5
    N_MC_TRAIN: 3
    N_REP_TOKENS: 5
    PREC: amp
    PRIOR_STD: 0.05
    PROJ_REP_KL_WEIGHT: 1e-06
    PROJ_REP_PRIOR_MODE: clip_proj
    PROJ_REP_PRIOR_STD: 0.01
    PROJ_REP_SIGMA_MODE: row
    REG_WEIGHT: 1.0
    REPORT_FUSION_VARIANTS: True
    REP_DIM: 512
    REP_KL_WEIGHT: 0.0005
    REP_LAYERS: [6, 7, 8, 9, 10, 11, 12]
    REP_MN_ENFORCE_TRACE: True
    REP_MN_LOWRANK_RANK: 8
    REP_PRIOR_MODE: zero
    REP_PRIOR_STD: 0.05
    REP_SIGMA_MODE: global
    SIGMA_MODE: global
    USE_MEAN_MAIN_MC_REP: True
  BayesRTMMRL:
    ALPHA: 0.7
    BAYES_R_ENABLED: True
    BAYES_T_ENABLED: True
    EVAL_AGGREGATION: prob_mean
    EVAL_FUSION_VARIANT: static
    EVAL_USE_POSTERIOR_MEAN: False
    KL_WARMUP_EPOCHS: 5
    NOVEL_TEXT_MEAN_ONLY: True
    N_MC_TEST: 30
    N_MC_TRAIN: 3
    N_REP_TOKENS: 5
    PREC: amp
    REG_WEIGHT: 0.5
    REPORT_FUSION_VARIANTS: True
    REP_DIM: 512
    REP_LAYERS: [6, 7, 8, 9, 10, 11, 12]
    R_KL_WEIGHT: 1e-06
    R_PRIOR_MODE: zero
    R_PRIOR_STD: 0.01
    R_SIGMA_MODE: output
    T_KL_WEIGHT: 0.01
    T_MIN_SIGMA: 1e-06
    T_PRIOR_STD: 0.003
    T_SIGMA_MODE: output
  BayesTextMMRL:
    ALPHA: 0.7
    EVAL_AGGREGATION: prob_mean
    EVAL_USE_POSTERIOR_MEAN: False
    KL_WARMUP_EPOCHS: 5
    N_MC_TEST: 10
    N_MC_TRAIN: 3
    N_REP_TOKENS: 5
    PREC: amp
    REG_WEIGHT: 0.5
    REP_DIM: 512
    REP_LAYERS: [6, 7, 8, 9, 10, 11, 12]
    TEXT_KL_WEIGHT: 0.05
    TEXT_MIN_SIGMA: 1e-06
    TEXT_PRIOR_STD: 0.05
  CDAC:
    CLASS_LR_MULTI: 10
    P_THRESH: 0.95
    RAMPUP_COEF: 30
    RAMPUP_ITRS: 1000
    STRONG_TRANSFORMS: ()
    TOPK_MATCH: 5
  CROSSGRAD:
    ALPHA_D: 0.5
    ALPHA_F: 0.5
    EPS_D: 1.0
    EPS_F: 1.0
  ClipADAPTER:
    ALLOW_CACHE: True
    BAYES_KL_SCALE: 1.0
    BAYES_PRIOR_STD: 0.01
    CACHE_AGGREGATION: pool
    CACHE_FEATURE_ONLY_KEY: True
    CACHE_POOL_EPOCH_SUBSAMPLE: True
    CACHE_REPS: 20
    CACHE_TRAIN_AUG: True
    CAPEL_FALLBACK_ORDER: False
    CAPEL_FEATURE_CACHE_DIR: /root/autodl-tmp/MMRL/prompts/capel_feature_cache
    CAPEL_PC_LAMBDA: 3.0
    CAPEL_PROMPTS_PER_CLASS: 50
    CAPEL_PROMPT_BANK: /root/autodl-tmp/MMRL/prompts/capel_prompt_bank_all.json
    CAPEL_REBUILD_FEATURE_CACHE: False
    CAPEL_STRICT_PROMPT_BANK: True
    CAPEL_USE_FEATURE_CACHE: True
    CLAP_TIPA_ONE_EPOCH: True
    CLAP_TIPA_RAW_AFFINITY: True
    CLAP_TIPA_TRAINABLE_CACHE: True
    CONSTRAINT: none
    CROSS_MODAL_EPOCH_SUBSAMPLE: True
    CROSS_MODAL_RESAMPLE_TEXT: True
    DREAM_APPLY_GATE: True
    DREAM_CHUNK_CLASSES: 64
    DREAM_COV_PRIOR_STRENGTH: 16.0
    DREAM_DEBUG: True
    DREAM_DENSITY_CLIP: 3.0
    DREAM_DENSITY_ON_TRAIN: False
    DREAM_ENABLED: True
    DREAM_EPS: 0.0001
    DREAM_GATE_A: 5.0
    DREAM_GATE_ON_TRAIN: False
    DREAM_GATE_QUANTILE: 0.05
    DREAM_GATE_REQUIRES_POSITIVE_LAMBDA: True
    DREAM_GATE_STRENGTH: 1.0
    DREAM_LAMBDA: -1.0
    DREAM_LAMBDA_BETA: 0.01
    DREAM_LAMBDA_GRID: [0.0, 0.1, 0.25, 0.5, 1.0]
    DREAM_MEAN_PRIOR_STRENGTH: 4.0
    DREAM_ORTHOGONAL_GAMMA: 0.05
    DREAM_RANK: 32
    DREAM_TEXT_PRIOR_STRENGTH: 4.0
    DREAM_USE_LOO: True
    ECKA_CALIBRATE: False
    ECKA_COV_SHRINK: 0.95
    ECKA_KAPPA0: 2.0
    ECKA_KERNEL_BETA_SCALE: 1.0
    ECKA_KERNEL_LAMBDA: -1.0
    ECKA_MIN_W0: 0.6
    ECKA_RANGE_DELTA: -1.0
    ECKA_REPLACE_ZS: False
    ECKA_RESIDUAL_ALPHA: 0.1
    ECKA_TEMPERATURE: 1.0
    ECKA_UNCERTAINTY_BETA: 0.0
    ECKA_USE_FUSION_GRID: True
    ECKA_USE_GDA: True
    ECKA_USE_KERNEL: True
    ECKA_W0: 0.3333333333
    ECKA_WG: 0.3333333333
    ECKA_WK: 0.3333333333
    ENHANCED_BASE: none
    INIT: TR
    KL_WEIGHT: 0.0001
    N_SAMPLES: 3
    N_TEST_SAMPLES: 10
    ONLINE_PREFIT_REPS: 1
    ONLINE_PREFIT_TRAIN_AUG: True
    PP_PROKER_BETA: 1.0
    PP_PROKER_GP_DELTA: -1.0
    PP_PROKER_LAMBDA: 1.0
    PP_PROKER_MC_SAMPLES: 64
    PP_PROKER_MEAN_RESIDUAL_SCALE: 1.0
    PP_PROKER_RETURN_LOG_PROBS: True
    PP_PROKER_RHO: 1.0
    PP_PROKER_TAU: 1.0
    PP_PROKER_USE_MC: True
    PP_PROKER_VARIANCE_JITTER: 1e-06
    PREC: amp
    TIPA_ALPHA: 1.0
    TIPA_BETA: 1.0
    TIPA_F_GRID_EPOCHS: 20
    TR_ALPHA: 0.5
    TYPE: MP
    VNC_CAPEL_VNC_LAMBDA: 0.2
  DAEL:
    CONF_THRE: 0.95
    STRONG_TRANSFORMS: ()
    WEIGHT_U: 0.5
  DAELDG:
    CONF_THRE: 0.95
    STRONG_TRANSFORMS: ()
    WEIGHT_U: 0.5
  DDAIG:
    ALPHA: 0.5
    CLAMP: False
    CLAMP_MAX: 1.0
    CLAMP_MIN: -1.0
    G_ARCH: 
    LMDA: 0.3
    WARMUP: 0
  DOMAINMIX:
    ALPHA: 1.0
    BETA: 1.0
    TYPE: crossdomain
  ENTMIN:
    LMDA: 0.001
  FIXMATCH:
    CONF_THRE: 0.95
    STRONG_TRANSFORMS: ()
    WEIGHT_U: 1.0
  M3SDA:
    LMDA: 0.5
    N_STEP_F: 4
  MCD:
    N_STEP_F: 4
  MEANTEACHER:
    EMA_ALPHA: 0.999
    RAMPUP: 5
    WEIGHT_U: 1.0
  MIXMATCH:
    MIXUP_BETA: 0.75
    RAMPUP: 20000
    TEMP: 2.0
    WEIGHT_U: 100.0
  MME:
    LMDA: 0.1
  MMRL:
    ALPHA: 0.7
    N_REP_TOKENS: 5
    PREC: amp
    REG_WEIGHT: 1.0
    REP_DIM: 512
    REP_LAYERS: [6, 7, 8, 9, 10, 11, 12]
  MMRLMix:
    ALPHA: 0.7
    LOSS_FUSE_WEIGHT: 0.2
    LOSS_MAIN_WEIGHT: 1.0
    LOSS_REP_WEIGHT: 1.0
    N_REP_TOKENS: 5
    PREC: amp
    REG_WEIGHT: 1.0
    REP_DIM: 512
    REP_LAYERS: [6, 7, 8, 9, 10, 11, 12]
  MMRLpp:
    ALPHA: 0.7
    BETA: 0.9
    N_REP_TOKENS: 5
    PREC: amp
    PROJ_LORA_DIM: 64
    REG_WEIGHT: 1.0
    REP_DIM: 512
    REP_LAYERS: [6, 7, 8, 9, 10, 11, 12]
    RES_LORA_DIM: 4
  NAME: RefactorRunner
  SE:
    CONF_THRE: 0.95
    EMA_ALPHA: 0.999
    RAMPUP: 300
  VCRMMMRL:
    ALPHA: 0.7
    N_REP_TOKENS: 5
    PREC: amp
    REG_WEIGHT: 0.5
    REP_DIM: 512
    REP_LAYERS: [6, 7, 8, 9, 10, 11, 12]
    VCRM_CONTEXT_LAYER: 3
    VCRM_DETACH_CONTEXT: True
    VCRM_ETA: 0.1
    VCRM_HIDDEN_DIM: 512
    VCRM_MOD_WEIGHT: 0.0
USE_CUDA: True
VCRM_MMRL:
  ALPHA: 0.7
  N_REP_TOKENS: 5
  PREC: amp
  REG_WEIGHT: 0.5
  REP_DIM: 512
  REP_LAYERS: [6, 7, 8, 9, 10, 11, 12]
  VCRM_CONTEXT_LAYER: 3
  VCRM_DETACH_CONTEXT: True
  VCRM_ETA: 0.1
  VCRM_HIDDEN_DIM: 512
  VCRM_MOD_WEIGHT: 0.0
VERBOSE: True
VERSION: 1/root/autodl-tmp/MMRL/trainers/refactor_runner.py:73: FutureWarning: `torch.cuda.amp.GradScaler(args...)` is deprecated. Please use `torch.amp.GradScaler('cuda', args...)` instead.
  self.scaler = GradScaler() if prec == "amp" else None

Collecting env info ...
** System info **
PyTorch version: 2.11.0+cu128
Is debug build: False
CUDA used to build PyTorch: 12.8
ROCM used to build PyTorch: N/A

OS: Ubuntu 22.04.1 LTS (x86_64)
GCC version: (Ubuntu 11.3.0-1ubuntu1~22.04) 11.3.0
Clang version: Could not collect
CMake version: version 3.22.1
Libc version: glibc-2.35

Python version: 3.10.20 (main, Mar 11 2026, 17:46:40) [GCC 14.3.0] (64-bit runtime)
Python platform: Linux-5.15.0-78-generic-x86_64-with-glibc2.35
Is CUDA available: True
CUDA runtime version: 11.8.89
CUDA_MODULE_LOADING set to: 
GPU models and configuration: GPU 0: NVIDIA GeForce RTX 5090
Nvidia driver version: 580.105.08
cuDNN version: Probably one of the following:
/usr/lib/x86_64-linux-gnu/libcudnn.so.8.6.0
/usr/lib/x86_64-linux-gnu/libcudnn_adv_infer.so.8.6.0
/usr/lib/x86_64-linux-gnu/libcudnn_adv_train.so.8.6.0
/usr/lib/x86_64-linux-gnu/libcudnn_cnn_infer.so.8.6.0
/usr/lib/x86_64-linux-gnu/libcudnn_cnn_train.so.8.6.0
/usr/lib/x86_64-linux-gnu/libcudnn_ops_infer.so.8.6.0
/usr/lib/x86_64-linux-gnu/libcudnn_ops_train.so.8.6.0
Is XPU available: False
HIP runtime version: N/A
MIOpen runtime version: N/A
Is XNNPACK available: True
Caching allocator config: N/A

CPU:
Architecture:                    x86_64
CPU op-mode(s):                  32-bit, 64-bit
Address sizes:                   52 bits physical, 57 bits virtual
Byte Order:                      Little Endian
CPU(s):                          208
On-line CPU(s) list:             0-207
Vendor ID:                       GenuineIntel
Model name:                      Intel(R) Xeon(R) Platinum 8470Q
CPU family:                      6
Model:                           143
Thread(s) per core:              2
Core(s) per socket:              52
Socket(s):                       2
Stepping:                        8
Frequency boost:                 enabled
CPU max MHz:                     2101.0000
CPU min MHz:                     800.0000
BogoMIPS:                        4200.00
Flags:                           fpu vme de pse tsc msr pae mce cx8 apic sep mtrr pge mca cmov pat pse36 clflush dts acpi mmx fxsr sse sse2 ss ht tm pbe syscall nx pdpe1gb rdtscp lm constant_tsc art arch_perfmon pebs bts rep_good nopl xtopology nonstop_tsc cpuid aperfmperf tsc_known_freq pni pclmulqdq dtes64 ds_cpl vmx smx est tm2 ssse3 sdbg fma cx16 xtpr pdcm pcid dca sse4_1 sse4_2 x2apic movbe popcnt tsc_deadline_timer aes xsave avx f16c rdrand lahf_lm abm 3dnowprefetch cpuid_fault epb cat_l3 cat_l2 cdp_l3 invpcid_single intel_ppin cdp_l2 ssbd mba ibrs ibpb stibp ibrs_enhanced tpr_shadow vnmi flexpriority ept vpid ept_ad fsgsbase tsc_adjust bmi1 avx2 smep bmi2 erms invpcid cqm rdt_a avx512f avx512dq rdseed adx smap avx512ifma clflushopt clwb intel_pt avx512cd sha_ni avx512bw avx512vl xsaveopt xsavec xgetbv1 xsaves cqm_llc cqm_occup_llc cqm_mbm_total cqm_mbm_local split_lock_detect avx_vnni avx512_bf16 wbnoinvd dtherm ida arat pln pts avx512vbmi umip pku ospke waitpkg avx512_vbmi2 gfni vaes vpclmulqdq avx512_vnni avx512_bitalg tme avx512_vpopcntdq la57 rdpid bus_lock_detect cldemote movdiri movdir64b enqcmd fsrm md_clear serialize tsxldtrk pconfig arch_lbr amx_bf16 avx512_fp16 amx_tile amx_int8 flush_l1d arch_capabilities
Virtualization:                  VT-x
L1d cache:                       4.9 MiB (104 instances)
L1i cache:                       3.3 MiB (104 instances)
L2 cache:                        208 MiB (104 instances)
L3 cache:                        210 MiB (2 instances)
NUMA node(s):                    2
NUMA node0 CPU(s):               0-51,104-155
NUMA node1 CPU(s):               52-103,156-207
Vulnerability Itlb multihit:     Not affected
Vulnerability L1tf:              Not affected
Vulnerability Mds:               Not affected
Vulnerability Meltdown:          Not affected
Vulnerability Mmio stale data:   Not affected
Vulnerability Retbleed:          Not affected
Vulnerability Spec store bypass: Mitigation; Speculative Store Bypass disabled via prctl and seccomp
Vulnerability Spectre v1:        Mitigation; usercopy/swapgs barriers and __user pointer sanitization
Vulnerability Spectre v2:        Mitigation; Enhanced IBRS, IBPB conditional, RSB filling, PBRSB-eIBRS SW sequence
Vulnerability Srbds:             Not affected
Vulnerability Tsx async abort:   Not affected

Versions of relevant libraries:
[pip3] flake8==3.7.9
[pip3] numpy==2.2.6
[pip3] nvidia-cublas-cu12==12.8.4.1
[pip3] nvidia-cuda-cupti-cu12==12.8.90
[pip3] nvidia-cuda-nvrtc-cu12==12.8.93
[pip3] nvidia-cuda-runtime-cu12==12.8.90
[pip3] nvidia-cudnn-cu12==9.19.0.56
[pip3] nvidia-cufft-cu12==11.3.3.83
[pip3] nvidia-curand-cu12==10.3.9.90
[pip3] nvidia-cusolver-cu12==11.7.3.90
[pip3] nvidia-cusparse-cu12==12.5.8.93
[pip3] nvidia-cusparselt-cu12==0.7.1
[pip3] nvidia-nccl-cu12==2.28.9
[pip3] nvidia-nvjitlink-cu12==12.8.93
[pip3] nvidia-nvtx-cu12==12.8.90
[pip3] torch==2.11.0+cu128
[pip3] torchaudio==2.11.0+cu128
[pip3] torchvision==0.26.0+cu128
[pip3] triton==3.6.0
[conda] numpy                     2.2.6                    pypi_0    pypi
[conda] nvidia-cublas-cu12        12.8.4.1                 pypi_0    pypi
[conda] nvidia-cuda-cupti-cu12    12.8.90                  pypi_0    pypi
[conda] nvidia-cuda-nvrtc-cu12    12.8.93                  pypi_0    pypi
[conda] nvidia-cuda-runtime-cu12  12.8.90                  pypi_0    pypi
[conda] nvidia-cudnn-cu12         9.19.0.56                pypi_0    pypi
[conda] nvidia-cufft-cu12         11.3.3.83                pypi_0    pypi
[conda] nvidia-curand-cu12        10.3.9.90                pypi_0    pypi
[conda] nvidia-cusolver-cu12      11.7.3.90                pypi_0    pypi
[conda] nvidia-cusparse-cu12      12.5.8.93                pypi_0    pypi
[conda] nvidia-cusparselt-cu12    0.7.1                    pypi_0    pypi
[conda] nvidia-nccl-cu12          2.28.9                   pypi_0    pypi
[conda] nvidia-nvjitlink-cu12     12.8.93                  pypi_0    pypi
[conda] nvidia-nvtx-cu12          12.8.90                  pypi_0    pypi
[conda] torch                     2.11.0+cu128             pypi_0    pypi
[conda] torchaudio                2.11.0+cu128             pypi_0    pypi
[conda] torchvision               0.26.0+cu128             pypi_0    pypi
[conda] triton                    3.6.0                    pypi_0    pypi
        Pillow (12.1.1)

[HPO] enabled
[HPO] split=val
[HPO] require_val=True
[HPO] n_bins=10
[HPO] selector=acc
[HPO] skip_candidate_test=True
[HPO] final_test_best=True
[HPO] grid={'OPTIM.LR': [0.1], 'CLIP_ADAPTERS.TR_ALPHA': [0.5]}
================================================================================
[HPO] candidate 1
[HPO] tag=hpo001__lr-0.1__tr_alpha-0.5
[HPO] params={'OPTIM.LR': 0.1, 'CLIP_ADAPTERS.TR_ALPHA': 0.5}
[HPO] output_dir=output_refactor/ClipAdapters/TR/FS/fewshot_train/caltech101/shots_16/ViT-B-16/seed3/hpo_candidates/candidate_001_hpo001__lr-0.1__tr_alpha-0.5
[HPO] Setting fixed seed: 3
Loading trainer: RefactorRunner
Loading dataset: Caltech101
Reading split from /root/autodl-tmp/MMRL/DATASETS/caltech-101/split_zhou_Caltech101.json
Loading preprocessed few-shot data from /root/autodl-tmp/MMRL/DATASETS/caltech-101/split_fewshot/shot_16-seed_3.pkl
Building transform_train
+ random resized crop (size=(224, 224), scale=(0.08, 1.0))
+ random flip
+ to torch tensor of range [0, 1]
+ normalization (mean=[0.48145466, 0.4578275, 0.40821073], std=[0.26862954, 0.26130258, 0.27577711])
Building transform_test
+ resize the smaller edge to 224
+ 224x224 center crop
+ to torch tensor of range [0, 1]
+ normalization (mean=[0.48145466, 0.4578275, 0.40821073], std=[0.26862954, 0.26130258, 0.27577711])
---------  ----------
Dataset    Caltech101
# classes  100
# train_x  1,600
# val      400
# test     2,465
---------  ----------
Using TaskRes-Adapter
[ClipAdapters] trainable params before cache hooks: {'adapter.residual'}
Loading evaluator: Classification
No checkpoint found, train from scratch
Initialize tensorboard (log_dir=output_refactor/ClipAdapters/TR/FS/fewshot_train/caltech101/shots_16/ViT-B-16/seed3/hpo_candidates/candidate_001_hpo001__lr-0.1__tr_alpha-0.5/tensorboard)
/root/autodl-tmp/MMRL/executors/online_executor.py:46: FutureWarning: `torch.cuda.amp.autocast(args...)` is deprecated. Please use `torch.amp.autocast('cuda', args...)` instead.
  with autocast():
epoch [1/300] batch [1/6] time 2.471 (2.471) data 1.352 (1.352) loss 0.8131 (0.8131) acc 76.9531 (76.9531) loss_ce 0.8131 (0.8131) lr 1.0000e-01 eta 1:14:05
epoch [1/300] batch [2/6] time 0.290 (1.381) data 0.000 (0.676) loss 0.7276 (0.7704) acc 80.4688 (78.7109) loss_ce 0.7276 (0.7704) lr 1.0000e-01 eta 0:41:22
epoch [1/300] batch [3/6] time 0.279 (1.014) data 0.000 (0.451) loss 0.9420 (0.8276) acc 76.1719 (77.8646) loss_ce 0.9420 (0.8276) lr 1.0000e-01 eta 0:30:21
epoch [1/300] batch [4/6] time 0.275 (0.829) data 0.000 (0.338) loss 0.8563 (0.8348) acc 77.7344 (77.8320) loss_ce 0.8563 (0.8348) lr 1.0000e-01 eta 0:24:48
epoch [1/300] batch [5/6] time 0.262 (0.715) data 0.000 (0.271) loss 0.8759 (0.8430) acc 79.2969 (78.1250) loss_ce 0.8759 (0.8430) lr 1.0000e-01 eta 0:21:24
epoch [1/300] batch [6/6] time 0.135 (0.619) data 0.000 (0.225) loss 0.6957 (0.8184) acc 79.2969 (78.3203) loss_ce 0.6957 (0.8184) lr 9.9997e-02 eta 0:18:30
epoch [2/300] batch [1/6] time 1.234 (1.234) data 0.955 (0.955) loss 1.0182 (1.0182) acc 71.0938 (71.0938) loss_ce 1.0182 (1.0182) lr 9.9997e-02 eta 0:36:52
epoch [2/300] batch [2/6] time 0.270 (0.752) data 0.000 (0.478) loss 0.9068 (0.9625) acc 74.2188 (72.6562) loss_ce 0.9068 (0.9625) lr 9.9997e-02 eta 0:22:27
epoch [2/300] batch [3/6] time 0.279 (0.595) data 0.000 (0.318) loss 0.8247 (0.9165) acc 79.6875 (75.0000) loss_ce 0.8247 (0.9165) lr 9.9997e-02 eta 0:17:44
epoch [2/300] batch [4/6] time 0.279 (0.516) data 0.000 (0.239) loss 0.8378 (0.8969) acc 76.5625 (75.3906) loss_ce 0.8378 (0.8969) lr 9.9997e-02 eta 0:15:23
epoch [2/300] batch [5/6] time 0.215 (0.456) data 0.000 (0.191) loss 0.8632 (0.8901) acc 76.5625 (75.6250) loss_ce 0.8632 (0.8901) lr 9.9997e-02 eta 0:13:35
epoch [2/300] batch [6/6] time 0.189 (0.411) data 0.000 (0.159) loss 1.0257 (0.9127) acc 71.0938 (74.8698) loss_ce 1.0257 (0.9127) lr 9.9989e-02 eta 0:12:15
epoch [3/300] batch [1/6] time 1.146 (1.146) data 0.897 (0.897) loss 0.8721 (0.8721) acc 78.5156 (78.5156) loss_ce 0.8721 (0.8721) lr 9.9989e-02 eta 0:34:08
epoch [3/300] batch [2/6] time 0.235 (0.691) data 0.000 (0.449) loss 0.7089 (0.7905) acc 81.6406 (80.0781) loss_ce 0.7089 (0.7905) lr 9.9989e-02 eta 0:20:33
epoch [3/300] batch [3/6] time 0.275 (0.552) data 0.000 (0.299) loss 0.7243 (0.7685) acc 78.1250 (79.4271) loss_ce 0.7243 (0.7685) lr 9.9989e-02 eta 0:16:25
epoch [3/300] batch [4/6] time 0.238 (0.474) data 0.000 (0.224) loss 0.7718 (0.7693) acc 76.9531 (78.8086) loss_ce 0.7718 (0.7693) lr 9.9989e-02 eta 0:14:05
epoch [3/300] batch [5/6] time 0.183 (0.416) data 0.000 (0.180) loss 0.7970 (0.7748) acc 78.1250 (78.6719) loss_ce 0.7970 (0.7748) lr 9.9989e-02 eta 0:12:20
epoch [3/300] batch [6/6] time 0.183 (0.377) data 0.000 (0.150) loss 0.7976 (0.7786) acc 79.2969 (78.7760) loss_ce 0.7976 (0.7786) lr 9.9975e-02 eta 0:11:11
epoch [4/300] batch [1/6] time 1.150 (1.150) data 0.921 (0.921) loss 0.6990 (0.6990) acc 80.4688 (80.4688) loss_ce 0.6990 (0.6990) lr 9.9975e-02 eta 0:34:08
epoch [4/300] batch [2/6] time 0.280 (0.715) data 0.000 (0.461) loss 0.7767 (0.7379) acc 77.3438 (78.9062) loss_ce 0.7767 (0.7379) lr 9.9975e-02 eta 0:21:13
epoch [4/300] batch [3/6] time 0.281 (0.571) data 0.000 (0.307) loss 0.8284 (0.7680) acc 76.9531 (78.2552) loss_ce 0.8284 (0.7680) lr 9.9975e-02 eta 0:16:54
epoch [4/300] batch [4/6] time 0.189 (0.475) data 0.000 (0.230) loss 0.8511 (0.7888) acc 76.1719 (77.7344) loss_ce 0.8511 (0.7888) lr 9.9975e-02 eta 0:14:04
epoch [4/300] batch [5/6] time 0.188 (0.418) data 0.000 (0.184) loss 0.7133 (0.7737) acc 82.4219 (78.6719) loss_ce 0.7133 (0.7737) lr 9.9975e-02 eta 0:12:22
epoch [4/300] batch [6/6] time 0.189 (0.380) data 0.000 (0.154) loss 0.6275 (0.7493) acc 80.8594 (79.0365) loss_ce 0.6275 (0.7493) lr 9.9956e-02 eta 0:11:14
epoch [5/300] batch [1/6] time 1.230 (1.230) data 0.958 (0.958) loss 0.7314 (0.7314) acc 79.2969 (79.2969) loss_ce 0.7314 (0.7314) lr 9.9956e-02 eta 0:36:22
epoch [5/300] batch [2/6] time 0.275 (0.752) data 0.000 (0.479) loss 0.8420 (0.7867) acc 78.9062 (79.1016) loss_ce 0.8420 (0.7867) lr 9.9956e-02 eta 0:22:14
epoch [5/300] batch [3/6] time 0.188 (0.564) data 0.000 (0.319) loss 0.6759 (0.7498) acc 80.4688 (79.5573) loss_ce 0.6759 (0.7498) lr 9.9956e-02 eta 0:16:40
epoch [5/300] batch [4/6] time 0.183 (0.469) data 0.000 (0.240) loss 0.6590 (0.7271) acc 82.0312 (80.1758) loss_ce 0.6590 (0.7271) lr 9.9956e-02 eta 0:13:51
epoch [5/300] batch [5/6] time 0.183 (0.412) data 0.000 (0.192) loss 0.5269 (0.6870) acc 87.8906 (81.7188) loss_ce 0.5269 (0.6870) lr 9.9956e-02 eta 0:12:09
epoch [5/300] batch [6/6] time 0.160 (0.370) data 0.000 (0.160) loss 0.6821 (0.6862) acc 80.0781 (81.4453) loss_ce 0.6821 (0.6862) lr 9.9931e-02 eta 0:10:54
epoch [6/300] batch [1/6] time 1.179 (1.179) data 0.914 (0.914) loss 0.7508 (0.7508) acc 79.6875 (79.6875) loss_ce 0.7508 (0.7508) lr 9.9931e-02 eta 0:34:46
epoch [6/300] batch [2/6] time 0.275 (0.727) data 0.000 (0.457) loss 0.7671 (0.7589) acc 78.9062 (79.2969) loss_ce 0.7671 (0.7589) lr 9.9931e-02 eta 0:21:25
epoch [6/300] batch [3/6] time 0.195 (0.550) data 0.000 (0.305) loss 0.8248 (0.7809) acc 77.3438 (78.6458) loss_ce 0.8248 (0.7809) lr 9.9931e-02 eta 0:16:11
epoch [6/300] batch [4/6] time 0.183 (0.458) data 0.000 (0.229) loss 0.7862 (0.7822) acc 80.4688 (79.1016) loss_ce 0.7862 (0.7822) lr 9.9931e-02 eta 0:13:29
epoch [6/300] batch [5/6] time 0.133 (0.393) data 0.000 (0.183) loss 0.8213 (0.7900) acc 78.1250 (78.9062) loss_ce 0.8213 (0.7900) lr 9.9931e-02 eta 0:11:34
epoch [6/300] batch [6/6] time 0.088 (0.342) data 0.000 (0.153) loss 0.7292 (0.7799) acc 79.2969 (78.9714) loss_ce 0.7292 (0.7799) lr 9.9901e-02 eta 0:10:03
epoch [7/300] batch [1/6] time 1.216 (1.216) data 0.938 (0.938) loss 0.8118 (0.8118) acc 78.5156 (78.5156) loss_ce 0.8118 (0.8118) lr 9.9901e-02 eta 0:35:43
epoch [7/300] batch [2/6] time 0.291 (0.753) data 0.000 (0.469) loss 0.6545 (0.7332) acc 80.8594 (79.6875) loss_ce 0.6545 (0.7332) lr 9.9901e-02 eta 0:22:07
epoch [7/300] batch [3/6] time 0.185 (0.564) data 0.000 (0.313) loss 0.7037 (0.7234) acc 79.6875 (79.6875) loss_ce 0.7037 (0.7234) lr 9.9901e-02 eta 0:16:32
epoch [7/300] batch [4/6] time 0.183 (0.469) data 0.000 (0.235) loss 0.7009 (0.7177) acc 80.8594 (79.9805) loss_ce 0.7009 (0.7177) lr 9.9901e-02 eta 0:13:44
epoch [7/300] batch [5/6] time 0.100 (0.395) data 0.000 (0.188) loss 0.9008 (0.7543) acc 76.1719 (79.2188) loss_ce 0.9008 (0.7543) lr 9.9901e-02 eta 0:11:34
epoch [7/300] batch [6/6] time 0.088 (0.344) data 0.000 (0.156) loss 0.7667 (0.7564) acc 78.5156 (79.1016) loss_ce 0.7667 (0.7564) lr 9.9866e-02 eta 0:10:04
epoch [8/300] batch [1/6] time 1.336 (1.336) data 1.061 (1.061) loss 0.7010 (0.7010) acc 82.8125 (82.8125) loss_ce 0.7010 (0.7010) lr 9.9866e-02 eta 0:39:07
epoch [8/300] batch [2/6] time 0.188 (0.762) data 0.000 (0.530) loss 0.7278 (0.7144) acc 80.0781 (81.4453) loss_ce 0.7278 (0.7144) lr 9.9866e-02 eta 0:22:18
epoch [8/300] batch [3/6] time 0.183 (0.569) data 0.000 (0.354) loss 0.6844 (0.7044) acc 81.6406 (81.5104) loss_ce 0.6844 (0.7044) lr 9.9866e-02 eta 0:16:39
epoch [8/300] batch [4/6] time 0.183 (0.473) data 0.000 (0.265) loss 0.6507 (0.6910) acc 84.3750 (82.2266) loss_ce 0.6507 (0.6910) lr 9.9866e-02 eta 0:13:49
epoch [8/300] batch [5/6] time 0.129 (0.404) data 0.000 (0.212) loss 0.5912 (0.6710) acc 83.9844 (82.5781) loss_ce 0.5912 (0.6710) lr 9.9866e-02 eta 0:11:48
epoch [8/300] batch [6/6] time 0.089 (0.351) data 0.000 (0.177) loss 0.8036 (0.6931) acc 77.7344 (81.7708) loss_ce 0.8036 (0.6931) lr 9.9825e-02 eta 0:10:15
epoch [9/300] batch [1/6] time 1.360 (1.360) data 1.083 (1.083) loss 0.6496 (0.6496) acc 84.3750 (84.3750) loss_ce 0.6496 (0.6496) lr 9.9825e-02 eta 0:39:40
epoch [9/300] batch [2/6] time 0.216 (0.788) data 0.000 (0.542) loss 0.6584 (0.6540) acc 82.8125 (83.5938) loss_ce 0.6584 (0.6540) lr 9.9825e-02 eta 0:22:58
epoch [9/300] batch [3/6] time 0.184 (0.586) data 0.000 (0.361) loss 0.7508 (0.6863) acc 77.3438 (81.5104) loss_ce 0.7508 (0.6863) lr 9.9825e-02 eta 0:17:05
epoch [9/300] batch [4/6] time 0.189 (0.487) data 0.000 (0.271) loss 0.7213 (0.6950) acc 79.2969 (80.9570) loss_ce 0.7213 (0.6950) lr 9.9825e-02 eta 0:14:11
epoch [9/300] batch [5/6] time 0.088 (0.407) data 0.000 (0.217) loss 0.7133 (0.6987) acc 82.0312 (81.1719) loss_ce 0.7133 (0.6987) lr 9.9825e-02 eta 0:11:51
epoch [9/300] batch [6/6] time 0.088 (0.354) data 0.000 (0.181) loss 0.7842 (0.7129) acc 78.1250 (80.6641) loss_ce 0.7842 (0.7129) lr 9.9778e-02 eta 0:10:18
epoch [10/300] batch [1/6] time 1.195 (1.195) data 0.944 (0.944) loss 0.6980 (0.6980) acc 83.5938 (83.5938) loss_ce 0.6980 (0.6980) lr 9.9778e-02 eta 0:34:44
epoch [10/300] batch [2/6] time 0.309 (0.752) data 0.000 (0.472) loss 0.6812 (0.6896) acc 80.4688 (82.0312) loss_ce 0.6812 (0.6896) lr 9.9778e-02 eta 0:21:51
epoch [10/300] batch [3/6] time 0.196 (0.566) data 0.000 (0.315) loss 0.6811 (0.6868) acc 79.6875 (81.2500) loss_ce 0.6811 (0.6868) lr 9.9778e-02 eta 0:16:27
epoch [10/300] batch [4/6] time 0.131 (0.458) data 0.000 (0.236) loss 0.6337 (0.6735) acc 83.5938 (81.8359) loss_ce 0.6337 (0.6735) lr 9.9778e-02 eta 0:13:17
epoch [10/300] batch [5/6] time 0.088 (0.384) data 0.000 (0.189) loss 0.7378 (0.6864) acc 79.6875 (81.4062) loss_ce 0.7378 (0.6864) lr 9.9778e-02 eta 0:11:08
epoch [10/300] batch [6/6] time 0.088 (0.335) data 0.000 (0.158) loss 0.6474 (0.6799) acc 81.2500 (81.3802) loss_ce 0.6474 (0.6799) lr 9.9726e-02 eta 0:09:42
epoch [11/300] batch [1/6] time 1.155 (1.155) data 0.961 (0.961) loss 0.4865 (0.4865) acc 88.2812 (88.2812) loss_ce 0.4865 (0.4865) lr 9.9726e-02 eta 0:33:28
epoch [11/300] batch [2/6] time 0.276 (0.715) data 0.000 (0.481) loss 0.6084 (0.5475) acc 82.4219 (85.3516) loss_ce 0.6084 (0.5475) lr 9.9726e-02 eta 0:20:43
epoch [11/300] batch [3/6] time 0.267 (0.566) data 0.000 (0.321) loss 0.7080 (0.6010) acc 80.0781 (83.5938) loss_ce 0.7080 (0.6010) lr 9.9726e-02 eta 0:16:22
epoch [11/300] batch [4/6] time 0.183 (0.470) data 0.000 (0.240) loss 0.7838 (0.6467) acc 80.4688 (82.8125) loss_ce 0.7838 (0.6467) lr 9.9726e-02 eta 0:13:36
epoch [11/300] batch [5/6] time 0.119 (0.400) data 0.000 (0.192) loss 0.8248 (0.6823) acc 78.5156 (81.9531) loss_ce 0.8248 (0.6823) lr 9.9726e-02 eta 0:11:34
epoch [11/300] batch [6/6] time 0.089 (0.348) data 0.000 (0.160) loss 0.7013 (0.6855) acc 80.8594 (81.7708) loss_ce 0.7013 (0.6855) lr 9.9669e-02 eta 0:10:03
epoch [12/300] batch [1/6] time 1.398 (1.398) data 1.121 (1.121) loss 0.7094 (0.7094) acc 80.8594 (80.8594) loss_ce 0.7094 (0.7094) lr 9.9669e-02 eta 0:40:23
epoch [12/300] batch [2/6] time 0.239 (0.819) data 0.000 (0.561) loss 0.6121 (0.6607) acc 82.8125 (81.8359) loss_ce 0.6121 (0.6607) lr 9.9669e-02 eta 0:23:37
epoch [12/300] batch [3/6] time 0.183 (0.607) data 0.000 (0.374) loss 0.6658 (0.6624) acc 80.4688 (81.3802) loss_ce 0.6658 (0.6624) lr 9.9669e-02 eta 0:17:30
epoch [12/300] batch [4/6] time 0.127 (0.487) data 0.000 (0.280) loss 0.6630 (0.6626) acc 82.4219 (81.6406) loss_ce 0.6630 (0.6626) lr 9.9669e-02 eta 0:14:01
epoch [12/300] batch [5/6] time 0.089 (0.407) data 0.000 (0.224) loss 0.7590 (0.6818) acc 82.0312 (81.7188) loss_ce 0.7590 (0.6818) lr 9.9669e-02 eta 0:11:43
epoch [12/300] batch [6/6] time 0.089 (0.354) data 0.000 (0.187) loss 0.6697 (0.6798) acc 81.6406 (81.7057) loss_ce 0.6697 (0.6798) lr 9.9606e-02 eta 0:10:11
epoch [13/300] batch [1/6] time 1.212 (1.212) data 0.942 (0.942) loss 0.7492 (0.7492) acc 81.6406 (81.6406) loss_ce 0.7492 (0.7492) lr 9.9606e-02 eta 0:34:53
epoch [13/300] batch [2/6] time 0.285 (0.749) data 0.000 (0.471) loss 0.5785 (0.6638) acc 83.5938 (82.6172) loss_ce 0.5785 (0.6638) lr 9.9606e-02 eta 0:21:32
epoch [13/300] batch [3/6] time 0.184 (0.560) data 0.000 (0.314) loss 0.6259 (0.6512) acc 80.8594 (82.0312) loss_ce 0.6259 (0.6512) lr 9.9606e-02 eta 0:16:06
epoch [13/300] batch [4/6] time 0.184 (0.466) data 0.000 (0.236) loss 0.7016 (0.6638) acc 83.2031 (82.3242) loss_ce 0.7016 (0.6638) lr 9.9606e-02 eta 0:13:23
epoch [13/300] batch [5/6] time 0.110 (0.395) data 0.000 (0.189) loss 0.6372 (0.6585) acc 81.2500 (82.1094) loss_ce 0.6372 (0.6585) lr 9.9606e-02 eta 0:11:20
epoch [13/300] batch [6/6] time 0.089 (0.344) data 0.000 (0.157) loss 0.6801 (0.6621) acc 80.8594 (81.9010) loss_ce 0.6801 (0.6621) lr 9.9537e-02 eta 0:09:52
epoch [14/300] batch [1/6] time 1.173 (1.173) data 0.946 (0.946) loss 0.5735 (0.5735) acc 83.5938 (83.5938) loss_ce 0.5735 (0.5735) lr 9.9537e-02 eta 0:33:39
epoch [14/300] batch [2/6] time 0.276 (0.724) data 0.000 (0.473) loss 0.5780 (0.5757) acc 86.3281 (84.9609) loss_ce 0.5780 (0.5757) lr 9.9537e-02 eta 0:20:46
epoch [14/300] batch [3/6] time 0.216 (0.555) data 0.000 (0.315) loss 0.5553 (0.5689) acc 84.3750 (84.7656) loss_ce 0.5553 (0.5689) lr 9.9537e-02 eta 0:15:53
epoch [14/300] batch [4/6] time 0.183 (0.462) data 0.000 (0.237) loss 0.7328 (0.6099) acc 80.4688 (83.6914) loss_ce 0.7328 (0.6099) lr 9.9537e-02 eta 0:13:13
epoch [14/300] batch [5/6] time 0.134 (0.396) data 0.000 (0.189) loss 0.7258 (0.6331) acc 79.2969 (82.8125) loss_ce 0.7258 (0.6331) lr 9.9537e-02 eta 0:11:20
epoch [14/300] batch [6/6] time 0.089 (0.345) data 0.000 (0.158) loss 0.6671 (0.6387) acc 84.7656 (83.1380) loss_ce 0.6671 (0.6387) lr 9.9464e-02 eta 0:09:52
epoch [15/300] batch [1/6] time 1.111 (1.111) data 0.913 (0.913) loss 0.6610 (0.6610) acc 82.8125 (82.8125) loss_ce 0.6610 (0.6610) lr 9.9464e-02 eta 0:31:45
epoch [15/300] batch [2/6] time 0.276 (0.694) data 0.000 (0.457) loss 0.6395 (0.6502) acc 85.1562 (83.9844) loss_ce 0.6395 (0.6502) lr 9.9464e-02 eta 0:19:48
epoch [15/300] batch [3/6] time 0.254 (0.547) data 0.000 (0.305) loss 0.6418 (0.6474) acc 82.0312 (83.3333) loss_ce 0.6418 (0.6474) lr 9.9464e-02 eta 0:15:37
epoch [15/300] batch [4/6] time 0.183 (0.456) data 0.000 (0.228) loss 0.6891 (0.6578) acc 81.2500 (82.8125) loss_ce 0.6891 (0.6578) lr 9.9464e-02 eta 0:13:00
epoch [15/300] batch [5/6] time 0.184 (0.402) data 0.000 (0.183) loss 0.6744 (0.6612) acc 81.2500 (82.5000) loss_ce 0.6744 (0.6612) lr 9.9464e-02 eta 0:11:27
epoch [15/300] batch [6/6] time 0.108 (0.353) data 0.000 (0.152) loss 0.6684 (0.6624) acc 82.8125 (82.5521) loss_ce 0.6684 (0.6624) lr 9.9384e-02 eta 0:10:03
epoch [16/300] batch [1/6] time 1.139 (1.139) data 0.945 (0.945) loss 0.6716 (0.6716) acc 83.2031 (83.2031) loss_ce 0.6716 (0.6716) lr 9.9384e-02 eta 0:32:25
epoch [16/300] batch [2/6] time 0.289 (0.714) data 0.000 (0.473) loss 0.7508 (0.7112) acc 80.4688 (81.8359) loss_ce 0.7508 (0.7112) lr 9.9384e-02 eta 0:20:19
epoch [16/300] batch [3/6] time 0.260 (0.563) data 0.000 (0.315) loss 0.6860 (0.7028) acc 82.4219 (82.0312) loss_ce 0.6860 (0.7028) lr 9.9384e-02 eta 0:16:00
epoch [16/300] batch [4/6] time 0.184 (0.468) data 0.000 (0.236) loss 0.7167 (0.7063) acc 82.0312 (82.0312) loss_ce 0.7167 (0.7063) lr 9.9384e-02 eta 0:13:18
epoch [16/300] batch [5/6] time 0.139 (0.402) data 0.000 (0.189) loss 0.6286 (0.6907) acc 82.0312 (82.0312) loss_ce 0.6286 (0.6907) lr 9.9384e-02 eta 0:11:25
epoch [16/300] batch [6/6] time 0.088 (0.350) data 0.000 (0.158) loss 0.6816 (0.6892) acc 82.8125 (82.1615) loss_ce 0.6816 (0.6892) lr 9.9300e-02 eta 0:09:55
epoch [17/300] batch [1/6] time 1.193 (1.193) data 0.921 (0.921) loss 0.7884 (0.7884) acc 80.4688 (80.4688) loss_ce 0.7884 (0.7884) lr 9.9300e-02 eta 0:33:52
epoch [17/300] batch [2/6] time 0.272 (0.733) data 0.000 (0.461) loss 0.7377 (0.7630) acc 77.7344 (79.1016) loss_ce 0.7377 (0.7630) lr 9.9300e-02 eta 0:20:47
epoch [17/300] batch [3/6] time 0.272 (0.579) data 0.000 (0.307) loss 0.6531 (0.7264) acc 85.9375 (81.3802) loss_ce 0.6531 (0.7264) lr 9.9300e-02 eta 0:16:25
epoch [17/300] batch [4/6] time 0.187 (0.481) data 0.000 (0.230) loss 0.6844 (0.7159) acc 81.2500 (81.3477) loss_ce 0.6844 (0.7159) lr 9.9300e-02 eta 0:13:38
epoch [17/300] batch [5/6] time 0.184 (0.422) data 0.000 (0.184) loss 0.6448 (0.7017) acc 81.6406 (81.4062) loss_ce 0.6448 (0.7017) lr 9.9300e-02 eta 0:11:56
epoch [17/300] batch [6/6] time 0.117 (0.371) data 0.000 (0.154) loss 0.5639 (0.6787) acc 83.9844 (81.8359) loss_ce 0.5639 (0.6787) lr 9.9210e-02 eta 0:10:29
epoch [18/300] batch [1/6] time 1.156 (1.156) data 0.965 (0.965) loss 0.7946 (0.7946) acc 77.3438 (77.3438) loss_ce 0.7946 (0.7946) lr 9.9210e-02 eta 0:32:41
epoch [18/300] batch [2/6] time 0.280 (0.718) data 0.000 (0.483) loss 0.7380 (0.7663) acc 80.8594 (79.1016) loss_ce 0.7380 (0.7663) lr 9.9210e-02 eta 0:20:17
epoch [18/300] batch [3/6] time 0.276 (0.571) data 0.000 (0.322) loss 0.7576 (0.7634) acc 80.8594 (79.6875) loss_ce 0.7576 (0.7634) lr 9.9210e-02 eta 0:16:07
epoch [18/300] batch [4/6] time 0.184 (0.474) data 0.000 (0.241) loss 0.4963 (0.6966) acc 87.8906 (81.7383) loss_ce 0.4963 (0.6966) lr 9.9210e-02 eta 0:13:22
epoch [18/300] batch [5/6] time 0.184 (0.416) data 0.000 (0.193) loss 0.6527 (0.6878) acc 80.8594 (81.5625) loss_ce 0.6527 (0.6878) lr 9.9210e-02 eta 0:11:44
epoch [18/300] batch [6/6] time 0.091 (0.362) data 0.000 (0.161) loss 0.6767 (0.6860) acc 81.2500 (81.5104) loss_ce 0.6767 (0.6860) lr 9.9114e-02 eta 0:10:12
epoch [19/300] batch [1/6] time 1.018 (1.018) data 0.838 (0.838) loss 0.7617 (0.7617) acc 79.2969 (79.2969) loss_ce 0.7617 (0.7617) lr 9.9114e-02 eta 0:28:41
epoch [19/300] batch [2/6] time 0.206 (0.612) data 0.000 (0.419) loss 0.6211 (0.6914) acc 81.2500 (80.2734) loss_ce 0.6211 (0.6914) lr 9.9114e-02 eta 0:17:13
epoch [19/300] batch [3/6] time 0.281 (0.501) data 0.000 (0.279) loss 0.6370 (0.6733) acc 80.8594 (80.4688) loss_ce 0.6370 (0.6733) lr 9.9114e-02 eta 0:14:06
epoch [19/300] batch [4/6] time 0.252 (0.439) data 0.000 (0.210) loss 0.6499 (0.6674) acc 83.9844 (81.3477) loss_ce 0.6499 (0.6674) lr 9.9114e-02 eta 0:12:21
epoch [19/300] batch [5/6] time 0.184 (0.388) data 0.000 (0.168) loss 0.6583 (0.6656) acc 82.4219 (81.5625) loss_ce 0.6583 (0.6656) lr 9.9114e-02 eta 0:10:54
epoch [19/300] batch [6/6] time 0.184 (0.354) data 0.000 (0.140) loss 0.6466 (0.6624) acc 81.6406 (81.5755) loss_ce 0.6466 (0.6624) lr 9.9014e-02 eta 0:09:56
epoch [20/300] batch [1/6] time 1.055 (1.055) data 0.901 (0.901) loss 0.6798 (0.6798) acc 82.8125 (82.8125) loss_ce 0.6798 (0.6798) lr 9.9014e-02 eta 0:29:36
epoch [20/300] batch [2/6] time 0.223 (0.639) data 0.001 (0.451) loss 0.5785 (0.6292) acc 85.5469 (84.1797) loss_ce 0.5785 (0.6292) lr 9.9014e-02 eta 0:17:56
epoch [20/300] batch [3/6] time 0.299 (0.526) data 0.000 (0.301) loss 0.6982 (0.6522) acc 81.2500 (83.2031) loss_ce 0.6982 (0.6522) lr 9.9014e-02 eta 0:14:44
epoch [20/300] batch [4/6] time 0.226 (0.451) data 0.000 (0.226) loss 0.7214 (0.6695) acc 81.6406 (82.8125) loss_ce 0.7214 (0.6695) lr 9.9014e-02 eta 0:12:38
epoch [20/300] batch [5/6] time 0.184 (0.397) data 0.000 (0.180) loss 0.6446 (0.6645) acc 82.0312 (82.6562) loss_ce 0.6446 (0.6645) lr 9.9014e-02 eta 0:11:07
epoch [20/300] batch [6/6] time 0.184 (0.362) data 0.000 (0.150) loss 0.7791 (0.6836) acc 78.1250 (81.9010) loss_ce 0.7791 (0.6836) lr 9.8907e-02 eta 0:10:07
epoch [21/300] batch [1/6] time 1.079 (1.079) data 0.912 (0.912) loss 0.7826 (0.7826) acc 79.2969 (79.2969) loss_ce 0.7826 (0.7826) lr 9.8907e-02 eta 0:30:11
epoch [21/300] batch [2/6] time 0.247 (0.663) data 0.001 (0.456) loss 0.5474 (0.6650) acc 83.9844 (81.6406) loss_ce 0.5474 (0.6650) lr 9.8907e-02 eta 0:18:32
epoch [21/300] batch [3/6] time 0.279 (0.535) data 0.000 (0.304) loss 0.6504 (0.6601) acc 81.6406 (81.6406) loss_ce 0.6504 (0.6601) lr 9.8907e-02 eta 0:14:57
epoch [21/300] batch [4/6] time 0.215 (0.455) data 0.000 (0.228) loss 0.5803 (0.6402) acc 84.7656 (82.4219) loss_ce 0.5803 (0.6402) lr 9.8907e-02 eta 0:12:42
epoch [21/300] batch [5/6] time 0.190 (0.402) data 0.000 (0.183) loss 0.5785 (0.6278) acc 83.2031 (82.5781) loss_ce 0.5785 (0.6278) lr 9.8907e-02 eta 0:11:13
epoch [21/300] batch [6/6] time 0.188 (0.366) data 0.000 (0.152) loss 0.7551 (0.6490) acc 81.6406 (82.4219) loss_ce 0.7551 (0.6490) lr 9.8796e-02 eta 0:10:13
epoch [22/300] batch [1/6] time 0.980 (0.980) data 0.890 (0.890) loss 0.7200 (0.7200) acc 82.8125 (82.8125) loss_ce 0.7200 (0.7200) lr 9.8796e-02 eta 0:27:19
epoch [22/300] batch [2/6] time 0.192 (0.586) data 0.001 (0.445) loss 0.5390 (0.6295) acc 86.3281 (84.5703) loss_ce 0.5390 (0.6295) lr 9.8796e-02 eta 0:16:19
epoch [22/300] batch [3/6] time 0.276 (0.483) data 0.000 (0.297) loss 0.6980 (0.6523) acc 82.0312 (83.7240) loss_ce 0.6980 (0.6523) lr 9.8796e-02 eta 0:13:26
epoch [22/300] batch [4/6] time 0.250 (0.425) data 0.000 (0.223) loss 0.5745 (0.6329) acc 82.8125 (83.4961) loss_ce 0.5745 (0.6329) lr 9.8796e-02 eta 0:11:48
epoch [22/300] batch [5/6] time 0.184 (0.376) data 0.000 (0.178) loss 0.7375 (0.6538) acc 79.6875 (82.7344) loss_ce 0.7375 (0.6538) lr 9.8796e-02 eta 0:10:28
epoch [22/300] batch [6/6] time 0.184 (0.344) data 0.000 (0.149) loss 0.5667 (0.6393) acc 85.5469 (83.2031) loss_ce 0.5667 (0.6393) lr 9.8679e-02 eta 0:09:34
epoch [23/300] batch [1/6] time 0.971 (0.971) data 0.882 (0.882) loss 0.5308 (0.5308) acc 85.5469 (85.5469) loss_ce 0.5308 (0.5308) lr 9.8679e-02 eta 0:26:59
epoch [23/300] batch [2/6] time 0.111 (0.541) data 0.001 (0.441) loss 0.4712 (0.5010) acc 86.3281 (85.9375) loss_ce 0.4712 (0.5010) lr 9.8679e-02 eta 0:15:01
epoch [23/300] batch [3/6] time 0.253 (0.445) data 0.000 (0.294) loss 0.6021 (0.5347) acc 83.2031 (85.0260) loss_ce 0.6021 (0.5347) lr 9.8679e-02 eta 0:12:20
epoch [23/300] batch [4/6] time 0.304 (0.410) data 0.000 (0.221) loss 0.7426 (0.5867) acc 81.6406 (84.1797) loss_ce 0.7426 (0.5867) lr 9.8679e-02 eta 0:11:21
epoch [23/300] batch [5/6] time 0.190 (0.366) data 0.000 (0.177) loss 0.6038 (0.5901) acc 84.7656 (84.2969) loss_ce 0.6038 (0.5901) lr 9.8679e-02 eta 0:10:08
epoch [23/300] batch [6/6] time 0.184 (0.336) data 0.000 (0.147) loss 0.6529 (0.6006) acc 82.8125 (84.0495) loss_ce 0.6529 (0.6006) lr 9.8557e-02 eta 0:09:17
epoch [24/300] batch [1/6] time 0.966 (0.966) data 0.869 (0.869) loss 0.6810 (0.6810) acc 82.0312 (82.0312) loss_ce 0.6810 (0.6810) lr 9.8557e-02 eta 0:26:44
epoch [24/300] batch [2/6] time 0.119 (0.542) data 0.031 (0.450) loss 0.6692 (0.6751) acc 82.0312 (82.0312) loss_ce 0.6692 (0.6751) lr 9.8557e-02 eta 0:15:00
epoch [24/300] batch [3/6] time 0.204 (0.430) data 0.000 (0.300) loss 0.6189 (0.6564) acc 85.9375 (83.3333) loss_ce 0.6189 (0.6564) lr 9.8557e-02 eta 0:11:52
epoch [24/300] batch [4/6] time 0.290 (0.395) data 0.000 (0.225) loss 0.5908 (0.6400) acc 85.9375 (83.9844) loss_ce 0.5908 (0.6400) lr 9.8557e-02 eta 0:10:54
epoch [24/300] batch [5/6] time 0.204 (0.356) data 0.000 (0.180) loss 0.5910 (0.6302) acc 83.5938 (83.9062) loss_ce 0.5910 (0.6302) lr 9.8557e-02 eta 0:09:50
epoch [24/300] batch [6/6] time 0.185 (0.328) data 0.000 (0.150) loss 0.7731 (0.6540) acc 80.4688 (83.3333) loss_ce 0.7731 (0.6540) lr 9.8429e-02 eta 0:09:02
epoch [25/300] batch [1/6] time 1.123 (1.123) data 0.932 (0.932) loss 0.6598 (0.6598) acc 81.6406 (81.6406) loss_ce 0.6598 (0.6598) lr 9.8429e-02 eta 0:30:57
epoch [25/300] batch [2/6] time 0.151 (0.637) data 0.000 (0.466) loss 0.6327 (0.6463) acc 83.2031 (82.4219) loss_ce 0.6327 (0.6463) lr 9.8429e-02 eta 0:17:32
epoch [25/300] batch [3/6] time 0.273 (0.515) data 0.000 (0.311) loss 0.5917 (0.6281) acc 86.3281 (83.7240) loss_ce 0.5917 (0.6281) lr 9.8429e-02 eta 0:14:11
epoch [25/300] batch [4/6] time 0.296 (0.461) data 0.000 (0.233) loss 0.6627 (0.6367) acc 82.0312 (83.3008) loss_ce 0.6627 (0.6367) lr 9.8429e-02 eta 0:12:40
epoch [25/300] batch [5/6] time 0.185 (0.405) data 0.000 (0.187) loss 0.5609 (0.6216) acc 87.5000 (84.1406) loss_ce 0.5609 (0.6216) lr 9.8429e-02 eta 0:11:09
epoch [25/300] batch [6/6] time 0.184 (0.369) data 0.000 (0.155) loss 0.6175 (0.6209) acc 85.5469 (84.3750) loss_ce 0.6175 (0.6209) lr 9.8296e-02 eta 0:10:08
epoch [26/300] batch [1/6] time 1.066 (1.066) data 0.976 (0.976) loss 0.7244 (0.7244) acc 83.9844 (83.9844) loss_ce 0.7244 (0.7244) lr 9.8296e-02 eta 0:29:17
epoch [26/300] batch [2/6] time 0.089 (0.578) data 0.001 (0.488) loss 0.5439 (0.6342) acc 83.5938 (83.7891) loss_ce 0.5439 (0.6342) lr 9.8296e-02 eta 0:15:52
epoch [26/300] batch [3/6] time 0.164 (0.440) data 0.000 (0.326) loss 0.6225 (0.6303) acc 82.4219 (83.3333) loss_ce 0.6225 (0.6303) lr 9.8296e-02 eta 0:12:04
epoch [26/300] batch [4/6] time 0.277 (0.399) data 0.000 (0.244) loss 0.5387 (0.6074) acc 84.7656 (83.6914) loss_ce 0.5387 (0.6074) lr 9.8296e-02 eta 0:10:57
epoch [26/300] batch [5/6] time 0.271 (0.374) data 0.000 (0.195) loss 0.6811 (0.6221) acc 82.0312 (83.3594) loss_ce 0.6811 (0.6221) lr 9.8296e-02 eta 0:10:14
epoch [26/300] batch [6/6] time 0.185 (0.342) data 0.000 (0.163) loss 0.7288 (0.6399) acc 82.4219 (83.2031) loss_ce 0.7288 (0.6399) lr 9.8158e-02 eta 0:09:22
epoch [27/300] batch [1/6] time 1.092 (1.092) data 0.908 (0.908) loss 0.7762 (0.7762) acc 78.9062 (78.9062) loss_ce 0.7762 (0.7762) lr 9.8158e-02 eta 0:29:54
epoch [27/300] batch [2/6] time 0.225 (0.659) data 0.000 (0.454) loss 0.5525 (0.6643) acc 85.9375 (82.4219) loss_ce 0.5525 (0.6643) lr 9.8158e-02 eta 0:18:01
epoch [27/300] batch [3/6] time 0.280 (0.532) data 0.000 (0.303) loss 0.6175 (0.6487) acc 84.7656 (83.2031) loss_ce 0.6175 (0.6487) lr 9.8158e-02 eta 0:14:33
epoch [27/300] batch [4/6] time 0.280 (0.469) data 0.000 (0.227) loss 0.6440 (0.6476) acc 82.8125 (83.1055) loss_ce 0.6440 (0.6476) lr 9.8158e-02 eta 0:12:49
epoch [27/300] batch [5/6] time 0.185 (0.412) data 0.000 (0.182) loss 0.7533 (0.6687) acc 80.8594 (82.6562) loss_ce 0.7533 (0.6687) lr 9.8158e-02 eta 0:11:15
epoch [27/300] batch [6/6] time 0.185 (0.374) data 0.000 (0.151) loss 0.6521 (0.6659) acc 81.6406 (82.4870) loss_ce 0.6521 (0.6659) lr 9.8015e-02 eta 0:10:13
epoch [28/300] batch [1/6] time 1.017 (1.017) data 0.928 (0.928) loss 0.6319 (0.6319) acc 83.9844 (83.9844) loss_ce 0.6319 (0.6319) lr 9.8015e-02 eta 0:27:45
epoch [28/300] batch [2/6] time 0.117 (0.567) data 0.001 (0.464) loss 0.5862 (0.6090) acc 86.3281 (85.1562) loss_ce 0.5862 (0.6090) lr 9.8015e-02 eta 0:15:27
epoch [28/300] batch [3/6] time 0.260 (0.465) data 0.000 (0.309) loss 0.7433 (0.6538) acc 80.4688 (83.5938) loss_ce 0.7433 (0.6538) lr 9.8015e-02 eta 0:12:39
epoch [28/300] batch [4/6] time 0.277 (0.418) data 0.000 (0.232) loss 0.4568 (0.6046) acc 89.0625 (84.9609) loss_ce 0.4568 (0.6046) lr 9.8015e-02 eta 0:11:22
epoch [28/300] batch [5/6] time 0.202 (0.375) data 0.000 (0.186) loss 0.6711 (0.6179) acc 83.9844 (84.7656) loss_ce 0.6711 (0.6179) lr 9.8015e-02 eta 0:10:11
epoch [28/300] batch [6/6] time 0.185 (0.343) data 0.000 (0.155) loss 0.6634 (0.6255) acc 82.4219 (84.3750) loss_ce 0.6634 (0.6255) lr 9.7866e-02 eta 0:09:19
epoch [29/300] batch [1/6] time 1.136 (1.136) data 1.022 (1.022) loss 0.7531 (0.7531) acc 80.0781 (80.0781) loss_ce 0.7531 (0.7531) lr 9.7866e-02 eta 0:30:52
epoch [29/300] batch [2/6] time 0.270 (0.703) data 0.000 (0.511) loss 0.5860 (0.6696) acc 83.5938 (81.8359) loss_ce 0.5860 (0.6696) lr 9.7866e-02 eta 0:19:06
epoch [29/300] batch [3/6] time 0.277 (0.561) data 0.000 (0.341) loss 0.6573 (0.6655) acc 82.8125 (82.1615) loss_ce 0.6573 (0.6655) lr 9.7866e-02 eta 0:15:14
epoch [29/300] batch [4/6] time 0.191 (0.469) data 0.000 (0.256) loss 0.7297 (0.6816) acc 80.4688 (81.7383) loss_ce 0.7297 (0.6816) lr 9.7866e-02 eta 0:12:42
epoch [29/300] batch [5/6] time 0.184 (0.412) data 0.000 (0.205) loss 0.4175 (0.6287) acc 89.0625 (83.2031) loss_ce 0.4175 (0.6287) lr 9.7866e-02 eta 0:11:09
epoch [29/300] batch [6/6] time 0.185 (0.374) data 0.000 (0.171) loss 0.7158 (0.6432) acc 81.2500 (82.8776) loss_ce 0.7158 (0.6432) lr 9.7712e-02 eta 0:10:08
epoch [30/300] batch [1/6] time 1.126 (1.126) data 0.976 (0.976) loss 0.7013 (0.7013) acc 79.6875 (79.6875) loss_ce 0.7013 (0.7013) lr 9.7712e-02 eta 0:30:30
epoch [30/300] batch [2/6] time 0.276 (0.701) data 0.000 (0.488) loss 0.6571 (0.6792) acc 84.3750 (82.0312) loss_ce 0.6571 (0.6792) lr 9.7712e-02 eta 0:18:58
epoch [30/300] batch [3/6] time 0.228 (0.544) data 0.000 (0.325) loss 0.7316 (0.6967) acc 81.2500 (81.7708) loss_ce 0.7316 (0.6967) lr 9.7712e-02 eta 0:14:42
epoch [30/300] batch [4/6] time 0.184 (0.454) data 0.000 (0.244) loss 0.5759 (0.6665) acc 86.7188 (83.0078) loss_ce 0.5759 (0.6665) lr 9.7712e-02 eta 0:12:16
epoch [30/300] batch [5/6] time 0.185 (0.400) data 0.000 (0.195) loss 0.5555 (0.6443) acc 84.7656 (83.3594) loss_ce 0.5555 (0.6443) lr 9.7712e-02 eta 0:10:48
epoch [30/300] batch [6/6] time 0.184 (0.364) data 0.000 (0.163) loss 0.6023 (0.6373) acc 82.0312 (83.1380) loss_ce 0.6023 (0.6373) lr 9.7553e-02 eta 0:09:49
epoch [31/300] batch [1/6] time 1.002 (1.002) data 0.834 (0.834) loss 0.5189 (0.5189) acc 85.5469 (85.5469) loss_ce 0.5189 (0.5189) lr 9.7553e-02 eta 0:27:02
epoch [31/300] batch [2/6] time 0.277 (0.640) data 0.000 (0.417) loss 0.4863 (0.5026) acc 88.2812 (86.9141) loss_ce 0.4863 (0.5026) lr 9.7553e-02 eta 0:17:14
epoch [31/300] batch [3/6] time 0.221 (0.500) data 0.000 (0.278) loss 0.6158 (0.5403) acc 83.5938 (85.8073) loss_ce 0.6158 (0.5403) lr 9.7553e-02 eta 0:13:28
epoch [31/300] batch [4/6] time 0.170 (0.418) data 0.000 (0.209) loss 0.6955 (0.5791) acc 80.8594 (84.5703) loss_ce 0.6955 (0.5791) lr 9.7553e-02 eta 0:11:14
epoch [31/300] batch [5/6] time 0.184 (0.371) data 0.000 (0.167) loss 0.4968 (0.5626) acc 86.7188 (85.0000) loss_ce 0.4968 (0.5626) lr 9.7553e-02 eta 0:09:59
epoch [31/300] batch [6/6] time 0.185 (0.340) data 0.000 (0.139) loss 0.5340 (0.5579) acc 86.3281 (85.2214) loss_ce 0.5340 (0.5579) lr 9.7388e-02 eta 0:09:08
epoch [32/300] batch [1/6] time 1.047 (1.047) data 0.879 (0.879) loss 0.7021 (0.7021) acc 80.0781 (80.0781) loss_ce 0.7021 (0.7021) lr 9.7388e-02 eta 0:28:08
epoch [32/300] batch [2/6] time 0.278 (0.663) data 0.001 (0.440) loss 0.6025 (0.6523) acc 83.5938 (81.8359) loss_ce 0.6025 (0.6523) lr 9.7388e-02 eta 0:17:48
epoch [32/300] batch [3/6] time 0.244 (0.523) data 0.000 (0.293) loss 0.5369 (0.6138) acc 86.3281 (83.3333) loss_ce 0.5369 (0.6138) lr 9.7388e-02 eta 0:14:02
epoch [32/300] batch [4/6] time 0.185 (0.439) data 0.000 (0.220) loss 0.6426 (0.6210) acc 83.2031 (83.3008) loss_ce 0.6426 (0.6210) lr 9.7388e-02 eta 0:11:45
epoch [32/300] batch [5/6] time 0.184 (0.388) data 0.000 (0.176) loss 0.6151 (0.6198) acc 85.9375 (83.8281) loss_ce 0.6151 (0.6198) lr 9.7388e-02 eta 0:10:23
epoch [32/300] batch [6/6] time 0.185 (0.354) data 0.000 (0.147) loss 0.6015 (0.6168) acc 84.3750 (83.9193) loss_ce 0.6015 (0.6168) lr 9.7219e-02 eta 0:09:28
epoch [33/300] batch [1/6] time 1.178 (1.178) data 0.980 (0.980) loss 0.6684 (0.6684) acc 84.3750 (84.3750) loss_ce 0.6684 (0.6684) lr 9.7219e-02 eta 0:31:32
epoch [33/300] batch [2/6] time 0.277 (0.728) data 0.000 (0.490) loss 0.7018 (0.6851) acc 82.0312 (83.2031) loss_ce 0.7018 (0.6851) lr 9.7219e-02 eta 0:19:28
epoch [33/300] batch [3/6] time 0.204 (0.553) data 0.000 (0.327) loss 0.5799 (0.6500) acc 83.9844 (83.4635) loss_ce 0.5799 (0.6500) lr 9.7219e-02 eta 0:14:47
epoch [33/300] batch [4/6] time 0.185 (0.461) data 0.000 (0.245) loss 0.5786 (0.6322) acc 84.3750 (83.6914) loss_ce 0.5786 (0.6322) lr 9.7219e-02 eta 0:12:19
epoch [33/300] batch [5/6] time 0.185 (0.406) data 0.000 (0.196) loss 0.6284 (0.6314) acc 85.1562 (83.9844) loss_ce 0.6284 (0.6314) lr 9.7219e-02 eta 0:10:50
epoch [33/300] batch [6/6] time 0.159 (0.365) data 0.000 (0.164) loss 0.6518 (0.6348) acc 80.8594 (83.4635) loss_ce 0.6518 (0.6348) lr 9.7044e-02 eta 0:09:43
epoch [34/300] batch [1/6] time 1.142 (1.142) data 0.880 (0.880) loss 0.6720 (0.6720) acc 83.2031 (83.2031) loss_ce 0.6720 (0.6720) lr 9.7044e-02 eta 0:30:27
epoch [34/300] batch [2/6] time 0.277 (0.709) data 0.000 (0.440) loss 0.4950 (0.5835) acc 87.8906 (85.5469) loss_ce 0.4950 (0.5835) lr 9.7044e-02 eta 0:18:54
epoch [34/300] batch [3/6] time 0.199 (0.539) data 0.000 (0.294) loss 0.6954 (0.6208) acc 83.5938 (84.8958) loss_ce 0.6954 (0.6208) lr 9.7044e-02 eta 0:14:22
epoch [34/300] batch [4/6] time 0.185 (0.451) data 0.000 (0.220) loss 0.7928 (0.6638) acc 82.4219 (84.2773) loss_ce 0.7928 (0.6638) lr 9.7044e-02 eta 0:12:00
epoch [34/300] batch [5/6] time 0.184 (0.397) data 0.000 (0.176) loss 0.6276 (0.6566) acc 82.8125 (83.9844) loss_ce 0.6276 (0.6566) lr 9.7044e-02 eta 0:10:34
epoch [34/300] batch [6/6] time 0.181 (0.361) data 0.000 (0.147) loss 0.5967 (0.6466) acc 85.5469 (84.2448) loss_ce 0.5967 (0.6466) lr 9.6864e-02 eta 0:09:36
epoch [35/300] batch [1/6] time 1.196 (1.196) data 0.988 (0.988) loss 0.6544 (0.6544) acc 83.2031 (83.2031) loss_ce 0.6544 (0.6544) lr 9.6864e-02 eta 0:31:48
epoch [35/300] batch [2/6] time 0.184 (0.690) data 0.000 (0.494) loss 0.5970 (0.6257) acc 87.1094 (85.1562) loss_ce 0.5970 (0.6257) lr 9.6864e-02 eta 0:18:20
epoch [35/300] batch [3/6] time 0.184 (0.522) data 0.000 (0.329) loss 0.6729 (0.6414) acc 84.3750 (84.8958) loss_ce 0.6729 (0.6414) lr 9.6864e-02 eta 0:13:51
epoch [35/300] batch [4/6] time 0.185 (0.437) data 0.000 (0.247) loss 0.5395 (0.6159) acc 85.9375 (85.1562) loss_ce 0.5395 (0.6159) lr 9.6864e-02 eta 0:11:36
epoch [35/300] batch [5/6] time 0.185 (0.387) data 0.000 (0.198) loss 0.5163 (0.5960) acc 87.1094 (85.5469) loss_ce 0.5163 (0.5960) lr 9.6864e-02 eta 0:10:15
epoch [35/300] batch [6/6] time 0.256 (0.365) data 0.000 (0.165) loss 0.5957 (0.5959) acc 84.3750 (85.3516) loss_ce 0.5957 (0.5959) lr 9.6679e-02 eta 0:09:40
epoch [36/300] batch [1/6] time 1.147 (1.147) data 0.963 (0.963) loss 0.5615 (0.5615) acc 85.9375 (85.9375) loss_ce 0.5615 (0.5615) lr 9.6679e-02 eta 0:30:22
epoch [36/300] batch [2/6] time 0.184 (0.665) data 0.000 (0.482) loss 0.6730 (0.6173) acc 84.3750 (85.1562) loss_ce 0.6730 (0.6173) lr 9.6679e-02 eta 0:17:36
epoch [36/300] batch [3/6] time 0.212 (0.514) data 0.000 (0.321) loss 0.6173 (0.6173) acc 84.3750 (84.8958) loss_ce 0.6173 (0.6173) lr 9.6679e-02 eta 0:13:36
epoch [36/300] batch [4/6] time 0.209 (0.438) data 0.000 (0.241) loss 0.5739 (0.6064) acc 83.2031 (84.4727) loss_ce 0.5739 (0.6064) lr 9.6679e-02 eta 0:11:34
epoch [36/300] batch [5/6] time 0.278 (0.406) data 0.000 (0.193) loss 0.5032 (0.5858) acc 87.5000 (85.0781) loss_ce 0.5032 (0.5858) lr 9.6679e-02 eta 0:10:43
epoch [36/300] batch [6/6] time 0.205 (0.372) data 0.000 (0.161) loss 0.5716 (0.5834) acc 84.3750 (84.9609) loss_ce 0.5716 (0.5834) lr 9.6489e-02 eta 0:09:49
epoch [37/300] batch [1/6] time 1.135 (1.135) data 0.951 (0.951) loss 0.7218 (0.7218) acc 82.4219 (82.4219) loss_ce 0.7218 (0.7218) lr 9.6489e-02 eta 0:29:56
epoch [37/300] batch [2/6] time 0.177 (0.656) data 0.000 (0.476) loss 0.4376 (0.5797) acc 91.0156 (86.7188) loss_ce 0.4376 (0.5797) lr 9.6489e-02 eta 0:17:18
epoch [37/300] batch [3/6] time 0.089 (0.467) data 0.000 (0.317) loss 0.6415 (0.6003) acc 83.9844 (85.8073) loss_ce 0.6415 (0.6003) lr 9.6489e-02 eta 0:12:18
epoch [37/300] batch [4/6] time 0.225 (0.407) data 0.000 (0.238) loss 0.6262 (0.6068) acc 82.4219 (84.9609) loss_ce 0.6262 (0.6068) lr 9.6489e-02 eta 0:10:42
epoch [37/300] batch [5/6] time 0.278 (0.381) data 0.000 (0.190) loss 0.6571 (0.6168) acc 82.8125 (84.5312) loss_ce 0.6571 (0.6168) lr 9.6489e-02 eta 0:10:01
epoch [37/300] batch [6/6] time 0.218 (0.354) data 0.000 (0.159) loss 0.4806 (0.5941) acc 87.5000 (85.0260) loss_ce 0.4806 (0.5941) lr 9.6294e-02 eta 0:09:18
epoch [38/300] batch [1/6] time 1.188 (1.188) data 1.000 (1.000) loss 0.4633 (0.4633) acc 89.0625 (89.0625) loss_ce 0.4633 (0.4633) lr 9.6294e-02 eta 0:31:13
epoch [38/300] batch [2/6] time 0.169 (0.678) data 0.000 (0.500) loss 0.6402 (0.5518) acc 83.2031 (86.1328) loss_ce 0.6402 (0.5518) lr 9.6294e-02 eta 0:17:49
epoch [38/300] batch [3/6] time 0.278 (0.545) data 0.000 (0.333) loss 0.7096 (0.6044) acc 83.2031 (85.1562) loss_ce 0.7096 (0.6044) lr 9.6294e-02 eta 0:14:18
epoch [38/300] batch [4/6] time 0.267 (0.475) data 0.000 (0.250) loss 0.6251 (0.6096) acc 84.3750 (84.9609) loss_ce 0.6251 (0.6096) lr 9.6294e-02 eta 0:12:28
epoch [38/300] batch [5/6] time 0.185 (0.417) data 0.000 (0.200) loss 0.4991 (0.5875) acc 88.6719 (85.7031) loss_ce 0.4991 (0.5875) lr 9.6294e-02 eta 0:10:56
epoch [38/300] batch [6/6] time 0.185 (0.378) data 0.000 (0.167) loss 0.5845 (0.5870) acc 84.7656 (85.5469) loss_ce 0.5845 (0.5870) lr 9.6093e-02 eta 0:09:54
epoch [39/300] batch [1/6] time 1.063 (1.063) data 0.923 (0.923) loss 0.6509 (0.6509) acc 82.8125 (82.8125) loss_ce 0.6509 (0.6509) lr 9.6093e-02 eta 0:27:49
epoch [39/300] batch [2/6] time 0.277 (0.670) data 0.000 (0.461) loss 0.5829 (0.6169) acc 83.5938 (83.2031) loss_ce 0.5829 (0.6169) lr 9.6093e-02 eta 0:17:31
epoch [39/300] batch [3/6] time 0.278 (0.539) data 0.000 (0.308) loss 0.5755 (0.6031) acc 85.5469 (83.9844) loss_ce 0.5755 (0.6031) lr 9.6093e-02 eta 0:14:05
epoch [39/300] batch [4/6] time 0.185 (0.450) data 0.000 (0.231) loss 0.5167 (0.5815) acc 86.3281 (84.5703) loss_ce 0.5167 (0.5815) lr 9.6093e-02 eta 0:11:46
epoch [39/300] batch [5/6] time 0.185 (0.397) data 0.000 (0.185) loss 0.7655 (0.6183) acc 77.3438 (83.1250) loss_ce 0.7655 (0.6183) lr 9.6093e-02 eta 0:10:22
epoch [39/300] batch [6/6] time 0.185 (0.362) data 0.000 (0.154) loss 0.4583 (0.5917) acc 87.8906 (83.9193) loss_ce 0.4583 (0.5917) lr 9.5888e-02 eta 0:09:26
epoch [40/300] batch [1/6] time 1.008 (1.008) data 0.894 (0.894) loss 0.6388 (0.6388) acc 82.8125 (82.8125) loss_ce 0.6388 (0.6388) lr 9.5888e-02 eta 0:26:17
epoch [40/300] batch [2/6] time 0.257 (0.633) data 0.001 (0.448) loss 0.5811 (0.6100) acc 85.1562 (83.9844) loss_ce 0.5811 (0.6100) lr 9.5888e-02 eta 0:16:29
epoch [40/300] batch [3/6] time 0.278 (0.514) data 0.000 (0.298) loss 0.5883 (0.6028) acc 87.5000 (85.1562) loss_ce 0.5883 (0.6028) lr 9.5888e-02 eta 0:13:23
epoch [40/300] batch [4/6] time 0.207 (0.437) data 0.000 (0.224) loss 0.6171 (0.6063) acc 83.5938 (84.7656) loss_ce 0.6171 (0.6063) lr 9.5888e-02 eta 0:11:23
epoch [40/300] batch [5/6] time 0.185 (0.387) data 0.000 (0.179) loss 0.6428 (0.6136) acc 82.4219 (84.2969) loss_ce 0.6428 (0.6136) lr 9.5888e-02 eta 0:10:03
epoch [40/300] batch [6/6] time 0.185 (0.353) data 0.000 (0.149) loss 0.6476 (0.6193) acc 83.2031 (84.1146) loss_ce 0.6476 (0.6193) lr 9.5677e-02 eta 0:09:11
epoch [41/300] batch [1/6] time 1.070 (1.070) data 0.918 (0.918) loss 0.5818 (0.5818) acc 85.5469 (85.5469) loss_ce 0.5818 (0.5818) lr 9.5677e-02 eta 0:27:47
epoch [41/300] batch [2/6] time 0.194 (0.632) data 0.000 (0.459) loss 0.5397 (0.5607) acc 85.5469 (85.5469) loss_ce 0.5397 (0.5607) lr 9.5677e-02 eta 0:16:24
epoch [41/300] batch [3/6] time 0.282 (0.515) data 0.000 (0.306) loss 0.5425 (0.5547) acc 88.2812 (86.4583) loss_ce 0.5425 (0.5547) lr 9.5677e-02 eta 0:13:22
epoch [41/300] batch [4/6] time 0.247 (0.448) data 0.000 (0.230) loss 0.5770 (0.5602) acc 85.9375 (86.3281) loss_ce 0.5770 (0.5602) lr 9.5677e-02 eta 0:11:37
epoch [41/300] batch [5/6] time 0.185 (0.395) data 0.000 (0.184) loss 0.5687 (0.5619) acc 85.5469 (86.1719) loss_ce 0.5687 (0.5619) lr 9.5677e-02 eta 0:10:14
epoch [41/300] batch [6/6] time 0.185 (0.360) data 0.000 (0.153) loss 0.4815 (0.5485) acc 87.8906 (86.4583) loss_ce 0.4815 (0.5485) lr 9.5462e-02 eta 0:09:20
epoch [42/300] batch [1/6] time 1.158 (1.158) data 0.946 (0.946) loss 0.4877 (0.4877) acc 89.0625 (89.0625) loss_ce 0.4877 (0.4877) lr 9.5462e-02 eta 0:29:58
epoch [42/300] batch [2/6] time 0.277 (0.718) data 0.000 (0.473) loss 0.7896 (0.6386) acc 78.5156 (83.7891) loss_ce 0.7896 (0.6386) lr 9.5462e-02 eta 0:18:33
epoch [42/300] batch [3/6] time 0.255 (0.563) data 0.000 (0.315) loss 0.5014 (0.5929) acc 87.5000 (85.0260) loss_ce 0.5014 (0.5929) lr 9.5462e-02 eta 0:14:33
epoch [42/300] batch [4/6] time 0.185 (0.469) data 0.000 (0.237) loss 0.6298 (0.6021) acc 83.2031 (84.5703) loss_ce 0.6298 (0.6021) lr 9.5462e-02 eta 0:12:06
epoch [42/300] batch [5/6] time 0.185 (0.412) data 0.000 (0.189) loss 0.6609 (0.6139) acc 83.2031 (84.2969) loss_ce 0.6609 (0.6139) lr 9.5462e-02 eta 0:10:38
epoch [42/300] batch [6/6] time 0.159 (0.370) data 0.000 (0.158) loss 0.4612 (0.5884) acc 88.2812 (84.9609) loss_ce 0.4612 (0.5884) lr 9.5241e-02 eta 0:09:32
epoch [43/300] batch [1/6] time 1.052 (1.052) data 0.875 (0.875) loss 0.5406 (0.5406) acc 84.7656 (84.7656) loss_ce 0.5406 (0.5406) lr 9.5241e-02 eta 0:27:07
epoch [43/300] batch [2/6] time 0.277 (0.664) data 0.000 (0.438) loss 0.6468 (0.5937) acc 82.8125 (83.7891) loss_ce 0.6468 (0.5937) lr 9.5241e-02 eta 0:17:07
epoch [43/300] batch [3/6] time 0.272 (0.534) data 0.000 (0.292) loss 0.6277 (0.6050) acc 85.1562 (84.2448) loss_ce 0.6277 (0.6050) lr 9.5241e-02 eta 0:13:44
epoch [43/300] batch [4/6] time 0.184 (0.446) data 0.000 (0.219) loss 0.5468 (0.5905) acc 86.3281 (84.7656) loss_ce 0.5468 (0.5905) lr 9.5241e-02 eta 0:11:28
epoch [43/300] batch [5/6] time 0.185 (0.394) data 0.000 (0.175) loss 0.6886 (0.6101) acc 82.4219 (84.2969) loss_ce 0.6886 (0.6101) lr 9.5241e-02 eta 0:10:07
epoch [43/300] batch [6/6] time 0.185 (0.359) data 0.000 (0.146) loss 0.6218 (0.6121) acc 83.5938 (84.1797) loss_ce 0.6218 (0.6121) lr 9.5016e-02 eta 0:09:13
epoch [44/300] batch [1/6] time 1.143 (1.143) data 0.881 (0.881) loss 0.5450 (0.5450) acc 86.3281 (86.3281) loss_ce 0.5450 (0.5450) lr 9.5016e-02 eta 0:29:21
epoch [44/300] batch [2/6] time 0.266 (0.704) data 0.000 (0.441) loss 0.6282 (0.5866) acc 84.3750 (85.3516) loss_ce 0.6282 (0.5866) lr 9.5016e-02 eta 0:18:04
epoch [44/300] batch [3/6] time 0.185 (0.531) data 0.000 (0.294) loss 0.6021 (0.5918) acc 85.9375 (85.5469) loss_ce 0.6021 (0.5918) lr 9.5016e-02 eta 0:13:37
epoch [44/300] batch [4/6] time 0.185 (0.445) data 0.000 (0.221) loss 0.5634 (0.5847) acc 84.7656 (85.3516) loss_ce 0.5634 (0.5847) lr 9.5016e-02 eta 0:11:23
epoch [44/300] batch [5/6] time 0.185 (0.393) data 0.000 (0.176) loss 0.5173 (0.5712) acc 85.1562 (85.3125) loss_ce 0.5173 (0.5712) lr 9.5016e-02 eta 0:10:03
epoch [44/300] batch [6/6] time 0.185 (0.358) data 0.000 (0.147) loss 0.6699 (0.5876) acc 83.5938 (85.0260) loss_ce 0.6699 (0.5876) lr 9.4786e-02 eta 0:09:09
epoch [45/300] batch [1/6] time 1.007 (1.007) data 0.917 (0.917) loss 0.3603 (0.3603) acc 91.4062 (91.4062) loss_ce 0.3603 (0.3603) lr 9.4786e-02 eta 0:25:45
epoch [45/300] batch [2/6] time 0.204 (0.606) data 0.000 (0.459) loss 0.6793 (0.5198) acc 80.4688 (85.9375) loss_ce 0.6793 (0.5198) lr 9.4786e-02 eta 0:15:28
epoch [45/300] batch [3/6] time 0.184 (0.465) data 0.000 (0.306) loss 0.5415 (0.5270) acc 87.1094 (86.3281) loss_ce 0.5415 (0.5270) lr 9.4786e-02 eta 0:11:52
epoch [45/300] batch [4/6] time 0.184 (0.395) data 0.000 (0.229) loss 0.6166 (0.5494) acc 84.7656 (85.9375) loss_ce 0.6166 (0.5494) lr 9.4786e-02 eta 0:10:04
epoch [45/300] batch [5/6] time 0.165 (0.349) data 0.000 (0.184) loss 0.5778 (0.5551) acc 86.7188 (86.0938) loss_ce 0.5778 (0.5551) lr 9.4786e-02 eta 0:08:54
epoch [45/300] batch [6/6] time 0.216 (0.327) data 0.000 (0.153) loss 0.6742 (0.5749) acc 82.8125 (85.5469) loss_ce 0.6742 (0.5749) lr 9.4550e-02 eta 0:08:20
epoch [46/300] batch [1/6] time 0.969 (0.969) data 0.879 (0.879) loss 0.5845 (0.5845) acc 87.8906 (87.8906) loss_ce 0.5845 (0.5845) lr 9.4550e-02 eta 0:24:41
epoch [46/300] batch [2/6] time 0.089 (0.529) data 0.000 (0.440) loss 0.6992 (0.6419) acc 83.9844 (85.9375) loss_ce 0.6992 (0.6419) lr 9.4550e-02 eta 0:13:28
epoch [46/300] batch [3/6] time 0.089 (0.382) data 0.000 (0.293) loss 0.5712 (0.6183) acc 82.4219 (84.7656) loss_ce 0.5712 (0.6183) lr 9.4550e-02 eta 0:09:43
epoch [46/300] batch [4/6] time 0.089 (0.309) data 0.000 (0.220) loss 0.6822 (0.6343) acc 81.2500 (83.8867) loss_ce 0.6822 (0.6343) lr 9.4550e-02 eta 0:07:51
epoch [46/300] batch [5/6] time 0.444 (0.336) data 0.260 (0.228) loss 0.5711 (0.6217) acc 85.9375 (84.2969) loss_ce 0.5711 (0.6217) lr 9.4550e-02 eta 0:08:32
epoch [46/300] batch [6/6] time 0.234 (0.319) data 0.000 (0.190) loss 0.5982 (0.6177) acc 85.1562 (84.4401) loss_ce 0.5982 (0.6177) lr 9.4310e-02 eta 0:08:06
epoch [47/300] batch [1/6] time 1.123 (1.123) data 1.033 (1.033) loss 0.4528 (0.4528) acc 89.8438 (89.8438) loss_ce 0.4528 (0.4528) lr 9.4310e-02 eta 0:28:29
epoch [47/300] batch [2/6] time 0.089 (0.606) data 0.000 (0.516) loss 0.4674 (0.4601) acc 86.3281 (88.0859) loss_ce 0.4674 (0.4601) lr 9.4310e-02 eta 0:15:22
epoch [47/300] batch [3/6] time 0.089 (0.434) data 0.000 (0.344) loss 0.6350 (0.5184) acc 79.6875 (85.2865) loss_ce 0.6350 (0.5184) lr 9.4310e-02 eta 0:10:59
epoch [47/300] batch [4/6] time 0.089 (0.348) data 0.000 (0.258) loss 0.6427 (0.5495) acc 82.8125 (84.6680) loss_ce 0.6427 (0.5495) lr 9.4310e-02 eta 0:08:48
epoch [47/300] batch [5/6] time 0.455 (0.369) data 0.205 (0.248) loss 0.5883 (0.5572) acc 87.1094 (85.1562) loss_ce 0.5883 (0.5572) lr 9.4310e-02 eta 0:09:20
epoch [47/300] batch [6/6] time 0.269 (0.352) data 0.000 (0.206) loss 0.5320 (0.5530) acc 85.9375 (85.2865) loss_ce 0.5320 (0.5530) lr 9.4065e-02 eta 0:08:54
epoch [48/300] batch [1/6] time 0.992 (0.992) data 0.902 (0.902) loss 0.7301 (0.7301) acc 82.8125 (82.8125) loss_ce 0.7301 (0.7301) lr 9.4065e-02 eta 0:25:05
epoch [48/300] batch [2/6] time 0.089 (0.541) data 0.001 (0.451) loss 0.5570 (0.6436) acc 85.1562 (83.9844) loss_ce 0.5570 (0.6436) lr 9.4065e-02 eta 0:13:40
epoch [48/300] batch [3/6] time 0.151 (0.411) data 0.062 (0.322) loss 0.5113 (0.5995) acc 87.1094 (85.0260) loss_ce 0.5113 (0.5995) lr 9.4065e-02 eta 0:10:22
epoch [48/300] batch [4/6] time 0.089 (0.330) data 0.000 (0.241) loss 0.5574 (0.5890) acc 84.7656 (84.9609) loss_ce 0.5574 (0.5890) lr 9.4065e-02 eta 0:08:20
epoch [48/300] batch [5/6] time 0.479 (0.360) data 0.232 (0.239) loss 0.5810 (0.5874) acc 85.9375 (85.1562) loss_ce 0.5810 (0.5874) lr 9.4065e-02 eta 0:09:04
epoch [48/300] batch [6/6] time 0.278 (0.346) data 0.000 (0.200) loss 0.6068 (0.5906) acc 83.9844 (84.9609) loss_ce 0.6068 (0.5906) lr 9.3815e-02 eta 0:08:43
epoch [49/300] batch [1/6] time 0.928 (0.928) data 0.838 (0.838) loss 0.5830 (0.5830) acc 83.9844 (83.9844) loss_ce 0.5830 (0.5830) lr 9.3815e-02 eta 0:23:21
epoch [49/300] batch [2/6] time 0.089 (0.508) data 0.000 (0.419) loss 0.5003 (0.5417) acc 87.1094 (85.5469) loss_ce 0.5003 (0.5417) lr 9.3815e-02 eta 0:12:47
epoch [49/300] batch [3/6] time 0.089 (0.368) data 0.000 (0.280) loss 0.5509 (0.5447) acc 85.5469 (85.5469) loss_ce 0.5509 (0.5447) lr 9.3815e-02 eta 0:09:16
epoch [49/300] batch [4/6] time 0.089 (0.299) data 0.000 (0.210) loss 0.5180 (0.5380) acc 86.3281 (85.7422) loss_ce 0.5180 (0.5380) lr 9.3815e-02 eta 0:07:30
epoch [49/300] batch [5/6] time 0.410 (0.321) data 0.305 (0.229) loss 0.5155 (0.5335) acc 87.5000 (86.0938) loss_ce 0.5155 (0.5335) lr 9.3815e-02 eta 0:08:03
epoch [49/300] batch [6/6] time 0.271 (0.313) data 0.000 (0.191) loss 0.4697 (0.5229) acc 85.9375 (86.0677) loss_ce 0.4697 (0.5229) lr 9.3561e-02 eta 0:07:50
epoch [50/300] batch [1/6] time 0.950 (0.950) data 0.853 (0.853) loss 0.5689 (0.5689) acc 83.2031 (83.2031) loss_ce 0.5689 (0.5689) lr 9.3561e-02 eta 0:23:49
epoch [50/300] batch [2/6] time 0.090 (0.520) data 0.000 (0.427) loss 0.6725 (0.6207) acc 80.4688 (81.8359) loss_ce 0.6725 (0.6207) lr 9.3561e-02 eta 0:13:01
epoch [50/300] batch [3/6] time 0.089 (0.376) data 0.000 (0.285) loss 0.4860 (0.5758) acc 86.3281 (83.3333) loss_ce 0.4860 (0.5758) lr 9.3561e-02 eta 0:09:25
epoch [50/300] batch [4/6] time 0.089 (0.304) data 0.000 (0.213) loss 0.6394 (0.5917) acc 82.8125 (83.2031) loss_ce 0.6394 (0.5917) lr 9.3561e-02 eta 0:07:37
epoch [50/300] batch [5/6] time 0.317 (0.307) data 0.229 (0.216) loss 0.6090 (0.5952) acc 85.9375 (83.7500) loss_ce 0.6090 (0.5952) lr 9.3561e-02 eta 0:07:40
epoch [50/300] batch [6/6] time 0.089 (0.271) data 0.000 (0.180) loss 0.6238 (0.5999) acc 84.3750 (83.8542) loss_ce 0.6238 (0.5999) lr 9.3301e-02 eta 0:06:45
epoch [51/300] batch [1/6] time 1.206 (1.206) data 0.955 (0.955) loss 0.4434 (0.4434) acc 86.7188 (86.7188) loss_ce 0.4434 (0.4434) lr 9.3301e-02 eta 0:30:07
epoch [51/300] batch [2/6] time 0.140 (0.673) data 0.000 (0.478) loss 0.5710 (0.5072) acc 85.5469 (86.1328) loss_ce 0.5710 (0.5072) lr 9.3301e-02 eta 0:16:48
epoch [51/300] batch [3/6] time 0.089 (0.478) data 0.000 (0.319) loss 0.6721 (0.5622) acc 81.6406 (84.6354) loss_ce 0.6721 (0.5622) lr 9.3301e-02 eta 0:11:56
epoch [51/300] batch [4/6] time 0.109 (0.386) data 0.000 (0.239) loss 0.6057 (0.5730) acc 83.5938 (84.3750) loss_ce 0.6057 (0.5730) lr 9.3301e-02 eta 0:09:37
epoch [51/300] batch [5/6] time 0.167 (0.342) data 0.078 (0.207) loss 0.5718 (0.5728) acc 84.7656 (84.4531) loss_ce 0.5718 (0.5728) lr 9.3301e-02 eta 0:08:31
epoch [51/300] batch [6/6] time 0.089 (0.300) data 0.000 (0.172) loss 0.5107 (0.5624) acc 86.3281 (84.7656) loss_ce 0.5107 (0.5624) lr 9.3037e-02 eta 0:07:28
epoch [52/300] batch [1/6] time 1.214 (1.214) data 0.935 (0.935) loss 0.5290 (0.5290) acc 84.3750 (84.3750) loss_ce 0.5290 (0.5290) lr 9.3037e-02 eta 0:30:12
epoch [52/300] batch [2/6] time 0.242 (0.728) data 0.000 (0.468) loss 0.5546 (0.5418) acc 87.1094 (85.7422) loss_ce 0.5546 (0.5418) lr 9.3037e-02 eta 0:18:06
epoch [52/300] batch [3/6] time 0.188 (0.548) data 0.000 (0.312) loss 0.6253 (0.5697) acc 82.4219 (84.6354) loss_ce 0.6253 (0.5697) lr 9.3037e-02 eta 0:13:37
epoch [52/300] batch [4/6] time 0.089 (0.433) data 0.000 (0.234) loss 0.4895 (0.5496) acc 88.6719 (85.6445) loss_ce 0.4895 (0.5496) lr 9.3037e-02 eta 0:10:45
epoch [52/300] batch [5/6] time 0.089 (0.364) data 0.000 (0.187) loss 0.5991 (0.5595) acc 85.5469 (85.6250) loss_ce 0.5991 (0.5595) lr 9.3037e-02 eta 0:09:02
epoch [52/300] batch [6/6] time 0.089 (0.319) data 0.000 (0.156) loss 0.5197 (0.5529) acc 86.3281 (85.7422) loss_ce 0.5197 (0.5529) lr 9.2768e-02 eta 0:07:53
epoch [53/300] batch [1/6] time 1.221 (1.221) data 0.946 (0.946) loss 0.4747 (0.4747) acc 86.7188 (86.7188) loss_ce 0.4747 (0.4747) lr 9.2768e-02 eta 0:30:15
epoch [53/300] batch [2/6] time 0.295 (0.758) data 0.000 (0.473) loss 0.5214 (0.4980) acc 84.3750 (85.5469) loss_ce 0.5214 (0.4980) lr 9.2768e-02 eta 0:18:46
epoch [53/300] batch [3/6] time 0.220 (0.579) data 0.000 (0.316) loss 0.5741 (0.5234) acc 82.0312 (84.3750) loss_ce 0.5741 (0.5234) lr 9.2768e-02 eta 0:14:19
epoch [53/300] batch [4/6] time 0.185 (0.480) data 0.000 (0.237) loss 0.6992 (0.5673) acc 82.0312 (83.7891) loss_ce 0.6992 (0.5673) lr 9.2768e-02 eta 0:11:52
epoch [53/300] batch [5/6] time 0.130 (0.410) data 0.000 (0.189) loss 0.5537 (0.5646) acc 85.9375 (84.2188) loss_ce 0.5537 (0.5646) lr 9.2768e-02 eta 0:10:08
epoch [53/300] batch [6/6] time 0.089 (0.357) data 0.000 (0.158) loss 0.4803 (0.5506) acc 85.1562 (84.3750) loss_ce 0.4803 (0.5506) lr 9.2495e-02 eta 0:08:48
epoch [54/300] batch [1/6] time 1.264 (1.264) data 0.983 (0.983) loss 0.4045 (0.4045) acc 88.2812 (88.2812) loss_ce 0.4045 (0.4045) lr 9.2495e-02 eta 0:31:12
epoch [54/300] batch [2/6] time 0.222 (0.743) data 0.000 (0.492) loss 0.4698 (0.4371) acc 85.1562 (86.7188) loss_ce 0.4698 (0.4371) lr 9.2495e-02 eta 0:18:20
epoch [54/300] batch [3/6] time 0.212 (0.566) data 0.000 (0.328) loss 0.4065 (0.4269) acc 89.8438 (87.7604) loss_ce 0.4065 (0.4269) lr 9.2495e-02 eta 0:13:57
epoch [54/300] batch [4/6] time 0.159 (0.465) data 0.000 (0.246) loss 0.5329 (0.4534) acc 86.7188 (87.5000) loss_ce 0.5329 (0.4534) lr 9.2495e-02 eta 0:11:26
epoch [54/300] batch [5/6] time 0.089 (0.389) data 0.000 (0.197) loss 0.5615 (0.4751) acc 84.3750 (86.8750) loss_ce 0.5615 (0.4751) lr 9.2495e-02 eta 0:09:35
epoch [54/300] batch [6/6] time 0.089 (0.339) data 0.000 (0.164) loss 0.5086 (0.4807) acc 85.9375 (86.7188) loss_ce 0.5086 (0.4807) lr 9.2216e-02 eta 0:08:20
epoch [55/300] batch [1/6] time 1.189 (1.189) data 0.908 (0.908) loss 0.6831 (0.6831) acc 82.8125 (82.8125) loss_ce 0.6831 (0.6831) lr 9.2216e-02 eta 0:29:13
epoch [55/300] batch [2/6] time 0.251 (0.720) data 0.000 (0.454) loss 0.5831 (0.6331) acc 86.7188 (84.7656) loss_ce 0.5831 (0.6331) lr 9.2216e-02 eta 0:17:41
epoch [55/300] batch [3/6] time 0.185 (0.542) data 0.000 (0.303) loss 0.4777 (0.5813) acc 87.5000 (85.6771) loss_ce 0.4777 (0.5813) lr 9.2216e-02 eta 0:13:17
epoch [55/300] batch [4/6] time 0.185 (0.452) data 0.000 (0.227) loss 0.7347 (0.6196) acc 80.0781 (84.2773) loss_ce 0.7347 (0.6196) lr 9.2216e-02 eta 0:11:06
epoch [55/300] batch [5/6] time 0.121 (0.386) data 0.000 (0.182) loss 0.6007 (0.6159) acc 82.8125 (83.9844) loss_ce 0.6007 (0.6159) lr 9.2216e-02 eta 0:09:28
epoch [55/300] batch [6/6] time 0.089 (0.337) data 0.000 (0.151) loss 0.6542 (0.6222) acc 83.2031 (83.8542) loss_ce 0.6542 (0.6222) lr 9.1934e-02 eta 0:08:14
epoch [56/300] batch [1/6] time 1.261 (1.261) data 0.982 (0.982) loss 0.6458 (0.6458) acc 80.8594 (80.8594) loss_ce 0.6458 (0.6458) lr 9.1934e-02 eta 0:30:52
epoch [56/300] batch [2/6] time 0.235 (0.748) data 0.001 (0.491) loss 0.5259 (0.5858) acc 88.2812 (84.5703) loss_ce 0.5259 (0.5858) lr 9.1934e-02 eta 0:18:17
epoch [56/300] batch [3/6] time 0.185 (0.560) data 0.000 (0.328) loss 0.5517 (0.5745) acc 83.5938 (84.2448) loss_ce 0.5517 (0.5745) lr 9.1934e-02 eta 0:13:41
epoch [56/300] batch [4/6] time 0.185 (0.466) data 0.000 (0.246) loss 0.4874 (0.5527) acc 88.2812 (85.2539) loss_ce 0.4874 (0.5527) lr 9.1934e-02 eta 0:11:23
epoch [56/300] batch [5/6] time 0.143 (0.402) data 0.000 (0.197) loss 0.4671 (0.5356) acc 88.6719 (85.9375) loss_ce 0.4671 (0.5356) lr 9.1934e-02 eta 0:09:48
epoch [56/300] batch [6/6] time 0.089 (0.350) data 0.000 (0.164) loss 0.6609 (0.5565) acc 82.8125 (85.4167) loss_ce 0.6609 (0.5565) lr 9.1646e-02 eta 0:08:31
epoch [57/300] batch [1/6] time 1.242 (1.242) data 0.961 (0.961) loss 0.5418 (0.5418) acc 86.7188 (86.7188) loss_ce 0.5418 (0.5418) lr 9.1646e-02 eta 0:30:17
epoch [57/300] batch [2/6] time 0.299 (0.770) data 0.000 (0.481) loss 0.6709 (0.6063) acc 82.0312 (84.3750) loss_ce 0.6709 (0.6063) lr 9.1646e-02 eta 0:18:46
epoch [57/300] batch [3/6] time 0.186 (0.576) data 0.000 (0.321) loss 0.5895 (0.6007) acc 84.3750 (84.3750) loss_ce 0.5895 (0.6007) lr 9.1646e-02 eta 0:14:01
epoch [57/300] batch [4/6] time 0.187 (0.479) data 0.000 (0.240) loss 0.5679 (0.5925) acc 85.9375 (84.7656) loss_ce 0.5679 (0.5925) lr 9.1646e-02 eta 0:11:38
epoch [57/300] batch [5/6] time 0.089 (0.401) data 0.000 (0.192) loss 0.4361 (0.5612) acc 87.1094 (85.2344) loss_ce 0.4361 (0.5612) lr 9.1646e-02 eta 0:09:44
epoch [57/300] batch [6/6] time 0.089 (0.349) data 0.000 (0.160) loss 0.5592 (0.5609) acc 85.1562 (85.2214) loss_ce 0.5592 (0.5609) lr 9.1354e-02 eta 0:08:28
epoch [58/300] batch [1/6] time 1.210 (1.210) data 0.931 (0.931) loss 0.4890 (0.4890) acc 88.6719 (88.6719) loss_ce 0.4890 (0.4890) lr 9.1354e-02 eta 0:29:22
epoch [58/300] batch [2/6] time 0.281 (0.746) data 0.000 (0.466) loss 0.6234 (0.5562) acc 83.9844 (86.3281) loss_ce 0.6234 (0.5562) lr 9.1354e-02 eta 0:18:05
epoch [58/300] batch [3/6] time 0.212 (0.568) data 0.000 (0.311) loss 0.5699 (0.5608) acc 85.1562 (85.9375) loss_ce 0.5699 (0.5608) lr 9.1354e-02 eta 0:13:46
epoch [58/300] batch [4/6] time 0.185 (0.472) data 0.000 (0.233) loss 0.6310 (0.5784) acc 83.9844 (85.4492) loss_ce 0.6310 (0.5784) lr 9.1354e-02 eta 0:11:26
epoch [58/300] batch [5/6] time 0.147 (0.407) data 0.000 (0.186) loss 0.4667 (0.5560) acc 87.8906 (85.9375) loss_ce 0.4667 (0.5560) lr 9.1354e-02 eta 0:09:51
epoch [58/300] batch [6/6] time 0.089 (0.354) data 0.000 (0.155) loss 0.5742 (0.5591) acc 87.5000 (86.1979) loss_ce 0.5742 (0.5591) lr 9.1057e-02 eta 0:08:34
epoch [59/300] batch [1/6] time 1.150 (1.150) data 0.874 (0.874) loss 0.4368 (0.4368) acc 88.2812 (88.2812) loss_ce 0.4368 (0.4368) lr 9.1057e-02 eta 0:27:48
epoch [59/300] batch [2/6] time 0.305 (0.728) data 0.000 (0.437) loss 0.5402 (0.4885) acc 84.3750 (86.3281) loss_ce 0.5402 (0.4885) lr 9.1057e-02 eta 0:17:34
epoch [59/300] batch [3/6] time 0.184 (0.547) data 0.000 (0.291) loss 0.5787 (0.5186) acc 83.9844 (85.5469) loss_ce 0.5787 (0.5186) lr 9.1057e-02 eta 0:13:11
epoch [59/300] batch [4/6] time 0.185 (0.456) data 0.000 (0.219) loss 0.5265 (0.5205) acc 85.1562 (85.4492) loss_ce 0.5265 (0.5205) lr 9.1057e-02 eta 0:11:00
epoch [59/300] batch [5/6] time 0.185 (0.402) data 0.000 (0.175) loss 0.5184 (0.5201) acc 86.7188 (85.7031) loss_ce 0.5184 (0.5201) lr 9.1057e-02 eta 0:09:41
epoch [59/300] batch [6/6] time 0.126 (0.356) data 0.000 (0.146) loss 0.5026 (0.5172) acc 87.1094 (85.9375) loss_ce 0.5026 (0.5172) lr 9.0756e-02 eta 0:08:34
epoch [60/300] batch [1/6] time 1.226 (1.226) data 0.985 (0.985) loss 0.5767 (0.5767) acc 85.5469 (85.5469) loss_ce 0.5767 (0.5767) lr 9.0756e-02 eta 0:29:31
epoch [60/300] batch [2/6] time 0.185 (0.706) data 0.000 (0.493) loss 0.5905 (0.5836) acc 83.9844 (84.7656) loss_ce 0.5905 (0.5836) lr 9.0756e-02 eta 0:16:58
epoch [60/300] batch [3/6] time 0.200 (0.537) data 0.000 (0.328) loss 0.7143 (0.6272) acc 83.2031 (84.2448) loss_ce 0.7143 (0.6272) lr 9.0756e-02 eta 0:12:54
epoch [60/300] batch [4/6] time 0.184 (0.449) data 0.000 (0.246) loss 0.5545 (0.6090) acc 84.7656 (84.3750) loss_ce 0.5545 (0.6090) lr 9.0756e-02 eta 0:10:47
epoch [60/300] batch [5/6] time 0.185 (0.396) data 0.000 (0.197) loss 0.5142 (0.5900) acc 85.5469 (84.6094) loss_ce 0.5142 (0.5900) lr 9.0756e-02 eta 0:09:30
epoch [60/300] batch [6/6] time 0.199 (0.363) data 0.000 (0.164) loss 0.5853 (0.5893) acc 84.3750 (84.5703) loss_ce 0.5853 (0.5893) lr 9.0451e-02 eta 0:08:42
epoch [61/300] batch [1/6] time 1.097 (1.097) data 0.998 (0.998) loss 0.5960 (0.5960) acc 85.1562 (85.1562) loss_ce 0.5960 (0.5960) lr 9.0451e-02 eta 0:26:19
epoch [61/300] batch [2/6] time 0.207 (0.652) data 0.001 (0.499) loss 0.6132 (0.6046) acc 84.3750 (84.7656) loss_ce 0.6132 (0.6046) lr 9.0451e-02 eta 0:15:37
epoch [61/300] batch [3/6] time 0.185 (0.496) data 0.000 (0.333) loss 0.6148 (0.6080) acc 86.3281 (85.2865) loss_ce 0.6148 (0.6080) lr 9.0451e-02 eta 0:11:53
epoch [61/300] batch [4/6] time 0.159 (0.412) data 0.000 (0.250) loss 0.4569 (0.5702) acc 86.7188 (85.6445) loss_ce 0.4569 (0.5702) lr 9.0451e-02 eta 0:09:51
epoch [61/300] batch [5/6] time 0.236 (0.377) data 0.000 (0.200) loss 0.5524 (0.5667) acc 85.9375 (85.7031) loss_ce 0.5524 (0.5667) lr 9.0451e-02 eta 0:09:00
epoch [61/300] batch [6/6] time 0.278 (0.360) data 0.000 (0.167) loss 0.4975 (0.5551) acc 85.9375 (85.7422) loss_ce 0.4975 (0.5551) lr 9.0141e-02 eta 0:08:36
epoch [62/300] batch [1/6] time 0.981 (0.981) data 0.891 (0.891) loss 0.6026 (0.6026) acc 83.5938 (83.5938) loss_ce 0.6026 (0.6026) lr 9.0141e-02 eta 0:23:25
epoch [62/300] batch [2/6] time 0.089 (0.535) data 0.000 (0.446) loss 0.5986 (0.6006) acc 84.3750 (83.9844) loss_ce 0.5986 (0.6006) lr 9.0141e-02 eta 0:12:46
epoch [62/300] batch [3/6] time 0.300 (0.457) data 0.118 (0.336) loss 0.5354 (0.5789) acc 85.5469 (84.5052) loss_ce 0.5354 (0.5789) lr 9.0141e-02 eta 0:10:53
epoch [62/300] batch [4/6] time 0.185 (0.389) data 0.000 (0.252) loss 0.4848 (0.5554) acc 88.6719 (85.5469) loss_ce 0.4848 (0.5554) lr 9.0141e-02 eta 0:09:15
epoch [62/300] batch [5/6] time 0.325 (0.376) data 0.046 (0.211) loss 0.4965 (0.5436) acc 86.3281 (85.7031) loss_ce 0.4965 (0.5436) lr 9.0141e-02 eta 0:08:57
epoch [62/300] batch [6/6] time 0.278 (0.360) data 0.000 (0.176) loss 0.5623 (0.5467) acc 85.5469 (85.6771) loss_ce 0.5623 (0.5467) lr 8.9826e-02 eta 0:08:33
epoch [63/300] batch [1/6] time 1.015 (1.015) data 0.925 (0.925) loss 0.6229 (0.6229) acc 84.3750 (84.3750) loss_ce 0.6229 (0.6229) lr 8.9826e-02 eta 0:24:08
epoch [63/300] batch [2/6] time 0.089 (0.552) data 0.000 (0.463) loss 0.4264 (0.5247) acc 90.6250 (87.5000) loss_ce 0.4264 (0.5247) lr 8.9826e-02 eta 0:13:07
epoch [63/300] batch [3/6] time 0.172 (0.426) data 0.024 (0.317) loss 0.4768 (0.5087) acc 86.3281 (87.1094) loss_ce 0.4768 (0.5087) lr 8.9826e-02 eta 0:10:06
epoch [63/300] batch [4/6] time 0.256 (0.383) data 0.000 (0.237) loss 0.4114 (0.4844) acc 89.0625 (87.5977) loss_ce 0.4114 (0.4844) lr 8.9826e-02 eta 0:09:05
epoch [63/300] batch [5/6] time 0.392 (0.385) data 0.112 (0.212) loss 0.6483 (0.5172) acc 85.1562 (87.1094) loss_ce 0.6483 (0.5172) lr 8.9826e-02 eta 0:09:07
epoch [63/300] batch [6/6] time 0.278 (0.367) data 0.000 (0.177) loss 0.3699 (0.4926) acc 88.6719 (87.3698) loss_ce 0.3699 (0.4926) lr 8.9508e-02 eta 0:08:41
epoch [64/300] batch [1/6] time 0.969 (0.969) data 0.878 (0.878) loss 0.5663 (0.5663) acc 86.3281 (86.3281) loss_ce 0.5663 (0.5663) lr 8.9508e-02 eta 0:22:56
epoch [64/300] batch [2/6] time 0.098 (0.533) data 0.001 (0.439) loss 0.6005 (0.5834) acc 83.5938 (84.9609) loss_ce 0.6005 (0.5834) lr 8.9508e-02 eta 0:12:37
epoch [64/300] batch [3/6] time 0.089 (0.385) data 0.000 (0.293) loss 0.5504 (0.5724) acc 85.9375 (85.2865) loss_ce 0.5504 (0.5724) lr 8.9508e-02 eta 0:09:06
epoch [64/300] batch [4/6] time 0.089 (0.311) data 0.000 (0.220) loss 0.5468 (0.5660) acc 87.1094 (85.7422) loss_ce 0.5468 (0.5660) lr 8.9508e-02 eta 0:07:21
epoch [64/300] batch [5/6] time 0.573 (0.364) data 0.295 (0.235) loss 0.5229 (0.5574) acc 86.3281 (85.8594) loss_ce 0.5229 (0.5574) lr 8.9508e-02 eta 0:08:35
epoch [64/300] batch [6/6] time 0.269 (0.348) data 0.000 (0.196) loss 0.4098 (0.5328) acc 89.8438 (86.5234) loss_ce 0.4098 (0.5328) lr 8.9185e-02 eta 0:08:12
epoch [65/300] batch [1/6] time 1.137 (1.137) data 1.046 (1.046) loss 0.6643 (0.6643) acc 83.5938 (83.5938) loss_ce 0.6643 (0.6643) lr 8.9185e-02 eta 0:26:48
epoch [65/300] batch [2/6] time 0.090 (0.613) data 0.000 (0.523) loss 0.4534 (0.5589) acc 89.0625 (86.3281) loss_ce 0.4534 (0.5589) lr 8.9185e-02 eta 0:14:27
epoch [65/300] batch [3/6] time 0.089 (0.439) data 0.000 (0.349) loss 0.4575 (0.5251) acc 88.2812 (86.9792) loss_ce 0.4575 (0.5251) lr 8.9185e-02 eta 0:10:19
epoch [65/300] batch [4/6] time 0.089 (0.351) data 0.000 (0.262) loss 0.5839 (0.5398) acc 84.7656 (86.4258) loss_ce 0.5839 (0.5398) lr 8.9185e-02 eta 0:08:16
epoch [65/300] batch [5/6] time 0.463 (0.374) data 0.187 (0.247) loss 0.4693 (0.5257) acc 86.7188 (86.4844) loss_ce 0.4693 (0.5257) lr 8.9185e-02 eta 0:08:47
epoch [65/300] batch [6/6] time 0.278 (0.358) data 0.000 (0.206) loss 0.4811 (0.5182) acc 88.6719 (86.8490) loss_ce 0.4811 (0.5182) lr 8.8857e-02 eta 0:08:24
epoch [66/300] batch [1/6] time 0.965 (0.965) data 0.875 (0.875) loss 0.5673 (0.5673) acc 86.3281 (86.3281) loss_ce 0.5673 (0.5673) lr 8.8857e-02 eta 0:22:39
epoch [66/300] batch [2/6] time 0.089 (0.527) data 0.000 (0.438) loss 0.5868 (0.5770) acc 85.1562 (85.7422) loss_ce 0.5868 (0.5770) lr 8.8857e-02 eta 0:12:22
epoch [66/300] batch [3/6] time 0.106 (0.387) data 0.000 (0.292) loss 0.5531 (0.5691) acc 87.5000 (86.3281) loss_ce 0.5531 (0.5691) lr 8.8857e-02 eta 0:09:04
epoch [66/300] batch [4/6] time 0.089 (0.312) data 0.000 (0.219) loss 0.5555 (0.5657) acc 85.5469 (86.1328) loss_ce 0.5555 (0.5657) lr 8.8857e-02 eta 0:07:19
epoch [66/300] batch [5/6] time 0.527 (0.355) data 0.255 (0.226) loss 0.4547 (0.5435) acc 88.6719 (86.6406) loss_ce 0.4547 (0.5435) lr 8.8857e-02 eta 0:08:19
epoch [66/300] batch [6/6] time 0.278 (0.342) data 0.000 (0.188) loss 0.6577 (0.5625) acc 84.7656 (86.3281) loss_ce 0.6577 (0.5625) lr 8.8526e-02 eta 0:08:00
epoch [67/300] batch [1/6] time 0.995 (0.995) data 0.905 (0.905) loss 0.4725 (0.4725) acc 87.1094 (87.1094) loss_ce 0.4725 (0.4725) lr 8.8526e-02 eta 0:23:16
epoch [67/300] batch [2/6] time 0.110 (0.552) data 0.000 (0.453) loss 0.5090 (0.4908) acc 87.5000 (87.3047) loss_ce 0.5090 (0.4908) lr 8.8526e-02 eta 0:12:54
epoch [67/300] batch [3/6] time 0.089 (0.398) data 0.000 (0.302) loss 0.5700 (0.5172) acc 84.7656 (86.4583) loss_ce 0.5700 (0.5172) lr 8.8526e-02 eta 0:09:17
epoch [67/300] batch [4/6] time 0.089 (0.321) data 0.000 (0.226) loss 0.5411 (0.5231) acc 87.5000 (86.7188) loss_ce 0.5411 (0.5231) lr 8.8526e-02 eta 0:07:28
epoch [67/300] batch [5/6] time 0.384 (0.333) data 0.245 (0.230) loss 0.5933 (0.5372) acc 85.1562 (86.4062) loss_ce 0.5933 (0.5372) lr 8.8526e-02 eta 0:07:46
epoch [67/300] batch [6/6] time 0.278 (0.324) data 0.000 (0.192) loss 0.5021 (0.5313) acc 85.5469 (86.2630) loss_ce 0.5021 (0.5313) lr 8.8190e-02 eta 0:07:33
epoch [68/300] batch [1/6] time 1.055 (1.055) data 0.964 (0.964) loss 0.5927 (0.5927) acc 84.3750 (84.3750) loss_ce 0.5927 (0.5927) lr 8.8190e-02 eta 0:24:33
epoch [68/300] batch [2/6] time 0.092 (0.573) data 0.000 (0.482) loss 0.5029 (0.5478) acc 85.1562 (84.7656) loss_ce 0.5029 (0.5478) lr 8.8190e-02 eta 0:13:20
epoch [68/300] batch [3/6] time 0.089 (0.412) data 0.000 (0.321) loss 0.5230 (0.5395) acc 87.1094 (85.5469) loss_ce 0.5230 (0.5395) lr 8.8190e-02 eta 0:09:34
epoch [68/300] batch [4/6] time 0.089 (0.331) data 0.000 (0.241) loss 0.5100 (0.5322) acc 88.6719 (86.3281) loss_ce 0.5100 (0.5322) lr 8.8190e-02 eta 0:07:41
epoch [68/300] batch [5/6] time 0.327 (0.330) data 0.238 (0.240) loss 0.5706 (0.5398) acc 86.3281 (86.3281) loss_ce 0.5706 (0.5398) lr 8.8190e-02 eta 0:07:39
epoch [68/300] batch [6/6] time 0.090 (0.290) data 0.000 (0.200) loss 0.5660 (0.5442) acc 84.7656 (86.0677) loss_ce 0.5660 (0.5442) lr 8.7850e-02 eta 0:06:43
epoch [69/300] batch [1/6] time 1.202 (1.202) data 1.112 (1.112) loss 0.5467 (0.5467) acc 86.7188 (86.7188) loss_ce 0.5467 (0.5467) lr 8.7850e-02 eta 0:27:52
epoch [69/300] batch [2/6] time 0.089 (0.646) data 0.000 (0.556) loss 0.6300 (0.5884) acc 84.7656 (85.7422) loss_ce 0.6300 (0.5884) lr 8.7850e-02 eta 0:14:57
epoch [69/300] batch [3/6] time 0.089 (0.460) data 0.000 (0.371) loss 0.5789 (0.5852) acc 83.2031 (84.8958) loss_ce 0.5789 (0.5852) lr 8.7850e-02 eta 0:10:39
epoch [69/300] batch [4/6] time 0.089 (0.367) data 0.000 (0.278) loss 0.6923 (0.6120) acc 82.0312 (84.1797) loss_ce 0.6923 (0.6120) lr 8.7850e-02 eta 0:08:29
epoch [69/300] batch [5/6] time 0.224 (0.339) data 0.135 (0.250) loss 0.4978 (0.5892) acc 87.5000 (84.8438) loss_ce 0.4978 (0.5892) lr 8.7850e-02 eta 0:07:49
epoch [69/300] batch [6/6] time 0.089 (0.297) data 0.000 (0.208) loss 0.5331 (0.5798) acc 85.9375 (85.0260) loss_ce 0.5331 (0.5798) lr 8.7506e-02 eta 0:06:51
epoch [70/300] batch [1/6] time 1.168 (1.168) data 0.890 (0.890) loss 0.5737 (0.5737) acc 85.9375 (85.9375) loss_ce 0.5737 (0.5737) lr 8.7506e-02 eta 0:26:58
epoch [70/300] batch [2/6] time 0.243 (0.706) data 0.000 (0.445) loss 0.4289 (0.5013) acc 87.8906 (86.9141) loss_ce 0.4289 (0.5013) lr 8.7506e-02 eta 0:16:16
epoch [70/300] batch [3/6] time 0.120 (0.510) data 0.000 (0.297) loss 0.4233 (0.4753) acc 88.6719 (87.5000) loss_ce 0.4233 (0.4753) lr 8.7506e-02 eta 0:11:45
epoch [70/300] batch [4/6] time 0.089 (0.405) data 0.000 (0.223) loss 0.4972 (0.4808) acc 87.5000 (87.5000) loss_ce 0.4972 (0.4808) lr 8.7506e-02 eta 0:09:19
epoch [70/300] batch [5/6] time 0.089 (0.342) data 0.000 (0.178) loss 0.5744 (0.4995) acc 86.3281 (87.2656) loss_ce 0.5744 (0.4995) lr 8.7506e-02 eta 0:07:51
epoch [70/300] batch [6/6] time 0.089 (0.300) data 0.000 (0.148) loss 0.4818 (0.4965) acc 89.0625 (87.5651) loss_ce 0.4818 (0.4965) lr 8.7157e-02 eta 0:06:53
epoch [71/300] batch [1/6] time 1.234 (1.234) data 0.952 (0.952) loss 0.5848 (0.5848) acc 85.9375 (85.9375) loss_ce 0.5848 (0.5848) lr 8.7157e-02 eta 0:28:21
epoch [71/300] batch [2/6] time 0.295 (0.764) data 0.000 (0.476) loss 0.6371 (0.6109) acc 83.2031 (84.5703) loss_ce 0.6371 (0.6109) lr 8.7157e-02 eta 0:17:33
epoch [71/300] batch [3/6] time 0.280 (0.603) data 0.000 (0.318) loss 0.6719 (0.6312) acc 82.8125 (83.9844) loss_ce 0.6719 (0.6312) lr 8.7157e-02 eta 0:13:50
epoch [71/300] batch [4/6] time 0.205 (0.504) data 0.000 (0.238) loss 0.5219 (0.6039) acc 88.6719 (85.1562) loss_ce 0.5219 (0.6039) lr 8.7157e-02 eta 0:11:32
epoch [71/300] batch [5/6] time 0.089 (0.421) data 0.000 (0.191) loss 0.5749 (0.5981) acc 86.7188 (85.4688) loss_ce 0.5749 (0.5981) lr 8.7157e-02 eta 0:09:38
epoch [71/300] batch [6/6] time 0.090 (0.366) data 0.000 (0.159) loss 0.6587 (0.6082) acc 83.5938 (85.1562) loss_ce 0.6587 (0.6082) lr 8.6805e-02 eta 0:08:22
epoch [72/300] batch [1/6] time 1.318 (1.318) data 1.113 (1.113) loss 0.6567 (0.6567) acc 85.1562 (85.1562) loss_ce 0.6567 (0.6567) lr 8.6805e-02 eta 0:30:10
epoch [72/300] batch [2/6] time 0.245 (0.782) data 0.000 (0.557) loss 0.4924 (0.5746) acc 87.8906 (86.5234) loss_ce 0.4924 (0.5746) lr 8.6805e-02 eta 0:17:52
epoch [72/300] batch [3/6] time 0.279 (0.614) data 0.000 (0.371) loss 0.5271 (0.5587) acc 84.7656 (85.9375) loss_ce 0.5271 (0.5587) lr 8.6805e-02 eta 0:14:01
epoch [72/300] batch [4/6] time 0.218 (0.515) data 0.000 (0.278) loss 0.5238 (0.5500) acc 85.5469 (85.8398) loss_ce 0.5238 (0.5500) lr 8.6805e-02 eta 0:11:45
epoch [72/300] batch [5/6] time 0.150 (0.442) data 0.000 (0.223) loss 0.4073 (0.5214) acc 89.0625 (86.4844) loss_ce 0.4073 (0.5214) lr 8.6805e-02 eta 0:10:05
epoch [72/300] batch [6/6] time 0.089 (0.383) data 0.000 (0.186) loss 0.5727 (0.5300) acc 82.4219 (85.8073) loss_ce 0.5727 (0.5300) lr 8.6448e-02 eta 0:08:44
epoch [73/300] batch [1/6] time 1.258 (1.258) data 0.976 (0.976) loss 0.5277 (0.5277) acc 89.0625 (89.0625) loss_ce 0.5277 (0.5277) lr 8.6448e-02 eta 0:28:40
epoch [73/300] batch [2/6] time 0.271 (0.765) data 0.000 (0.488) loss 0.5520 (0.5399) acc 84.3750 (86.7188) loss_ce 0.5520 (0.5399) lr 8.6448e-02 eta 0:17:24
epoch [73/300] batch [3/6] time 0.298 (0.609) data 0.000 (0.326) loss 0.6223 (0.5673) acc 85.1562 (86.1979) loss_ce 0.6223 (0.5673) lr 8.6448e-02 eta 0:13:51
epoch [73/300] batch [4/6] time 0.200 (0.507) data 0.000 (0.244) loss 0.6580 (0.5900) acc 83.5938 (85.5469) loss_ce 0.6580 (0.5900) lr 8.6448e-02 eta 0:11:31
epoch [73/300] batch [5/6] time 0.181 (0.442) data 0.000 (0.195) loss 0.6360 (0.5992) acc 83.9844 (85.2344) loss_ce 0.6360 (0.5992) lr 8.6448e-02 eta 0:10:02
epoch [73/300] batch [6/6] time 0.089 (0.383) data 0.000 (0.163) loss 0.4284 (0.5707) acc 89.8438 (86.0026) loss_ce 0.4284 (0.5707) lr 8.6088e-02 eta 0:08:41
epoch [74/300] batch [1/6] time 1.240 (1.240) data 1.002 (1.002) loss 0.6905 (0.6905) acc 81.2500 (81.2500) loss_ce 0.6905 (0.6905) lr 8.6088e-02 eta 0:28:08
epoch [74/300] batch [2/6] time 0.278 (0.759) data 0.000 (0.501) loss 0.4701 (0.5803) acc 89.4531 (85.3516) loss_ce 0.4701 (0.5803) lr 8.6088e-02 eta 0:17:12
epoch [74/300] batch [3/6] time 0.267 (0.595) data 0.000 (0.334) loss 0.6017 (0.5874) acc 85.5469 (85.4167) loss_ce 0.6017 (0.5874) lr 8.6088e-02 eta 0:13:28
epoch [74/300] batch [4/6] time 0.185 (0.493) data 0.000 (0.251) loss 0.4536 (0.5540) acc 89.8438 (86.5234) loss_ce 0.4536 (0.5540) lr 8.6088e-02 eta 0:11:08
epoch [74/300] batch [5/6] time 0.185 (0.431) data 0.000 (0.201) loss 0.5977 (0.5627) acc 84.7656 (86.1719) loss_ce 0.5977 (0.5627) lr 8.6088e-02 eta 0:09:44
epoch [74/300] batch [6/6] time 0.092 (0.375) data 0.000 (0.167) loss 0.5425 (0.5593) acc 85.9375 (86.1328) loss_ce 0.5425 (0.5593) lr 8.5724e-02 eta 0:08:28
epoch [75/300] batch [1/6] time 1.165 (1.165) data 0.981 (0.981) loss 0.4015 (0.4015) acc 89.4531 (89.4531) loss_ce 0.4015 (0.4015) lr 8.5724e-02 eta 0:26:18
epoch [75/300] batch [2/6] time 0.278 (0.722) data 0.000 (0.490) loss 0.5631 (0.4823) acc 85.9375 (87.6953) loss_ce 0.5631 (0.4823) lr 8.5724e-02 eta 0:16:17
epoch [75/300] batch [3/6] time 0.278 (0.574) data 0.000 (0.327) loss 0.4810 (0.4819) acc 87.1094 (87.5000) loss_ce 0.4810 (0.4819) lr 8.5724e-02 eta 0:12:56
epoch [75/300] batch [4/6] time 0.185 (0.477) data 0.000 (0.245) loss 0.5072 (0.4882) acc 87.8906 (87.5977) loss_ce 0.5072 (0.4882) lr 8.5724e-02 eta 0:10:44
epoch [75/300] batch [5/6] time 0.165 (0.414) data 0.000 (0.196) loss 0.5171 (0.4940) acc 85.5469 (87.1875) loss_ce 0.5171 (0.4940) lr 8.5724e-02 eta 0:09:19
epoch [75/300] batch [6/6] time 0.090 (0.360) data 0.000 (0.164) loss 0.5626 (0.5054) acc 85.9375 (86.9792) loss_ce 0.5626 (0.5054) lr 8.5355e-02 eta 0:08:06
epoch [76/300] batch [1/6] time 1.182 (1.182) data 0.904 (0.904) loss 0.4881 (0.4881) acc 86.7188 (86.7188) loss_ce 0.4881 (0.4881) lr 8.5355e-02 eta 0:26:34
epoch [76/300] batch [2/6] time 0.278 (0.730) data 0.000 (0.452) loss 0.5528 (0.5204) acc 84.7656 (85.7422) loss_ce 0.5528 (0.5204) lr 8.5355e-02 eta 0:16:24
epoch [76/300] batch [3/6] time 0.278 (0.580) data 0.000 (0.302) loss 0.4463 (0.4957) acc 89.0625 (86.8490) loss_ce 0.4463 (0.4957) lr 8.5355e-02 eta 0:13:00
epoch [76/300] batch [4/6] time 0.249 (0.497) data 0.000 (0.226) loss 0.5236 (0.5027) acc 87.8906 (87.1094) loss_ce 0.5236 (0.5027) lr 8.5355e-02 eta 0:11:09
epoch [76/300] batch [5/6] time 0.185 (0.435) data 0.000 (0.181) loss 0.4242 (0.4870) acc 90.2344 (87.7344) loss_ce 0.4242 (0.4870) lr 8.5355e-02 eta 0:09:44
epoch [76/300] batch [6/6] time 0.121 (0.382) data 0.000 (0.151) loss 0.4910 (0.4876) acc 86.7188 (87.5651) loss_ce 0.4910 (0.4876) lr 8.4983e-02 eta 0:08:33
epoch [77/300] batch [1/6] time 1.102 (1.102) data 0.916 (0.916) loss 0.5653 (0.5653) acc 85.1562 (85.1562) loss_ce 0.5653 (0.5653) lr 8.4983e-02 eta 0:24:40
epoch [77/300] batch [2/6] time 0.206 (0.654) data 0.001 (0.458) loss 0.6084 (0.5869) acc 86.3281 (85.7422) loss_ce 0.6084 (0.5869) lr 8.4983e-02 eta 0:14:37
epoch [77/300] batch [3/6] time 0.271 (0.526) data 0.000 (0.305) loss 0.3785 (0.5174) acc 91.4062 (87.6302) loss_ce 0.3785 (0.5174) lr 8.4983e-02 eta 0:11:45
epoch [77/300] batch [4/6] time 0.257 (0.459) data 0.000 (0.229) loss 0.4974 (0.5124) acc 88.2812 (87.7930) loss_ce 0.4974 (0.5124) lr 8.4983e-02 eta 0:10:15
epoch [77/300] batch [5/6] time 0.187 (0.405) data 0.000 (0.183) loss 0.4925 (0.5084) acc 89.0625 (88.0469) loss_ce 0.4925 (0.5084) lr 8.4983e-02 eta 0:09:01
epoch [77/300] batch [6/6] time 0.187 (0.368) data 0.000 (0.153) loss 0.4831 (0.5042) acc 87.8906 (88.0208) loss_ce 0.4831 (0.5042) lr 8.4607e-02 eta 0:08:12
epoch [78/300] batch [1/6] time 1.297 (1.297) data 1.057 (1.057) loss 0.4586 (0.4586) acc 87.8906 (87.8906) loss_ce 0.4586 (0.4586) lr 8.4607e-02 eta 0:28:53
epoch [78/300] batch [2/6] time 0.277 (0.787) data 0.000 (0.529) loss 0.5558 (0.5072) acc 84.3750 (86.1328) loss_ce 0.5558 (0.5072) lr 8.4607e-02 eta 0:17:31
epoch [78/300] batch [3/6] time 0.218 (0.597) data 0.000 (0.353) loss 0.4951 (0.5032) acc 87.1094 (86.4583) loss_ce 0.4951 (0.5032) lr 8.4607e-02 eta 0:13:17
epoch [78/300] batch [4/6] time 0.185 (0.494) data 0.000 (0.265) loss 0.4438 (0.4883) acc 87.5000 (86.7188) loss_ce 0.4438 (0.4883) lr 8.4607e-02 eta 0:10:59
epoch [78/300] batch [5/6] time 0.181 (0.432) data 0.000 (0.212) loss 0.5151 (0.4937) acc 86.3281 (86.6406) loss_ce 0.5151 (0.4937) lr 8.4607e-02 eta 0:09:35
epoch [78/300] batch [6/6] time 0.089 (0.374) data 0.000 (0.176) loss 0.6227 (0.5152) acc 83.2031 (86.0677) loss_ce 0.6227 (0.5152) lr 8.4227e-02 eta 0:08:18
epoch [79/300] batch [1/6] time 1.232 (1.232) data 0.980 (0.980) loss 0.5087 (0.5087) acc 86.7188 (86.7188) loss_ce 0.5087 (0.5087) lr 8.4227e-02 eta 0:27:19
epoch [79/300] batch [2/6] time 0.278 (0.755) data 0.000 (0.490) loss 0.4489 (0.4788) acc 87.8906 (87.3047) loss_ce 0.4489 (0.4788) lr 8.4227e-02 eta 0:16:44
epoch [79/300] batch [3/6] time 0.209 (0.573) data 0.000 (0.327) loss 0.5281 (0.4952) acc 85.1562 (86.5885) loss_ce 0.5281 (0.4952) lr 8.4227e-02 eta 0:12:41
epoch [79/300] batch [4/6] time 0.185 (0.476) data 0.000 (0.245) loss 0.4505 (0.4840) acc 90.6250 (87.5977) loss_ce 0.4505 (0.4840) lr 8.4227e-02 eta 0:10:32
epoch [79/300] batch [5/6] time 0.185 (0.418) data 0.000 (0.196) loss 0.4576 (0.4788) acc 88.6719 (87.8125) loss_ce 0.4576 (0.4788) lr 8.4227e-02 eta 0:09:14
epoch [79/300] batch [6/6] time 0.160 (0.375) data 0.000 (0.164) loss 0.6319 (0.5043) acc 84.3750 (87.2396) loss_ce 0.6319 (0.5043) lr 8.3844e-02 eta 0:08:17
epoch [80/300] batch [1/6] time 1.229 (1.229) data 0.947 (0.947) loss 0.5101 (0.5101) acc 87.8906 (87.8906) loss_ce 0.5101 (0.5101) lr 8.3844e-02 eta 0:27:09
epoch [80/300] batch [2/6] time 0.285 (0.757) data 0.001 (0.474) loss 0.5900 (0.5500) acc 85.1562 (86.5234) loss_ce 0.5900 (0.5500) lr 8.3844e-02 eta 0:16:42
epoch [80/300] batch [3/6] time 0.190 (0.568) data 0.000 (0.316) loss 0.6433 (0.5811) acc 83.9844 (85.6771) loss_ce 0.6433 (0.5811) lr 8.3844e-02 eta 0:12:31
epoch [80/300] batch [4/6] time 0.170 (0.468) data 0.000 (0.237) loss 0.5667 (0.5775) acc 86.3281 (85.8398) loss_ce 0.5667 (0.5775) lr 8.3844e-02 eta 0:10:19
epoch [80/300] batch [5/6] time 0.185 (0.412) data 0.000 (0.190) loss 0.4783 (0.5577) acc 85.9375 (85.8594) loss_ce 0.4783 (0.5577) lr 8.3844e-02 eta 0:09:03
epoch [80/300] batch [6/6] time 0.185 (0.374) data 0.000 (0.158) loss 0.5589 (0.5579) acc 86.3281 (85.9375) loss_ce 0.5589 (0.5579) lr 8.3457e-02 eta 0:08:13
epoch [81/300] batch [1/6] time 1.050 (1.050) data 0.902 (0.902) loss 0.4793 (0.4793) acc 86.7188 (86.7188) loss_ce 0.4793 (0.4793) lr 8.3457e-02 eta 0:23:05
epoch [81/300] batch [2/6] time 0.236 (0.643) data 0.001 (0.452) loss 0.5986 (0.5390) acc 86.7188 (86.7188) loss_ce 0.5986 (0.5390) lr 8.3457e-02 eta 0:14:07
epoch [81/300] batch [3/6] time 0.185 (0.491) data 0.000 (0.301) loss 0.4743 (0.5174) acc 87.8906 (87.1094) loss_ce 0.4743 (0.5174) lr 8.3457e-02 eta 0:10:46
epoch [81/300] batch [4/6] time 0.168 (0.410) data 0.000 (0.226) loss 0.5518 (0.5260) acc 87.1094 (87.1094) loss_ce 0.5518 (0.5260) lr 8.3457e-02 eta 0:08:59
epoch [81/300] batch [5/6] time 0.173 (0.363) data 0.000 (0.181) loss 0.4558 (0.5120) acc 88.2812 (87.3438) loss_ce 0.4558 (0.5120) lr 8.3457e-02 eta 0:07:56
epoch [81/300] batch [6/6] time 0.185 (0.333) data 0.000 (0.151) loss 0.4696 (0.5049) acc 89.4531 (87.6953) loss_ce 0.4696 (0.5049) lr 8.3066e-02 eta 0:07:17
epoch [82/300] batch [1/6] time 1.102 (1.102) data 0.988 (0.988) loss 0.5750 (0.5750) acc 85.9375 (85.9375) loss_ce 0.5750 (0.5750) lr 8.3066e-02 eta 0:24:07
epoch [82/300] batch [2/6] time 0.179 (0.641) data 0.000 (0.494) loss 0.4339 (0.5044) acc 87.5000 (86.7188) loss_ce 0.4339 (0.5044) lr 8.3066e-02 eta 0:14:00
epoch [82/300] batch [3/6] time 0.184 (0.489) data 0.000 (0.329) loss 0.4599 (0.4896) acc 87.8906 (87.1094) loss_ce 0.4599 (0.4896) lr 8.3066e-02 eta 0:10:40
epoch [82/300] batch [4/6] time 0.185 (0.413) data 0.000 (0.247) loss 0.4181 (0.4717) acc 87.5000 (87.2070) loss_ce 0.4181 (0.4717) lr 8.3066e-02 eta 0:09:00
epoch [82/300] batch [5/6] time 0.185 (0.367) data 0.000 (0.198) loss 0.3697 (0.4513) acc 90.6250 (87.8906) loss_ce 0.3697 (0.4513) lr 8.3066e-02 eta 0:08:00
epoch [82/300] batch [6/6] time 0.194 (0.338) data 0.000 (0.165) loss 0.5957 (0.4754) acc 85.1562 (87.4349) loss_ce 0.5957 (0.4754) lr 8.2671e-02 eta 0:07:22
epoch [83/300] batch [1/6] time 1.065 (1.065) data 0.975 (0.975) loss 0.4000 (0.4000) acc 89.4531 (89.4531) loss_ce 0.4000 (0.4000) lr 8.2671e-02 eta 0:23:11
epoch [83/300] batch [2/6] time 0.089 (0.577) data 0.000 (0.488) loss 0.4945 (0.4472) acc 88.2812 (88.8672) loss_ce 0.4945 (0.4472) lr 8.2671e-02 eta 0:12:33
epoch [83/300] batch [3/6] time 0.141 (0.432) data 0.000 (0.325) loss 0.5412 (0.4785) acc 86.3281 (88.0208) loss_ce 0.5412 (0.4785) lr 8.2671e-02 eta 0:09:23
epoch [83/300] batch [4/6] time 0.185 (0.370) data 0.000 (0.244) loss 0.6022 (0.5095) acc 83.9844 (87.0117) loss_ce 0.6022 (0.5095) lr 8.2671e-02 eta 0:08:02
epoch [83/300] batch [5/6] time 0.315 (0.359) data 0.127 (0.221) loss 0.6170 (0.5310) acc 84.7656 (86.5625) loss_ce 0.6170 (0.5310) lr 8.2671e-02 eta 0:07:47
epoch [83/300] batch [6/6] time 0.170 (0.327) data 0.000 (0.184) loss 0.5743 (0.5382) acc 85.1562 (86.3281) loss_ce 0.5743 (0.5382) lr 8.2273e-02 eta 0:07:06
epoch [84/300] batch [1/6] time 1.270 (1.270) data 1.180 (1.180) loss 0.4840 (0.4840) acc 87.1094 (87.1094) loss_ce 0.4840 (0.4840) lr 8.2273e-02 eta 0:27:32
epoch [84/300] batch [2/6] time 0.112 (0.691) data 0.000 (0.590) loss 0.5059 (0.4950) acc 87.1094 (87.1094) loss_ce 0.5059 (0.4950) lr 8.2273e-02 eta 0:14:58
epoch [84/300] batch [3/6] time 0.185 (0.523) data 0.000 (0.394) loss 0.5760 (0.5220) acc 83.9844 (86.0677) loss_ce 0.5760 (0.5220) lr 8.2273e-02 eta 0:11:18
epoch [84/300] batch [4/6] time 0.185 (0.438) data 0.000 (0.295) loss 0.5890 (0.5387) acc 85.9375 (86.0352) loss_ce 0.5890 (0.5387) lr 8.2273e-02 eta 0:09:28
epoch [84/300] batch [5/6] time 0.256 (0.402) data 0.000 (0.236) loss 0.5467 (0.5403) acc 85.5469 (85.9375) loss_ce 0.5467 (0.5403) lr 8.2273e-02 eta 0:08:41
epoch [84/300] batch [6/6] time 0.278 (0.381) data 0.000 (0.197) loss 0.5057 (0.5346) acc 87.1094 (86.1328) loss_ce 0.5057 (0.5346) lr 8.1871e-02 eta 0:08:14
epoch [85/300] batch [1/6] time 1.044 (1.044) data 0.955 (0.955) loss 0.6575 (0.6575) acc 83.2031 (83.2031) loss_ce 0.6575 (0.6575) lr 8.1871e-02 eta 0:22:32
epoch [85/300] batch [2/6] time 0.089 (0.567) data 0.000 (0.477) loss 0.6410 (0.6492) acc 83.5938 (83.3984) loss_ce 0.6410 (0.6492) lr 8.1871e-02 eta 0:12:13
epoch [85/300] batch [3/6] time 0.089 (0.407) data 0.000 (0.318) loss 0.6444 (0.6476) acc 82.0312 (82.9427) loss_ce 0.6444 (0.6476) lr 8.1871e-02 eta 0:08:46
epoch [85/300] batch [4/6] time 0.108 (0.332) data 0.000 (0.239) loss 0.4917 (0.6086) acc 88.2812 (84.2773) loss_ce 0.4917 (0.6086) lr 8.1871e-02 eta 0:07:09
epoch [85/300] batch [5/6] time 0.450 (0.356) data 0.190 (0.229) loss 0.5394 (0.5948) acc 86.7188 (84.7656) loss_ce 0.5394 (0.5948) lr 8.1871e-02 eta 0:07:39
epoch [85/300] batch [6/6] time 0.276 (0.343) data 0.000 (0.191) loss 0.5589 (0.5888) acc 86.3281 (85.0260) loss_ce 0.5589 (0.5888) lr 8.1466e-02 eta 0:07:21
epoch [86/300] batch [1/6] time 0.947 (0.947) data 0.857 (0.857) loss 0.4113 (0.4113) acc 88.6719 (88.6719) loss_ce 0.4113 (0.4113) lr 8.1466e-02 eta 0:20:21
epoch [86/300] batch [2/6] time 0.150 (0.549) data 0.062 (0.460) loss 0.5532 (0.4823) acc 86.7188 (87.6953) loss_ce 0.5532 (0.4823) lr 8.1466e-02 eta 0:11:46
epoch [86/300] batch [3/6] time 0.089 (0.396) data 0.000 (0.306) loss 0.4992 (0.4879) acc 87.5000 (87.6302) loss_ce 0.4992 (0.4879) lr 8.1466e-02 eta 0:08:29
epoch [86/300] batch [4/6] time 0.089 (0.319) data 0.000 (0.230) loss 0.5999 (0.5159) acc 83.9844 (86.7188) loss_ce 0.5999 (0.5159) lr 8.1466e-02 eta 0:06:50
epoch [86/300] batch [5/6] time 0.517 (0.358) data 0.238 (0.231) loss 0.4162 (0.4960) acc 89.8438 (87.3438) loss_ce 0.4162 (0.4960) lr 8.1466e-02 eta 0:07:40
epoch [86/300] batch [6/6] time 0.278 (0.345) data 0.000 (0.193) loss 0.5434 (0.5039) acc 86.3281 (87.1745) loss_ce 0.5434 (0.5039) lr 8.1057e-02 eta 0:07:23
epoch [87/300] batch [1/6] time 1.195 (1.195) data 1.103 (1.103) loss 0.5805 (0.5805) acc 85.1562 (85.1562) loss_ce 0.5805 (0.5805) lr 8.1057e-02 eta 0:25:33
epoch [87/300] batch [2/6] time 0.090 (0.642) data 0.000 (0.552) loss 0.5051 (0.5428) acc 88.6719 (86.9141) loss_ce 0.5051 (0.5428) lr 8.1057e-02 eta 0:13:43
epoch [87/300] batch [3/6] time 0.089 (0.458) data 0.000 (0.368) loss 0.4881 (0.5246) acc 86.3281 (86.7188) loss_ce 0.4881 (0.5246) lr 8.1057e-02 eta 0:09:46
epoch [87/300] batch [4/6] time 0.261 (0.409) data 0.000 (0.276) loss 0.4924 (0.5165) acc 88.2812 (87.1094) loss_ce 0.4924 (0.5165) lr 8.1057e-02 eta 0:08:43
epoch [87/300] batch [5/6] time 0.441 (0.415) data 0.160 (0.253) loss 0.4939 (0.5120) acc 85.1562 (86.7188) loss_ce 0.4939 (0.5120) lr 8.1057e-02 eta 0:08:51
epoch [87/300] batch [6/6] time 0.281 (0.393) data 0.000 (0.211) loss 0.6612 (0.5369) acc 81.6406 (85.8724) loss_ce 0.6612 (0.5369) lr 8.0645e-02 eta 0:08:22
epoch [88/300] batch [1/6] time 1.187 (1.187) data 1.097 (1.097) loss 0.5424 (0.5424) acc 86.3281 (86.3281) loss_ce 0.5424 (0.5424) lr 8.0645e-02 eta 0:25:15
epoch [88/300] batch [2/6] time 0.089 (0.638) data 0.000 (0.549) loss 0.5124 (0.5274) acc 87.5000 (86.9141) loss_ce 0.5124 (0.5274) lr 8.0645e-02 eta 0:13:34
epoch [88/300] batch [3/6] time 0.103 (0.460) data 0.000 (0.366) loss 0.5421 (0.5323) acc 85.9375 (86.5885) loss_ce 0.5421 (0.5323) lr 8.0645e-02 eta 0:09:45
epoch [88/300] batch [4/6] time 0.274 (0.413) data 0.000 (0.274) loss 0.5355 (0.5331) acc 85.5469 (86.3281) loss_ce 0.5355 (0.5331) lr 8.0645e-02 eta 0:08:46
epoch [88/300] batch [5/6] time 0.310 (0.392) data 0.036 (0.227) loss 0.4440 (0.5153) acc 89.0625 (86.8750) loss_ce 0.4440 (0.5153) lr 8.0645e-02 eta 0:08:19
epoch [88/300] batch [6/6] time 0.274 (0.373) data 0.000 (0.189) loss 0.6356 (0.5354) acc 85.5469 (86.6536) loss_ce 0.6356 (0.5354) lr 8.0230e-02 eta 0:07:54
epoch [89/300] batch [1/6] time 1.205 (1.205) data 1.114 (1.114) loss 0.4908 (0.4908) acc 88.2812 (88.2812) loss_ce 0.4908 (0.4908) lr 8.0230e-02 eta 0:25:30
epoch [89/300] batch [2/6] time 0.089 (0.647) data 0.000 (0.557) loss 0.4099 (0.4503) acc 90.2344 (89.2578) loss_ce 0.4099 (0.4503) lr 8.0230e-02 eta 0:13:41
epoch [89/300] batch [3/6] time 0.089 (0.461) data 0.000 (0.372) loss 0.4259 (0.4422) acc 89.8438 (89.4531) loss_ce 0.4259 (0.4422) lr 8.0230e-02 eta 0:09:44
epoch [89/300] batch [4/6] time 0.089 (0.368) data 0.000 (0.279) loss 0.4164 (0.4357) acc 89.0625 (89.3555) loss_ce 0.4164 (0.4357) lr 8.0230e-02 eta 0:07:46
epoch [89/300] batch [5/6] time 0.474 (0.389) data 0.194 (0.262) loss 0.4460 (0.4378) acc 88.2812 (89.1406) loss_ce 0.4460 (0.4378) lr 8.0230e-02 eta 0:08:13
epoch [89/300] batch [6/6] time 0.278 (0.371) data 0.000 (0.218) loss 0.6242 (0.4689) acc 82.8125 (88.0859) loss_ce 0.6242 (0.4689) lr 7.9811e-02 eta 0:07:49
epoch [90/300] batch [1/6] time 1.004 (1.004) data 0.914 (0.914) loss 0.6347 (0.6347) acc 83.2031 (83.2031) loss_ce 0.6347 (0.6347) lr 7.9811e-02 eta 0:21:09
epoch [90/300] batch [2/6] time 0.139 (0.571) data 0.050 (0.482) loss 0.5472 (0.5910) acc 84.3750 (83.7891) loss_ce 0.5472 (0.5910) lr 7.9811e-02 eta 0:12:01
epoch [90/300] batch [3/6] time 0.089 (0.410) data 0.000 (0.321) loss 0.4449 (0.5423) acc 88.2812 (85.2865) loss_ce 0.4449 (0.5423) lr 7.9811e-02 eta 0:08:38
epoch [90/300] batch [4/6] time 0.089 (0.330) data 0.000 (0.241) loss 0.3829 (0.5024) acc 90.2344 (86.5234) loss_ce 0.3829 (0.5024) lr 7.9811e-02 eta 0:06:56
epoch [90/300] batch [5/6] time 0.593 (0.383) data 0.330 (0.259) loss 0.4732 (0.4966) acc 87.1094 (86.6406) loss_ce 0.4732 (0.4966) lr 7.9811e-02 eta 0:08:02
epoch [90/300] batch [6/6] time 0.273 (0.364) data 0.000 (0.216) loss 0.5068 (0.4983) acc 85.9375 (86.5234) loss_ce 0.5068 (0.4983) lr 7.9389e-02 eta 0:07:39
epoch [91/300] batch [1/6] time 1.062 (1.062) data 0.972 (0.972) loss 0.4752 (0.4752) acc 86.3281 (86.3281) loss_ce 0.4752 (0.4752) lr 7.9389e-02 eta 0:22:17
epoch [91/300] batch [2/6] time 0.089 (0.576) data 0.000 (0.486) loss 0.5022 (0.4887) acc 85.1562 (85.7422) loss_ce 0.5022 (0.4887) lr 7.9389e-02 eta 0:12:04
epoch [91/300] batch [3/6] time 0.089 (0.413) data 0.000 (0.324) loss 0.4287 (0.4687) acc 89.0625 (86.8490) loss_ce 0.4287 (0.4687) lr 7.9389e-02 eta 0:08:39
epoch [91/300] batch [4/6] time 0.089 (0.332) data 0.000 (0.243) loss 0.4757 (0.4705) acc 86.7188 (86.8164) loss_ce 0.4757 (0.4705) lr 7.9389e-02 eta 0:06:57
epoch [91/300] batch [5/6] time 0.539 (0.374) data 0.261 (0.247) loss 0.5646 (0.4893) acc 83.2031 (86.0938) loss_ce 0.5646 (0.4893) lr 7.9389e-02 eta 0:07:48
epoch [91/300] batch [6/6] time 0.280 (0.358) data 0.000 (0.206) loss 0.3883 (0.4724) acc 89.0625 (86.5885) loss_ce 0.3883 (0.4724) lr 7.8964e-02 eta 0:07:29
epoch [92/300] batch [1/6] time 1.075 (1.075) data 0.985 (0.985) loss 0.4703 (0.4703) acc 88.2812 (88.2812) loss_ce 0.4703 (0.4703) lr 7.8964e-02 eta 0:22:26
epoch [92/300] batch [2/6] time 0.089 (0.582) data 0.000 (0.493) loss 0.4869 (0.4786) acc 88.2812 (88.2812) loss_ce 0.4869 (0.4786) lr 7.8964e-02 eta 0:12:08
epoch [92/300] batch [3/6] time 0.089 (0.417) data 0.000 (0.328) loss 0.5391 (0.4988) acc 86.7188 (87.7604) loss_ce 0.5391 (0.4988) lr 7.8964e-02 eta 0:08:42
epoch [92/300] batch [4/6] time 0.089 (0.335) data 0.000 (0.246) loss 0.4996 (0.4990) acc 88.2812 (87.8906) loss_ce 0.4996 (0.4990) lr 7.8964e-02 eta 0:06:59
epoch [92/300] batch [5/6] time 0.604 (0.389) data 0.327 (0.263) loss 0.5611 (0.5114) acc 85.5469 (87.4219) loss_ce 0.5611 (0.5114) lr 7.8964e-02 eta 0:08:05
epoch [92/300] batch [6/6] time 0.278 (0.371) data 0.000 (0.219) loss 0.4433 (0.5001) acc 90.2344 (87.8906) loss_ce 0.4433 (0.5001) lr 7.8536e-02 eta 0:07:42
epoch [93/300] batch [1/6] time 0.990 (0.990) data 0.900 (0.900) loss 0.5742 (0.5742) acc 87.8906 (87.8906) loss_ce 0.5742 (0.5742) lr 7.8536e-02 eta 0:20:34
epoch [93/300] batch [2/6] time 0.183 (0.586) data 0.094 (0.497) loss 0.5006 (0.5374) acc 89.0625 (88.4766) loss_ce 0.5006 (0.5374) lr 7.8536e-02 eta 0:12:10
epoch [93/300] batch [3/6] time 0.089 (0.420) data 0.000 (0.331) loss 0.4958 (0.5235) acc 85.9375 (87.6302) loss_ce 0.4958 (0.5235) lr 7.8536e-02 eta 0:08:43
epoch [93/300] batch [4/6] time 0.089 (0.338) data 0.000 (0.249) loss 0.5066 (0.5193) acc 86.7188 (87.4023) loss_ce 0.5066 (0.5193) lr 7.8536e-02 eta 0:06:59
epoch [93/300] batch [5/6] time 0.514 (0.373) data 0.264 (0.252) loss 0.5221 (0.5199) acc 87.5000 (87.4219) loss_ce 0.5221 (0.5199) lr 7.8536e-02 eta 0:07:43
epoch [93/300] batch [6/6] time 0.278 (0.357) data 0.000 (0.210) loss 0.5200 (0.5199) acc 88.2812 (87.5651) loss_ce 0.5200 (0.5199) lr 7.8104e-02 eta 0:07:23
epoch [94/300] batch [1/6] time 0.997 (0.997) data 0.906 (0.906) loss 0.4506 (0.4506) acc 88.6719 (88.6719) loss_ce 0.4506 (0.4506) lr 7.8104e-02 eta 0:20:36
epoch [94/300] batch [2/6] time 0.102 (0.549) data 0.001 (0.454) loss 0.5633 (0.5069) acc 85.9375 (87.3047) loss_ce 0.5633 (0.5069) lr 7.8104e-02 eta 0:11:21
epoch [94/300] batch [3/6] time 0.089 (0.396) data 0.000 (0.302) loss 0.5346 (0.5161) acc 83.9844 (86.1979) loss_ce 0.5346 (0.5161) lr 7.8104e-02 eta 0:08:10
epoch [94/300] batch [4/6] time 0.089 (0.319) data 0.000 (0.227) loss 0.5759 (0.5311) acc 83.9844 (85.6445) loss_ce 0.5759 (0.5311) lr 7.8104e-02 eta 0:06:34
epoch [94/300] batch [5/6] time 0.609 (0.377) data 0.332 (0.248) loss 0.4010 (0.5051) acc 88.6719 (86.2500) loss_ce 0.4010 (0.5051) lr 7.8104e-02 eta 0:07:46
epoch [94/300] batch [6/6] time 0.280 (0.361) data 0.000 (0.207) loss 0.4963 (0.5036) acc 87.5000 (86.4583) loss_ce 0.4963 (0.5036) lr 7.7670e-02 eta 0:07:25
epoch [95/300] batch [1/6] time 0.993 (0.993) data 0.903 (0.903) loss 0.4842 (0.4842) acc 89.4531 (89.4531) loss_ce 0.4842 (0.4842) lr 7.7670e-02 eta 0:20:26
epoch [95/300] batch [2/6] time 0.097 (0.545) data 0.000 (0.452) loss 0.5327 (0.5084) acc 86.3281 (87.8906) loss_ce 0.5327 (0.5084) lr 7.7670e-02 eta 0:11:12
epoch [95/300] batch [3/6] time 0.088 (0.393) data 0.000 (0.301) loss 0.4172 (0.4780) acc 88.6719 (88.1510) loss_ce 0.4172 (0.4780) lr 7.7670e-02 eta 0:08:04
epoch [95/300] batch [4/6] time 0.089 (0.317) data 0.000 (0.226) loss 0.6037 (0.5094) acc 83.9844 (87.1094) loss_ce 0.6037 (0.5094) lr 7.7670e-02 eta 0:06:30
epoch [95/300] batch [5/6] time 0.455 (0.344) data 0.247 (0.230) loss 0.5160 (0.5108) acc 87.1094 (87.1094) loss_ce 0.5160 (0.5108) lr 7.7670e-02 eta 0:07:03
epoch [95/300] batch [6/6] time 0.277 (0.333) data 0.000 (0.192) loss 0.4919 (0.5076) acc 90.6250 (87.6953) loss_ce 0.4919 (0.5076) lr 7.7232e-02 eta 0:06:49
epoch [96/300] batch [1/6] time 1.054 (1.054) data 0.963 (0.963) loss 0.5325 (0.5325) acc 85.5469 (85.5469) loss_ce 0.5325 (0.5325) lr 7.7232e-02 eta 0:21:35
epoch [96/300] batch [2/6] time 0.090 (0.572) data 0.000 (0.482) loss 0.4317 (0.4821) acc 88.6719 (87.1094) loss_ce 0.4317 (0.4821) lr 7.7232e-02 eta 0:11:42
epoch [96/300] batch [3/6] time 0.089 (0.411) data 0.000 (0.321) loss 0.5439 (0.5027) acc 86.3281 (86.8490) loss_ce 0.5439 (0.5027) lr 7.7232e-02 eta 0:08:24
epoch [96/300] batch [4/6] time 0.089 (0.330) data 0.000 (0.241) loss 0.5488 (0.5142) acc 85.5469 (86.5234) loss_ce 0.5488 (0.5142) lr 7.7232e-02 eta 0:06:45
epoch [96/300] batch [5/6] time 0.650 (0.394) data 0.372 (0.267) loss 0.5129 (0.5139) acc 86.3281 (86.4844) loss_ce 0.5129 (0.5139) lr 7.7232e-02 eta 0:08:03
epoch [96/300] batch [6/6] time 0.262 (0.372) data 0.000 (0.223) loss 0.5346 (0.5174) acc 85.5469 (86.3281) loss_ce 0.5346 (0.5174) lr 7.6791e-02 eta 0:07:35
epoch [97/300] batch [1/6] time 1.102 (1.102) data 1.012 (1.012) loss 0.4334 (0.4334) acc 88.2812 (88.2812) loss_ce 0.4334 (0.4334) lr 7.6791e-02 eta 0:22:28
epoch [97/300] batch [2/6] time 0.089 (0.596) data 0.000 (0.506) loss 0.4114 (0.4224) acc 91.0156 (89.6484) loss_ce 0.4114 (0.4224) lr 7.6791e-02 eta 0:12:08
epoch [97/300] batch [3/6] time 0.089 (0.427) data 0.000 (0.338) loss 0.4451 (0.4299) acc 88.2812 (89.1927) loss_ce 0.4451 (0.4299) lr 7.6791e-02 eta 0:08:41
epoch [97/300] batch [4/6] time 0.089 (0.342) data 0.000 (0.253) loss 0.5122 (0.4505) acc 88.2812 (88.9648) loss_ce 0.5122 (0.4505) lr 7.6791e-02 eta 0:06:57
epoch [97/300] batch [5/6] time 0.513 (0.377) data 0.260 (0.255) loss 0.5340 (0.4672) acc 86.3281 (88.4375) loss_ce 0.5340 (0.4672) lr 7.6791e-02 eta 0:07:39
epoch [97/300] batch [6/6] time 0.277 (0.360) data 0.000 (0.212) loss 0.4880 (0.4707) acc 89.0625 (88.5417) loss_ce 0.4880 (0.4707) lr 7.6348e-02 eta 0:07:18
epoch [98/300] batch [1/6] time 0.977 (0.977) data 0.886 (0.886) loss 0.5810 (0.5810) acc 84.7656 (84.7656) loss_ce 0.5810 (0.5810) lr 7.6348e-02 eta 0:19:48
epoch [98/300] batch [2/6] time 0.124 (0.550) data 0.034 (0.460) loss 0.5912 (0.5861) acc 84.3750 (84.5703) loss_ce 0.5912 (0.5861) lr 7.6348e-02 eta 0:11:09
epoch [98/300] batch [3/6] time 0.089 (0.397) data 0.000 (0.307) loss 0.5268 (0.5663) acc 87.8906 (85.6771) loss_ce 0.5268 (0.5663) lr 7.6348e-02 eta 0:08:01
epoch [98/300] batch [4/6] time 0.089 (0.320) data 0.000 (0.230) loss 0.5142 (0.5533) acc 85.9375 (85.7422) loss_ce 0.5142 (0.5533) lr 7.6348e-02 eta 0:06:28
epoch [98/300] batch [5/6] time 0.299 (0.315) data 0.210 (0.226) loss 0.5949 (0.5616) acc 83.5938 (85.3125) loss_ce 0.5949 (0.5616) lr 7.6348e-02 eta 0:06:22
epoch [98/300] batch [6/6] time 0.165 (0.290) data 0.000 (0.189) loss 0.5857 (0.5656) acc 87.1094 (85.6120) loss_ce 0.5857 (0.5656) lr 7.5901e-02 eta 0:05:51
epoch [99/300] batch [1/6] time 1.141 (1.141) data 1.050 (1.050) loss 0.5167 (0.5167) acc 86.7188 (86.7188) loss_ce 0.5167 (0.5167) lr 7.5901e-02 eta 0:23:01
epoch [99/300] batch [2/6] time 0.089 (0.615) data 0.000 (0.525) loss 0.4548 (0.4857) acc 87.8906 (87.3047) loss_ce 0.4548 (0.4857) lr 7.5901e-02 eta 0:12:23
epoch [99/300] batch [3/6] time 0.089 (0.439) data 0.000 (0.350) loss 0.4952 (0.4889) acc 88.2812 (87.6302) loss_ce 0.4952 (0.4889) lr 7.5901e-02 eta 0:08:51
epoch [99/300] batch [4/6] time 0.089 (0.352) data 0.000 (0.263) loss 0.5556 (0.5056) acc 86.7188 (87.4023) loss_ce 0.5556 (0.5056) lr 7.5901e-02 eta 0:07:05
epoch [99/300] batch [5/6] time 0.354 (0.352) data 0.266 (0.263) loss 0.5006 (0.5046) acc 85.9375 (87.1094) loss_ce 0.5006 (0.5046) lr 7.5901e-02 eta 0:07:05
epoch [99/300] batch [6/6] time 0.139 (0.317) data 0.000 (0.219) loss 0.6406 (0.5272) acc 83.2031 (86.4583) loss_ce 0.6406 (0.5272) lr 7.5452e-02 eta 0:06:22
epoch [100/300] batch [1/6] time 1.088 (1.088) data 0.892 (0.892) loss 0.5970 (0.5970) acc 82.4219 (82.4219) loss_ce 0.5970 (0.5970) lr 7.5452e-02 eta 0:21:51
epoch [100/300] batch [2/6] time 0.114 (0.601) data 0.000 (0.446) loss 0.5230 (0.5600) acc 85.1562 (83.7891) loss_ce 0.5230 (0.5600) lr 7.5452e-02 eta 0:12:03
epoch [100/300] batch [3/6] time 0.089 (0.430) data 0.000 (0.298) loss 0.5309 (0.5503) acc 86.7188 (84.7656) loss_ce 0.5309 (0.5503) lr 7.5452e-02 eta 0:08:37
epoch [100/300] batch [4/6] time 0.090 (0.345) data 0.000 (0.223) loss 0.5217 (0.5432) acc 87.5000 (85.4492) loss_ce 0.5217 (0.5432) lr 7.5452e-02 eta 0:06:54
epoch [100/300] batch [5/6] time 0.232 (0.323) data 0.123 (0.203) loss 0.3689 (0.5083) acc 90.6250 (86.4844) loss_ce 0.3689 (0.5083) lr 7.5452e-02 eta 0:06:27
epoch [100/300] batch [6/6] time 0.089 (0.284) data 0.000 (0.169) loss 0.4052 (0.4911) acc 89.8438 (87.0443) loss_ce 0.4052 (0.4911) lr 7.5000e-02 eta 0:05:40
epoch [101/300] batch [1/6] time 1.229 (1.229) data 1.003 (1.003) loss 0.5184 (0.5184) acc 86.3281 (86.3281) loss_ce 0.5184 (0.5184) lr 7.5000e-02 eta 0:24:34
epoch [101/300] batch [2/6] time 0.180 (0.705) data 0.000 (0.502) loss 0.6281 (0.5733) acc 83.9844 (85.1562) loss_ce 0.6281 (0.5733) lr 7.5000e-02 eta 0:14:04
epoch [101/300] batch [3/6] time 0.089 (0.500) data 0.000 (0.334) loss 0.4595 (0.5353) acc 90.2344 (86.8490) loss_ce 0.4595 (0.5353) lr 7.5000e-02 eta 0:09:58
epoch [101/300] batch [4/6] time 0.107 (0.402) data 0.000 (0.251) loss 0.4716 (0.5194) acc 90.2344 (87.6953) loss_ce 0.4716 (0.5194) lr 7.5000e-02 eta 0:08:00
epoch [101/300] batch [5/6] time 0.089 (0.339) data 0.000 (0.201) loss 0.4420 (0.5039) acc 89.4531 (88.0469) loss_ce 0.4420 (0.5039) lr 7.5000e-02 eta 0:06:45
epoch [101/300] batch [6/6] time 0.089 (0.297) data 0.000 (0.167) loss 0.5313 (0.5085) acc 86.7188 (87.8255) loss_ce 0.5313 (0.5085) lr 7.4545e-02 eta 0:05:54
epoch [102/300] batch [1/6] time 1.192 (1.192) data 0.946 (0.946) loss 0.4396 (0.4396) acc 89.8438 (89.8438) loss_ce 0.4396 (0.4396) lr 7.4545e-02 eta 0:23:42
epoch [102/300] batch [2/6] time 0.282 (0.737) data 0.001 (0.473) loss 0.5216 (0.4806) acc 88.2812 (89.0625) loss_ce 0.5216 (0.4806) lr 7.4545e-02 eta 0:14:38
epoch [102/300] batch [3/6] time 0.209 (0.561) data 0.000 (0.316) loss 0.4365 (0.4659) acc 89.0625 (89.0625) loss_ce 0.4365 (0.4659) lr 7.4545e-02 eta 0:11:08
epoch [102/300] batch [4/6] time 0.089 (0.443) data 0.000 (0.237) loss 0.6065 (0.5010) acc 85.5469 (88.1836) loss_ce 0.6065 (0.5010) lr 7.4545e-02 eta 0:08:47
epoch [102/300] batch [5/6] time 0.089 (0.372) data 0.000 (0.189) loss 0.5111 (0.5030) acc 86.7188 (87.8906) loss_ce 0.5111 (0.5030) lr 7.4545e-02 eta 0:07:22
epoch [102/300] batch [6/6] time 0.089 (0.325) data 0.000 (0.158) loss 0.4713 (0.4978) acc 88.2812 (87.9557) loss_ce 0.4713 (0.4978) lr 7.4088e-02 eta 0:06:26
epoch [103/300] batch [1/6] time 1.153 (1.153) data 0.876 (0.876) loss 0.4830 (0.4830) acc 87.1094 (87.1094) loss_ce 0.4830 (0.4830) lr 7.4088e-02 eta 0:22:48
epoch [103/300] batch [2/6] time 0.278 (0.716) data 0.000 (0.438) loss 0.5323 (0.5077) acc 87.5000 (87.3047) loss_ce 0.5323 (0.5077) lr 7.4088e-02 eta 0:14:08
epoch [103/300] batch [3/6] time 0.278 (0.570) data 0.000 (0.292) loss 0.5344 (0.5166) acc 86.7188 (87.1094) loss_ce 0.5344 (0.5166) lr 7.4088e-02 eta 0:11:15
epoch [103/300] batch [4/6] time 0.279 (0.497) data 0.000 (0.219) loss 0.6596 (0.5523) acc 82.8125 (86.0352) loss_ce 0.6596 (0.5523) lr 7.4088e-02 eta 0:09:48
epoch [103/300] batch [5/6] time 0.189 (0.435) data 0.000 (0.175) loss 0.4461 (0.5311) acc 86.7188 (86.1719) loss_ce 0.4461 (0.5311) lr 7.4088e-02 eta 0:08:35
epoch [103/300] batch [6/6] time 0.089 (0.378) data 0.000 (0.146) loss 0.4915 (0.5245) acc 87.1094 (86.3281) loss_ce 0.4915 (0.5245) lr 7.3628e-02 eta 0:07:26
epoch [104/300] batch [1/6] time 1.237 (1.237) data 0.958 (0.958) loss 0.4693 (0.4693) acc 86.7188 (86.7188) loss_ce 0.4693 (0.4693) lr 7.3628e-02 eta 0:24:20
epoch [104/300] batch [2/6] time 0.278 (0.757) data 0.000 (0.479) loss 0.5077 (0.4885) acc 87.8906 (87.3047) loss_ce 0.5077 (0.4885) lr 7.3628e-02 eta 0:14:53
epoch [104/300] batch [3/6] time 0.305 (0.606) data 0.000 (0.319) loss 0.5387 (0.5052) acc 87.5000 (87.3698) loss_ce 0.5387 (0.5052) lr 7.3628e-02 eta 0:11:54
epoch [104/300] batch [4/6] time 0.278 (0.524) data 0.000 (0.240) loss 0.5314 (0.5118) acc 85.1562 (86.8164) loss_ce 0.5314 (0.5118) lr 7.3628e-02 eta 0:10:17
epoch [104/300] batch [5/6] time 0.263 (0.472) data 0.000 (0.192) loss 0.6190 (0.5332) acc 83.2031 (86.0938) loss_ce 0.6190 (0.5332) lr 7.3628e-02 eta 0:09:15
epoch [104/300] batch [6/6] time 0.100 (0.410) data 0.000 (0.160) loss 0.4492 (0.5192) acc 87.5000 (86.3281) loss_ce 0.4492 (0.5192) lr 7.3165e-02 eta 0:08:02
epoch [105/300] batch [1/6] time 1.112 (1.112) data 0.862 (0.862) loss 0.4555 (0.4555) acc 89.4531 (89.4531) loss_ce 0.4555 (0.4555) lr 7.3165e-02 eta 0:21:46
epoch [105/300] batch [2/6] time 0.277 (0.695) data 0.000 (0.431) loss 0.4967 (0.4761) acc 87.1094 (88.2812) loss_ce 0.4967 (0.4761) lr 7.3165e-02 eta 0:13:35
epoch [105/300] batch [3/6] time 0.263 (0.551) data 0.000 (0.287) loss 0.4984 (0.4835) acc 84.7656 (87.1094) loss_ce 0.4984 (0.4835) lr 7.3165e-02 eta 0:10:46
epoch [105/300] batch [4/6] time 0.278 (0.483) data 0.000 (0.216) loss 0.5588 (0.5023) acc 86.3281 (86.9141) loss_ce 0.5588 (0.5023) lr 7.3165e-02 eta 0:09:25
epoch [105/300] batch [5/6] time 0.279 (0.442) data 0.000 (0.172) loss 0.6162 (0.5251) acc 85.1562 (86.5625) loss_ce 0.6162 (0.5251) lr 7.3165e-02 eta 0:08:37
epoch [105/300] batch [6/6] time 0.239 (0.408) data 0.000 (0.144) loss 0.5306 (0.5260) acc 87.5000 (86.7188) loss_ce 0.5306 (0.5260) lr 7.2700e-02 eta 0:07:57
epoch [106/300] batch [1/6] time 1.172 (1.172) data 0.952 (0.952) loss 0.5379 (0.5379) acc 86.7188 (86.7188) loss_ce 0.5379 (0.5379) lr 7.2700e-02 eta 0:22:49
epoch [106/300] batch [2/6] time 0.276 (0.724) data 0.000 (0.476) loss 0.4255 (0.4817) acc 89.8438 (88.2812) loss_ce 0.4255 (0.4817) lr 7.2700e-02 eta 0:14:05
epoch [106/300] batch [3/6] time 0.280 (0.576) data 0.000 (0.317) loss 0.6250 (0.5295) acc 85.5469 (87.3698) loss_ce 0.6250 (0.5295) lr 7.2700e-02 eta 0:11:11
epoch [106/300] batch [4/6] time 0.281 (0.502) data 0.000 (0.238) loss 0.3607 (0.4873) acc 91.4062 (88.3789) loss_ce 0.3607 (0.4873) lr 7.2700e-02 eta 0:09:45
epoch [106/300] batch [5/6] time 0.281 (0.458) data 0.000 (0.190) loss 0.5260 (0.4950) acc 87.1094 (88.1250) loss_ce 0.5260 (0.4950) lr 7.2700e-02 eta 0:08:53
epoch [106/300] batch [6/6] time 0.185 (0.412) data 0.000 (0.159) loss 0.5707 (0.5076) acc 85.5469 (87.6953) loss_ce 0.5707 (0.5076) lr 7.2232e-02 eta 0:07:59
epoch [107/300] batch [1/6] time 1.222 (1.222) data 0.973 (0.973) loss 0.5039 (0.5039) acc 86.7188 (86.7188) loss_ce 0.5039 (0.5039) lr 7.2232e-02 eta 0:23:41
epoch [107/300] batch [2/6] time 0.277 (0.750) data 0.000 (0.487) loss 0.4797 (0.4918) acc 90.6250 (88.6719) loss_ce 0.4797 (0.4918) lr 7.2232e-02 eta 0:14:31
epoch [107/300] batch [3/6] time 0.278 (0.592) data 0.000 (0.324) loss 0.4923 (0.4919) acc 88.6719 (88.6719) loss_ce 0.4923 (0.4919) lr 7.2232e-02 eta 0:11:27
epoch [107/300] batch [4/6] time 0.278 (0.514) data 0.000 (0.243) loss 0.5914 (0.5168) acc 85.1562 (87.7930) loss_ce 0.5914 (0.5168) lr 7.2232e-02 eta 0:09:56
epoch [107/300] batch [5/6] time 0.207 (0.453) data 0.000 (0.195) loss 0.4485 (0.5031) acc 86.7188 (87.5781) loss_ce 0.4485 (0.5031) lr 7.2232e-02 eta 0:08:44
epoch [107/300] batch [6/6] time 0.185 (0.408) data 0.000 (0.162) loss 0.4645 (0.4967) acc 87.5000 (87.5651) loss_ce 0.4645 (0.4967) lr 7.1762e-02 eta 0:07:52
epoch [108/300] batch [1/6] time 1.276 (1.276) data 1.073 (1.073) loss 0.5571 (0.5571) acc 87.1094 (87.1094) loss_ce 0.5571 (0.5571) lr 7.1762e-02 eta 0:24:35
epoch [108/300] batch [2/6] time 0.278 (0.777) data 0.000 (0.537) loss 0.6207 (0.5889) acc 83.5938 (85.3516) loss_ce 0.6207 (0.5889) lr 7.1762e-02 eta 0:14:57
epoch [108/300] batch [3/6] time 0.262 (0.605) data 0.000 (0.358) loss 0.5547 (0.5775) acc 85.9375 (85.5469) loss_ce 0.5547 (0.5775) lr 7.1762e-02 eta 0:11:39
epoch [108/300] batch [4/6] time 0.185 (0.500) data 0.000 (0.268) loss 0.5235 (0.5640) acc 86.3281 (85.7422) loss_ce 0.5235 (0.5640) lr 7.1762e-02 eta 0:09:37
epoch [108/300] batch [5/6] time 0.185 (0.437) data 0.000 (0.215) loss 0.4762 (0.5464) acc 88.2812 (86.2500) loss_ce 0.4762 (0.5464) lr 7.1762e-02 eta 0:08:23
epoch [108/300] batch [6/6] time 0.181 (0.394) data 0.000 (0.179) loss 0.4311 (0.5272) acc 89.4531 (86.7839) loss_ce 0.4311 (0.5272) lr 7.1289e-02 eta 0:07:34
epoch [109/300] batch [1/6] time 1.310 (1.310) data 1.031 (1.031) loss 0.4551 (0.4551) acc 89.0625 (89.0625) loss_ce 0.4551 (0.4551) lr 7.1289e-02 eta 0:25:07
epoch [109/300] batch [2/6] time 0.280 (0.795) data 0.000 (0.516) loss 0.4876 (0.4713) acc 88.2812 (88.6719) loss_ce 0.4876 (0.4713) lr 7.1289e-02 eta 0:15:14
epoch [109/300] batch [3/6] time 0.185 (0.592) data 0.000 (0.344) loss 0.5361 (0.4929) acc 84.7656 (87.3698) loss_ce 0.5361 (0.4929) lr 7.1289e-02 eta 0:11:19
epoch [109/300] batch [4/6] time 0.185 (0.490) data 0.000 (0.258) loss 0.4021 (0.4702) acc 88.2812 (87.5977) loss_ce 0.4021 (0.4702) lr 7.1289e-02 eta 0:09:22
epoch [109/300] batch [5/6] time 0.185 (0.429) data 0.000 (0.206) loss 0.5951 (0.4952) acc 85.9375 (87.2656) loss_ce 0.5951 (0.4952) lr 7.1289e-02 eta 0:08:12
epoch [109/300] batch [6/6] time 0.095 (0.373) data 0.000 (0.172) loss 0.5007 (0.4961) acc 85.9375 (87.0443) loss_ce 0.5007 (0.4961) lr 7.0814e-02 eta 0:07:07
epoch [110/300] batch [1/6] time 1.318 (1.318) data 1.039 (1.039) loss 0.4464 (0.4464) acc 87.8906 (87.8906) loss_ce 0.4464 (0.4464) lr 7.0814e-02 eta 0:25:09
epoch [110/300] batch [2/6] time 0.195 (0.757) data 0.000 (0.520) loss 0.4685 (0.4574) acc 87.8906 (87.8906) loss_ce 0.4685 (0.4574) lr 7.0814e-02 eta 0:14:25
epoch [110/300] batch [3/6] time 0.191 (0.568) data 0.000 (0.347) loss 0.5344 (0.4831) acc 87.8906 (87.8906) loss_ce 0.5344 (0.4831) lr 7.0814e-02 eta 0:10:49
epoch [110/300] batch [4/6] time 0.190 (0.474) data 0.000 (0.260) loss 0.5742 (0.5059) acc 86.7188 (87.5977) loss_ce 0.5742 (0.5059) lr 7.0814e-02 eta 0:09:00
epoch [110/300] batch [5/6] time 0.190 (0.417) data 0.000 (0.208) loss 0.4778 (0.5003) acc 87.1094 (87.5000) loss_ce 0.4778 (0.5003) lr 7.0814e-02 eta 0:07:55
epoch [110/300] batch [6/6] time 0.089 (0.362) data 0.000 (0.173) loss 0.5679 (0.5115) acc 87.5000 (87.5000) loss_ce 0.5679 (0.5115) lr 7.0337e-02 eta 0:06:52
epoch [111/300] batch [1/6] time 1.215 (1.215) data 0.938 (0.938) loss 0.5042 (0.5042) acc 86.7188 (86.7188) loss_ce 0.5042 (0.5042) lr 7.0337e-02 eta 0:23:03
epoch [111/300] batch [2/6] time 0.238 (0.726) data 0.000 (0.469) loss 0.5657 (0.5349) acc 86.7188 (86.7188) loss_ce 0.5657 (0.5349) lr 7.0337e-02 eta 0:13:46
epoch [111/300] batch [3/6] time 0.185 (0.546) data 0.000 (0.313) loss 0.5573 (0.5424) acc 84.7656 (86.0677) loss_ce 0.5573 (0.5424) lr 7.0337e-02 eta 0:10:20
epoch [111/300] batch [4/6] time 0.185 (0.456) data 0.000 (0.235) loss 0.4637 (0.5227) acc 87.5000 (86.4258) loss_ce 0.4637 (0.5227) lr 7.0337e-02 eta 0:08:37
epoch [111/300] batch [5/6] time 0.136 (0.392) data 0.000 (0.188) loss 0.4661 (0.5114) acc 90.2344 (87.1875) loss_ce 0.4661 (0.5114) lr 7.0337e-02 eta 0:07:24
epoch [111/300] batch [6/6] time 0.089 (0.341) data 0.000 (0.157) loss 0.4153 (0.4954) acc 90.2344 (87.6953) loss_ce 0.4153 (0.4954) lr 6.9857e-02 eta 0:06:27
epoch [112/300] batch [1/6] time 1.262 (1.262) data 0.993 (0.993) loss 0.3301 (0.3301) acc 91.7969 (91.7969) loss_ce 0.3301 (0.3301) lr 6.9857e-02 eta 0:23:49
epoch [112/300] batch [2/6] time 0.279 (0.770) data 0.000 (0.497) loss 0.5320 (0.4311) acc 87.5000 (89.6484) loss_ce 0.5320 (0.4311) lr 6.9857e-02 eta 0:14:31
epoch [112/300] batch [3/6] time 0.194 (0.578) data 0.000 (0.331) loss 0.4454 (0.4358) acc 89.8438 (89.7135) loss_ce 0.4454 (0.4358) lr 6.9857e-02 eta 0:10:53
epoch [112/300] batch [4/6] time 0.185 (0.480) data 0.000 (0.248) loss 0.3842 (0.4229) acc 89.4531 (89.6484) loss_ce 0.3842 (0.4229) lr 6.9857e-02 eta 0:09:02
epoch [112/300] batch [5/6] time 0.124 (0.409) data 0.002 (0.199) loss 0.5427 (0.4469) acc 86.3281 (88.9844) loss_ce 0.5427 (0.4469) lr 6.9857e-02 eta 0:07:41
epoch [112/300] batch [6/6] time 0.090 (0.356) data 0.000 (0.166) loss 0.6171 (0.4753) acc 85.5469 (88.4115) loss_ce 0.6171 (0.4753) lr 6.9376e-02 eta 0:06:41
epoch [113/300] batch [1/6] time 1.155 (1.155) data 0.931 (0.931) loss 0.5831 (0.5831) acc 84.7656 (84.7656) loss_ce 0.5831 (0.5831) lr 6.9376e-02 eta 0:21:41
epoch [113/300] batch [2/6] time 0.278 (0.717) data 0.000 (0.466) loss 0.6046 (0.5938) acc 86.3281 (85.5469) loss_ce 0.6046 (0.5938) lr 6.9376e-02 eta 0:13:26
epoch [113/300] batch [3/6] time 0.238 (0.557) data 0.000 (0.311) loss 0.4586 (0.5488) acc 89.4531 (86.8490) loss_ce 0.4586 (0.5488) lr 6.9376e-02 eta 0:10:26
epoch [113/300] batch [4/6] time 0.190 (0.465) data 0.000 (0.233) loss 0.4364 (0.5207) acc 89.4531 (87.5000) loss_ce 0.4364 (0.5207) lr 6.9376e-02 eta 0:08:43
epoch [113/300] batch [5/6] time 0.190 (0.410) data 0.000 (0.186) loss 0.5159 (0.5197) acc 86.3281 (87.2656) loss_ce 0.5159 (0.5197) lr 6.9376e-02 eta 0:07:40
epoch [113/300] batch [6/6] time 0.089 (0.357) data 0.000 (0.155) loss 0.3473 (0.4910) acc 94.1406 (88.4115) loss_ce 0.3473 (0.4910) lr 6.8892e-02 eta 0:06:40
epoch [114/300] batch [1/6] time 1.156 (1.156) data 0.914 (0.914) loss 0.5102 (0.5102) acc 86.3281 (86.3281) loss_ce 0.5102 (0.5102) lr 6.8892e-02 eta 0:21:35
epoch [114/300] batch [2/6] time 0.281 (0.718) data 0.000 (0.457) loss 0.5315 (0.5208) acc 85.5469 (85.9375) loss_ce 0.5315 (0.5208) lr 6.8892e-02 eta 0:13:24
epoch [114/300] batch [3/6] time 0.252 (0.563) data 0.000 (0.305) loss 0.6184 (0.5534) acc 83.9844 (85.2865) loss_ce 0.6184 (0.5534) lr 6.8892e-02 eta 0:10:29
epoch [114/300] batch [4/6] time 0.185 (0.468) data 0.000 (0.229) loss 0.4941 (0.5385) acc 86.3281 (85.5469) loss_ce 0.4941 (0.5385) lr 6.8892e-02 eta 0:08:43
epoch [114/300] batch [5/6] time 0.185 (0.412) data 0.000 (0.183) loss 0.4454 (0.5199) acc 86.3281 (85.7031) loss_ce 0.4454 (0.5199) lr 6.8892e-02 eta 0:07:39
epoch [114/300] batch [6/6] time 0.185 (0.374) data 0.000 (0.153) loss 0.5389 (0.5231) acc 87.5000 (86.0026) loss_ce 0.5389 (0.5231) lr 6.8406e-02 eta 0:06:57
epoch [115/300] batch [1/6] time 1.036 (1.036) data 0.886 (0.886) loss 0.5356 (0.5356) acc 83.9844 (83.9844) loss_ce 0.5356 (0.5356) lr 6.8406e-02 eta 0:19:15
epoch [115/300] batch [2/6] time 0.277 (0.657) data 0.000 (0.443) loss 0.5919 (0.5637) acc 85.1562 (84.5703) loss_ce 0.5919 (0.5637) lr 6.8406e-02 eta 0:12:11
epoch [115/300] batch [3/6] time 0.233 (0.516) data 0.000 (0.296) loss 0.3692 (0.4989) acc 92.1875 (87.1094) loss_ce 0.3692 (0.4989) lr 6.8406e-02 eta 0:09:33
epoch [115/300] batch [4/6] time 0.185 (0.433) data 0.000 (0.222) loss 0.5004 (0.4993) acc 88.2812 (87.4023) loss_ce 0.5004 (0.4993) lr 6.8406e-02 eta 0:08:01
epoch [115/300] batch [5/6] time 0.185 (0.383) data 0.000 (0.177) loss 0.5895 (0.5173) acc 84.7656 (86.8750) loss_ce 0.5895 (0.5173) lr 6.8406e-02 eta 0:07:05
epoch [115/300] batch [6/6] time 0.185 (0.350) data 0.000 (0.148) loss 0.6117 (0.5330) acc 84.3750 (86.4583) loss_ce 0.6117 (0.5330) lr 6.7918e-02 eta 0:06:28
epoch [116/300] batch [1/6] time 1.235 (1.235) data 0.979 (0.979) loss 0.4349 (0.4349) acc 88.2812 (88.2812) loss_ce 0.4349 (0.4349) lr 6.7918e-02 eta 0:22:50
epoch [116/300] batch [2/6] time 0.266 (0.751) data 0.000 (0.489) loss 0.5148 (0.4748) acc 84.3750 (86.3281) loss_ce 0.5148 (0.4748) lr 6.7918e-02 eta 0:13:51
epoch [116/300] batch [3/6] time 0.185 (0.562) data 0.000 (0.326) loss 0.5068 (0.4855) acc 87.5000 (86.7188) loss_ce 0.5068 (0.4855) lr 6.7918e-02 eta 0:10:22
epoch [116/300] batch [4/6] time 0.185 (0.468) data 0.000 (0.245) loss 0.4554 (0.4780) acc 89.4531 (87.4023) loss_ce 0.4554 (0.4780) lr 6.7918e-02 eta 0:08:37
epoch [116/300] batch [5/6] time 0.185 (0.411) data 0.000 (0.196) loss 0.4195 (0.4663) acc 90.6250 (88.0469) loss_ce 0.4195 (0.4663) lr 6.7918e-02 eta 0:07:34
epoch [116/300] batch [6/6] time 0.185 (0.374) data 0.000 (0.163) loss 0.4855 (0.4695) acc 88.6719 (88.1510) loss_ce 0.4855 (0.4695) lr 6.7429e-02 eta 0:06:52
epoch [117/300] batch [1/6] time 1.142 (1.142) data 0.953 (0.953) loss 0.4983 (0.4983) acc 87.1094 (87.1094) loss_ce 0.4983 (0.4983) lr 6.7429e-02 eta 0:20:59
epoch [117/300] batch [2/6] time 0.182 (0.662) data 0.000 (0.476) loss 0.4558 (0.4771) acc 88.6719 (87.8906) loss_ce 0.4558 (0.4771) lr 6.7429e-02 eta 0:12:09
epoch [117/300] batch [3/6] time 0.213 (0.512) data 0.000 (0.318) loss 0.4657 (0.4733) acc 88.6719 (88.1510) loss_ce 0.4657 (0.4733) lr 6.7429e-02 eta 0:09:24
epoch [117/300] batch [4/6] time 0.168 (0.426) data 0.000 (0.238) loss 0.5397 (0.4899) acc 83.2031 (86.9141) loss_ce 0.5397 (0.4899) lr 6.7429e-02 eta 0:07:48
epoch [117/300] batch [5/6] time 0.185 (0.378) data 0.000 (0.191) loss 0.4772 (0.4873) acc 88.2812 (87.1875) loss_ce 0.4772 (0.4873) lr 6.7429e-02 eta 0:06:55
epoch [117/300] batch [6/6] time 0.261 (0.358) data 0.000 (0.159) loss 0.3603 (0.4662) acc 90.6250 (87.7604) loss_ce 0.3603 (0.4662) lr 6.6937e-02 eta 0:06:33
epoch [118/300] batch [1/6] time 1.004 (1.004) data 0.876 (0.876) loss 0.5641 (0.5641) acc 83.2031 (83.2031) loss_ce 0.5641 (0.5641) lr 6.6937e-02 eta 0:18:21
epoch [118/300] batch [2/6] time 0.184 (0.594) data 0.000 (0.438) loss 0.3748 (0.4695) acc 91.4062 (87.3047) loss_ce 0.3748 (0.4695) lr 6.6937e-02 eta 0:10:50
epoch [118/300] batch [3/6] time 0.185 (0.458) data 0.000 (0.292) loss 0.4521 (0.4637) acc 89.0625 (87.8906) loss_ce 0.4521 (0.4637) lr 6.6937e-02 eta 0:08:21
epoch [118/300] batch [4/6] time 0.174 (0.387) data 0.000 (0.219) loss 0.4325 (0.4559) acc 89.8438 (88.3789) loss_ce 0.4325 (0.4559) lr 6.6937e-02 eta 0:07:03
epoch [118/300] batch [5/6] time 0.248 (0.359) data 0.000 (0.175) loss 0.5724 (0.4792) acc 85.9375 (87.8906) loss_ce 0.5724 (0.4792) lr 6.6937e-02 eta 0:06:32
epoch [118/300] batch [6/6] time 0.279 (0.346) data 0.000 (0.146) loss 0.4766 (0.4787) acc 87.1094 (87.7604) loss_ce 0.4766 (0.4787) lr 6.6443e-02 eta 0:06:17
epoch [119/300] batch [1/6] time 1.183 (1.183) data 1.008 (1.008) loss 0.5863 (0.5863) acc 86.3281 (86.3281) loss_ce 0.5863 (0.5863) lr 6.6443e-02 eta 0:21:30
epoch [119/300] batch [2/6] time 0.184 (0.684) data 0.000 (0.504) loss 0.4406 (0.5134) acc 87.8906 (87.1094) loss_ce 0.4406 (0.5134) lr 6.6443e-02 eta 0:12:25
epoch [119/300] batch [3/6] time 0.293 (0.553) data 0.000 (0.336) loss 0.4529 (0.4933) acc 90.6250 (88.2812) loss_ce 0.4529 (0.4933) lr 6.6443e-02 eta 0:10:02
epoch [119/300] batch [4/6] time 0.281 (0.485) data 0.000 (0.252) loss 0.5728 (0.5131) acc 85.1562 (87.5000) loss_ce 0.5728 (0.5131) lr 6.6443e-02 eta 0:08:47
epoch [119/300] batch [5/6] time 0.280 (0.444) data 0.000 (0.202) loss 0.4375 (0.4980) acc 86.7188 (87.3438) loss_ce 0.4375 (0.4980) lr 6.6443e-02 eta 0:08:02
epoch [119/300] batch [6/6] time 0.281 (0.417) data 0.000 (0.168) loss 0.5607 (0.5085) acc 85.1562 (86.9792) loss_ce 0.5607 (0.5085) lr 6.5948e-02 eta 0:07:32
epoch [120/300] batch [1/6] time 1.061 (1.061) data 0.872 (0.872) loss 0.5238 (0.5238) acc 86.7188 (86.7188) loss_ce 0.5238 (0.5238) lr 6.5948e-02 eta 0:19:11
epoch [120/300] batch [2/6] time 0.227 (0.644) data 0.000 (0.436) loss 0.4441 (0.4840) acc 87.8906 (87.3047) loss_ce 0.4441 (0.4840) lr 6.5948e-02 eta 0:11:37
epoch [120/300] batch [3/6] time 0.277 (0.522) data 0.000 (0.291) loss 0.3623 (0.4434) acc 91.4062 (88.6719) loss_ce 0.3623 (0.4434) lr 6.5948e-02 eta 0:09:24
epoch [120/300] batch [4/6] time 0.267 (0.458) data 0.000 (0.218) loss 0.4998 (0.4575) acc 88.2812 (88.5742) loss_ce 0.4998 (0.4575) lr 6.5948e-02 eta 0:08:15
epoch [120/300] batch [5/6] time 0.276 (0.422) data 0.000 (0.175) loss 0.4577 (0.4575) acc 89.0625 (88.6719) loss_ce 0.4577 (0.4575) lr 6.5948e-02 eta 0:07:35
epoch [120/300] batch [6/6] time 0.279 (0.398) data 0.000 (0.146) loss 0.4059 (0.4489) acc 89.8438 (88.8672) loss_ce 0.4059 (0.4489) lr 6.5451e-02 eta 0:07:09
epoch [121/300] batch [1/6] time 0.968 (0.968) data 0.878 (0.878) loss 0.4560 (0.4560) acc 90.2344 (90.2344) loss_ce 0.4560 (0.4560) lr 6.5451e-02 eta 0:17:24
epoch [121/300] batch [2/6] time 0.144 (0.556) data 0.001 (0.439) loss 0.5001 (0.4780) acc 88.2812 (89.2578) loss_ce 0.5001 (0.4780) lr 6.5451e-02 eta 0:09:59
epoch [121/300] batch [3/6] time 0.267 (0.460) data 0.000 (0.293) loss 0.5555 (0.5039) acc 86.7188 (88.4115) loss_ce 0.5555 (0.5039) lr 6.5451e-02 eta 0:08:15
epoch [121/300] batch [4/6] time 0.272 (0.413) data 0.000 (0.220) loss 0.5046 (0.5041) acc 87.1094 (88.0859) loss_ce 0.5046 (0.5041) lr 6.5451e-02 eta 0:07:24
epoch [121/300] batch [5/6] time 0.269 (0.384) data 0.000 (0.176) loss 0.5444 (0.5121) acc 83.9844 (87.2656) loss_ce 0.5444 (0.5121) lr 6.5451e-02 eta 0:06:52
epoch [121/300] batch [6/6] time 0.269 (0.365) data 0.000 (0.147) loss 0.4494 (0.5017) acc 87.5000 (87.3047) loss_ce 0.4494 (0.5017) lr 6.4952e-02 eta 0:06:31
epoch [122/300] batch [1/6] time 1.185 (1.185) data 1.094 (1.094) loss 0.4736 (0.4736) acc 85.5469 (85.5469) loss_ce 0.4736 (0.4736) lr 6.4952e-02 eta 0:21:11
epoch [122/300] batch [2/6] time 0.163 (0.674) data 0.000 (0.547) loss 0.4416 (0.4576) acc 89.0625 (87.3047) loss_ce 0.4416 (0.4576) lr 6.4952e-02 eta 0:12:02
epoch [122/300] batch [3/6] time 0.280 (0.542) data 0.000 (0.365) loss 0.5113 (0.4755) acc 87.1094 (87.2396) loss_ce 0.5113 (0.4755) lr 6.4952e-02 eta 0:09:40
epoch [122/300] batch [4/6] time 0.281 (0.477) data 0.000 (0.274) loss 0.4861 (0.4781) acc 87.8906 (87.4023) loss_ce 0.4861 (0.4781) lr 6.4952e-02 eta 0:08:30
epoch [122/300] batch [5/6] time 0.265 (0.435) data 0.000 (0.219) loss 0.5754 (0.4976) acc 85.5469 (87.0312) loss_ce 0.5754 (0.4976) lr 6.4952e-02 eta 0:07:44
epoch [122/300] batch [6/6] time 0.279 (0.409) data 0.000 (0.183) loss 0.4161 (0.4840) acc 89.8438 (87.5000) loss_ce 0.4161 (0.4840) lr 6.4452e-02 eta 0:07:16
epoch [123/300] batch [1/6] time 1.078 (1.078) data 0.988 (0.988) loss 0.5810 (0.5810) acc 86.3281 (86.3281) loss_ce 0.5810 (0.5810) lr 6.4452e-02 eta 0:19:10
epoch [123/300] batch [2/6] time 0.090 (0.584) data 0.000 (0.494) loss 0.4752 (0.5281) acc 88.2812 (87.3047) loss_ce 0.4752 (0.5281) lr 6.4452e-02 eta 0:10:22
epoch [123/300] batch [3/6] time 0.145 (0.437) data 0.000 (0.330) loss 0.5860 (0.5474) acc 85.1562 (86.5885) loss_ce 0.5860 (0.5474) lr 6.4452e-02 eta 0:07:45
epoch [123/300] batch [4/6] time 0.300 (0.403) data 0.000 (0.247) loss 0.4340 (0.5190) acc 89.4531 (87.3047) loss_ce 0.4340 (0.5190) lr 6.4452e-02 eta 0:07:08
epoch [123/300] batch [5/6] time 0.279 (0.378) data 0.000 (0.198) loss 0.4169 (0.4986) acc 90.6250 (87.9688) loss_ce 0.4169 (0.4986) lr 6.4452e-02 eta 0:06:42
epoch [123/300] batch [6/6] time 0.278 (0.362) data 0.000 (0.165) loss 0.5374 (0.5051) acc 87.8906 (87.9557) loss_ce 0.5374 (0.5051) lr 6.3950e-02 eta 0:06:23
epoch [124/300] batch [1/6] time 1.005 (1.005) data 0.915 (0.915) loss 0.4660 (0.4660) acc 89.0625 (89.0625) loss_ce 0.4660 (0.4660) lr 6.3950e-02 eta 0:17:46
epoch [124/300] batch [2/6] time 0.096 (0.551) data 0.000 (0.458) loss 0.5279 (0.4969) acc 86.3281 (87.6953) loss_ce 0.5279 (0.4969) lr 6.3950e-02 eta 0:09:43
epoch [124/300] batch [3/6] time 0.088 (0.397) data 0.000 (0.305) loss 0.5474 (0.5138) acc 84.3750 (86.5885) loss_ce 0.5474 (0.5138) lr 6.3950e-02 eta 0:07:00
epoch [124/300] batch [4/6] time 0.089 (0.320) data 0.000 (0.229) loss 0.4575 (0.4997) acc 89.8438 (87.4023) loss_ce 0.4575 (0.4997) lr 6.3950e-02 eta 0:05:38
epoch [124/300] batch [5/6] time 0.568 (0.369) data 0.290 (0.241) loss 0.5104 (0.5019) acc 87.5000 (87.4219) loss_ce 0.5104 (0.5019) lr 6.3950e-02 eta 0:06:30
epoch [124/300] batch [6/6] time 0.267 (0.352) data 0.000 (0.201) loss 0.5300 (0.5065) acc 88.2812 (87.5651) loss_ce 0.5300 (0.5065) lr 6.3446e-02 eta 0:06:12
epoch [125/300] batch [1/6] time 0.967 (0.967) data 0.877 (0.877) loss 0.5096 (0.5096) acc 89.0625 (89.0625) loss_ce 0.5096 (0.5096) lr 6.3446e-02 eta 0:17:00
epoch [125/300] batch [2/6] time 0.152 (0.560) data 0.063 (0.470) loss 0.3949 (0.4522) acc 89.8438 (89.4531) loss_ce 0.3949 (0.4522) lr 6.3446e-02 eta 0:09:49
epoch [125/300] batch [3/6] time 0.089 (0.403) data 0.000 (0.313) loss 0.5181 (0.4742) acc 87.8906 (88.9323) loss_ce 0.5181 (0.4742) lr 6.3446e-02 eta 0:07:04
epoch [125/300] batch [4/6] time 0.089 (0.324) data 0.000 (0.235) loss 0.4638 (0.4716) acc 86.7188 (88.3789) loss_ce 0.4638 (0.4716) lr 6.3446e-02 eta 0:05:41
epoch [125/300] batch [5/6] time 0.525 (0.364) data 0.278 (0.244) loss 0.5578 (0.4888) acc 84.7656 (87.6562) loss_ce 0.5578 (0.4888) lr 6.3446e-02 eta 0:06:23
epoch [125/300] batch [6/6] time 0.278 (0.350) data 0.000 (0.203) loss 0.3742 (0.4697) acc 90.2344 (88.0859) loss_ce 0.3742 (0.4697) lr 6.2941e-02 eta 0:06:07
epoch [126/300] batch [1/6] time 0.980 (0.980) data 0.890 (0.890) loss 0.3592 (0.3592) acc 91.7969 (91.7969) loss_ce 0.3592 (0.3592) lr 6.2941e-02 eta 0:17:07
epoch [126/300] batch [2/6] time 0.094 (0.537) data 0.000 (0.445) loss 0.4481 (0.4037) acc 89.4531 (90.6250) loss_ce 0.4481 (0.4037) lr 6.2941e-02 eta 0:09:22
epoch [126/300] batch [3/6] time 0.089 (0.387) data 0.000 (0.297) loss 0.4337 (0.4137) acc 89.4531 (90.2344) loss_ce 0.4337 (0.4137) lr 6.2941e-02 eta 0:06:45
epoch [126/300] batch [4/6] time 0.089 (0.313) data 0.000 (0.223) loss 0.5660 (0.4517) acc 84.7656 (88.8672) loss_ce 0.5660 (0.4517) lr 6.2941e-02 eta 0:05:27
epoch [126/300] batch [5/6] time 0.619 (0.374) data 0.343 (0.247) loss 0.5233 (0.4661) acc 85.5469 (88.2031) loss_ce 0.5233 (0.4661) lr 6.2941e-02 eta 0:06:30
epoch [126/300] batch [6/6] time 0.262 (0.355) data 0.000 (0.206) loss 0.4492 (0.4633) acc 87.8906 (88.1510) loss_ce 0.4492 (0.4633) lr 6.2434e-02 eta 0:06:10
epoch [127/300] batch [1/6] time 1.012 (1.012) data 0.922 (0.922) loss 0.4488 (0.4488) acc 87.5000 (87.5000) loss_ce 0.4488 (0.4488) lr 6.2434e-02 eta 0:17:35
epoch [127/300] batch [2/6] time 0.089 (0.551) data 0.000 (0.461) loss 0.4977 (0.4732) acc 86.3281 (86.9141) loss_ce 0.4977 (0.4732) lr 6.2434e-02 eta 0:09:33
epoch [127/300] batch [3/6] time 0.089 (0.397) data 0.000 (0.307) loss 0.4277 (0.4580) acc 88.2812 (87.3698) loss_ce 0.4277 (0.4580) lr 6.2434e-02 eta 0:06:53
epoch [127/300] batch [4/6] time 0.089 (0.320) data 0.000 (0.231) loss 0.4588 (0.4582) acc 87.8906 (87.5000) loss_ce 0.4588 (0.4582) lr 6.2434e-02 eta 0:05:32
epoch [127/300] batch [5/6] time 0.330 (0.322) data 0.242 (0.233) loss 0.4378 (0.4542) acc 87.5000 (87.5000) loss_ce 0.4378 (0.4542) lr 6.2434e-02 eta 0:05:34
epoch [127/300] batch [6/6] time 0.184 (0.299) data 0.000 (0.194) loss 0.3312 (0.4337) acc 89.8438 (87.8906) loss_ce 0.3312 (0.4337) lr 6.1927e-02 eta 0:05:10
epoch [128/300] batch [1/6] time 1.062 (1.062) data 0.973 (0.973) loss 0.4727 (0.4727) acc 87.8906 (87.8906) loss_ce 0.4727 (0.4727) lr 6.1927e-02 eta 0:18:21
epoch [128/300] batch [2/6] time 0.089 (0.576) data 0.000 (0.486) loss 0.4567 (0.4647) acc 89.0625 (88.4766) loss_ce 0.4567 (0.4647) lr 6.1927e-02 eta 0:09:56
epoch [128/300] batch [3/6] time 0.090 (0.414) data 0.000 (0.324) loss 0.5723 (0.5006) acc 85.9375 (87.6302) loss_ce 0.5723 (0.5006) lr 6.1927e-02 eta 0:07:08
epoch [128/300] batch [4/6] time 0.089 (0.332) data 0.000 (0.243) loss 0.4567 (0.4896) acc 87.8906 (87.6953) loss_ce 0.4567 (0.4896) lr 6.1927e-02 eta 0:05:43
epoch [128/300] batch [5/6] time 0.274 (0.321) data 0.185 (0.232) loss 0.4939 (0.4905) acc 86.3281 (87.4219) loss_ce 0.4939 (0.4905) lr 6.1927e-02 eta 0:05:31
epoch [128/300] batch [6/6] time 0.089 (0.282) data 0.000 (0.193) loss 0.5152 (0.4946) acc 88.6719 (87.6302) loss_ce 0.5152 (0.4946) lr 6.1418e-02 eta 0:04:51
epoch [129/300] batch [1/6] time 1.176 (1.176) data 0.943 (0.943) loss 0.5950 (0.5950) acc 85.5469 (85.5469) loss_ce 0.5950 (0.5950) lr 6.1418e-02 eta 0:20:12
epoch [129/300] batch [2/6] time 0.102 (0.639) data 0.000 (0.472) loss 0.4980 (0.5465) acc 88.2812 (86.9141) loss_ce 0.4980 (0.5465) lr 6.1418e-02 eta 0:10:58
epoch [129/300] batch [3/6] time 0.090 (0.456) data 0.000 (0.315) loss 0.3572 (0.4834) acc 91.7969 (88.5417) loss_ce 0.3572 (0.4834) lr 6.1418e-02 eta 0:07:49
epoch [129/300] batch [4/6] time 0.090 (0.364) data 0.000 (0.236) loss 0.4158 (0.4665) acc 89.4531 (88.7695) loss_ce 0.4158 (0.4665) lr 6.1418e-02 eta 0:06:14
epoch [129/300] batch [5/6] time 0.255 (0.342) data 0.166 (0.222) loss 0.4904 (0.4713) acc 87.5000 (88.5156) loss_ce 0.4904 (0.4713) lr 6.1418e-02 eta 0:05:51
epoch [129/300] batch [6/6] time 0.089 (0.300) data 0.000 (0.185) loss 0.4682 (0.4708) acc 87.1094 (88.2812) loss_ce 0.4682 (0.4708) lr 6.0907e-02 eta 0:05:07
epoch [130/300] batch [1/6] time 1.238 (1.238) data 0.973 (0.973) loss 0.4428 (0.4428) acc 91.4062 (91.4062) loss_ce 0.4428 (0.4428) lr 6.0907e-02 eta 0:21:08
epoch [130/300] batch [2/6] time 0.236 (0.737) data 0.000 (0.487) loss 0.4091 (0.4259) acc 89.4531 (90.4297) loss_ce 0.4091 (0.4259) lr 6.0907e-02 eta 0:12:34
epoch [130/300] batch [3/6] time 0.104 (0.526) data 0.000 (0.325) loss 0.5230 (0.4583) acc 86.3281 (89.0625) loss_ce 0.5230 (0.4583) lr 6.0907e-02 eta 0:08:58
epoch [130/300] batch [4/6] time 0.089 (0.417) data 0.000 (0.243) loss 0.4131 (0.4470) acc 88.6719 (88.9648) loss_ce 0.4131 (0.4470) lr 6.0907e-02 eta 0:07:06
epoch [130/300] batch [5/6] time 0.089 (0.351) data 0.000 (0.195) loss 0.4630 (0.4502) acc 86.3281 (88.4375) loss_ce 0.4630 (0.4502) lr 6.0907e-02 eta 0:05:58
epoch [130/300] batch [6/6] time 0.089 (0.308) data 0.000 (0.162) loss 0.5907 (0.4736) acc 85.1562 (87.8906) loss_ce 0.5907 (0.4736) lr 6.0396e-02 eta 0:05:13
epoch [131/300] batch [1/6] time 1.167 (1.167) data 0.906 (0.906) loss 0.4282 (0.4282) acc 90.6250 (90.6250) loss_ce 0.4282 (0.4282) lr 6.0396e-02 eta 0:19:49
epoch [131/300] batch [2/6] time 0.278 (0.723) data 0.000 (0.453) loss 0.4180 (0.4231) acc 89.0625 (89.8438) loss_ce 0.4180 (0.4231) lr 6.0396e-02 eta 0:12:15
epoch [131/300] batch [3/6] time 0.245 (0.563) data 0.000 (0.302) loss 0.4925 (0.4462) acc 88.6719 (89.4531) loss_ce 0.4925 (0.4462) lr 6.0396e-02 eta 0:09:32
epoch [131/300] batch [4/6] time 0.185 (0.469) data 0.000 (0.227) loss 0.5364 (0.4688) acc 85.5469 (88.4766) loss_ce 0.5364 (0.4688) lr 6.0396e-02 eta 0:07:56
epoch [131/300] batch [5/6] time 0.145 (0.404) data 0.000 (0.181) loss 0.5358 (0.4822) acc 87.1094 (88.2031) loss_ce 0.5358 (0.4822) lr 6.0396e-02 eta 0:06:50
epoch [131/300] batch [6/6] time 0.090 (0.352) data 0.000 (0.151) loss 0.4359 (0.4745) acc 87.1094 (88.0208) loss_ce 0.4359 (0.4745) lr 5.9883e-02 eta 0:05:56
epoch [132/300] batch [1/6] time 1.166 (1.166) data 0.951 (0.951) loss 0.4532 (0.4532) acc 86.3281 (86.3281) loss_ce 0.4532 (0.4532) lr 5.9883e-02 eta 0:19:40
epoch [132/300] batch [2/6] time 0.262 (0.714) data 0.000 (0.476) loss 0.4585 (0.4559) acc 90.2344 (88.2812) loss_ce 0.4585 (0.4559) lr 5.9883e-02 eta 0:12:02
epoch [132/300] batch [3/6] time 0.250 (0.559) data 0.000 (0.317) loss 0.5566 (0.4895) acc 85.1562 (87.2396) loss_ce 0.5566 (0.4895) lr 5.9883e-02 eta 0:09:25
epoch [132/300] batch [4/6] time 0.190 (0.467) data 0.000 (0.238) loss 0.5448 (0.5033) acc 86.3281 (87.0117) loss_ce 0.5448 (0.5033) lr 5.9883e-02 eta 0:07:51
epoch [132/300] batch [5/6] time 0.190 (0.412) data 0.000 (0.190) loss 0.4601 (0.4946) acc 88.6719 (87.3438) loss_ce 0.4601 (0.4946) lr 5.9883e-02 eta 0:06:55
epoch [132/300] batch [6/6] time 0.089 (0.358) data 0.000 (0.159) loss 0.4265 (0.4833) acc 88.6719 (87.5651) loss_ce 0.4265 (0.4833) lr 5.9369e-02 eta 0:06:00
epoch [133/300] batch [1/6] time 1.032 (1.032) data 0.855 (0.855) loss 0.4467 (0.4467) acc 88.2812 (88.2812) loss_ce 0.4467 (0.4467) lr 5.9369e-02 eta 0:17:19
epoch [133/300] batch [2/6] time 0.274 (0.653) data 0.001 (0.428) loss 0.4762 (0.4615) acc 88.2812 (88.2812) loss_ce 0.4762 (0.4615) lr 5.9369e-02 eta 0:10:57
epoch [133/300] batch [3/6] time 0.294 (0.534) data 0.000 (0.285) loss 0.5009 (0.4746) acc 87.1094 (87.8906) loss_ce 0.5009 (0.4746) lr 5.9369e-02 eta 0:08:56
epoch [133/300] batch [4/6] time 0.185 (0.447) data 0.000 (0.214) loss 0.4705 (0.4736) acc 86.7188 (87.5977) loss_ce 0.4705 (0.4736) lr 5.9369e-02 eta 0:07:28
epoch [133/300] batch [5/6] time 0.185 (0.394) data 0.000 (0.171) loss 0.5197 (0.4828) acc 86.3281 (87.3438) loss_ce 0.5197 (0.4828) lr 5.9369e-02 eta 0:06:35
epoch [133/300] batch [6/6] time 0.123 (0.349) data 0.000 (0.143) loss 0.4708 (0.4808) acc 87.5000 (87.3698) loss_ce 0.4708 (0.4808) lr 5.8854e-02 eta 0:05:49
epoch [134/300] batch [1/6] time 1.064 (1.064) data 0.892 (0.892) loss 0.4963 (0.4963) acc 88.6719 (88.6719) loss_ce 0.4963 (0.4963) lr 5.8854e-02 eta 0:17:44
epoch [134/300] batch [2/6] time 0.277 (0.670) data 0.001 (0.446) loss 0.4106 (0.4535) acc 89.0625 (88.8672) loss_ce 0.4106 (0.4535) lr 5.8854e-02 eta 0:11:10
epoch [134/300] batch [3/6] time 0.263 (0.534) data 0.000 (0.298) loss 0.5555 (0.4875) acc 87.5000 (88.4115) loss_ce 0.5555 (0.4875) lr 5.8854e-02 eta 0:08:53
epoch [134/300] batch [4/6] time 0.203 (0.452) data 0.000 (0.223) loss 0.4648 (0.4818) acc 86.3281 (87.8906) loss_ce 0.4648 (0.4818) lr 5.8854e-02 eta 0:07:30
epoch [134/300] batch [5/6] time 0.185 (0.398) data 0.000 (0.179) loss 0.4601 (0.4775) acc 89.0625 (88.1250) loss_ce 0.4601 (0.4775) lr 5.8854e-02 eta 0:06:37
epoch [134/300] batch [6/6] time 0.137 (0.355) data 0.000 (0.149) loss 0.4868 (0.4790) acc 85.5469 (87.6953) loss_ce 0.4868 (0.4790) lr 5.8338e-02 eta 0:05:53
epoch [135/300] batch [1/6] time 1.002 (1.002) data 0.912 (0.912) loss 0.4518 (0.4518) acc 89.8438 (89.8438) loss_ce 0.4518 (0.4518) lr 5.8338e-02 eta 0:16:37
epoch [135/300] batch [2/6] time 0.108 (0.555) data 0.000 (0.456) loss 0.4218 (0.4368) acc 89.8438 (89.8438) loss_ce 0.4218 (0.4368) lr 5.8338e-02 eta 0:09:11
epoch [135/300] batch [3/6] time 0.278 (0.463) data 0.000 (0.304) loss 0.4214 (0.4317) acc 86.7188 (88.8021) loss_ce 0.4214 (0.4317) lr 5.8338e-02 eta 0:07:39
epoch [135/300] batch [4/6] time 0.276 (0.416) data 0.000 (0.228) loss 0.4530 (0.4370) acc 87.8906 (88.5742) loss_ce 0.4530 (0.4370) lr 5.8338e-02 eta 0:06:52
epoch [135/300] batch [5/6] time 0.185 (0.370) data 0.000 (0.183) loss 0.4289 (0.4354) acc 91.4062 (89.1406) loss_ce 0.4289 (0.4354) lr 5.8338e-02 eta 0:06:06
epoch [135/300] batch [6/6] time 0.185 (0.339) data 0.000 (0.152) loss 0.5387 (0.4526) acc 83.5938 (88.2161) loss_ce 0.5387 (0.4526) lr 5.7822e-02 eta 0:05:35
epoch [136/300] batch [1/6] time 1.057 (1.057) data 0.912 (0.912) loss 0.5712 (0.5712) acc 83.9844 (83.9844) loss_ce 0.5712 (0.5712) lr 5.7822e-02 eta 0:17:25
epoch [136/300] batch [2/6] time 0.175 (0.616) data 0.000 (0.456) loss 0.4803 (0.5257) acc 89.0625 (86.5234) loss_ce 0.4803 (0.5257) lr 5.7822e-02 eta 0:10:08
epoch [136/300] batch [3/6] time 0.212 (0.481) data 0.000 (0.304) loss 0.5431 (0.5315) acc 85.9375 (86.3281) loss_ce 0.5431 (0.5315) lr 5.7822e-02 eta 0:07:55
epoch [136/300] batch [4/6] time 0.278 (0.431) data 0.000 (0.228) loss 0.3967 (0.4978) acc 88.6719 (86.9141) loss_ce 0.3967 (0.4978) lr 5.7822e-02 eta 0:07:04
epoch [136/300] batch [5/6] time 0.230 (0.390) data 0.000 (0.183) loss 0.4856 (0.4954) acc 86.3281 (86.7969) loss_ce 0.4856 (0.4954) lr 5.7822e-02 eta 0:06:24
epoch [136/300] batch [6/6] time 0.185 (0.356) data 0.000 (0.152) loss 0.5176 (0.4991) acc 86.7188 (86.7839) loss_ce 0.5176 (0.4991) lr 5.7304e-02 eta 0:05:50
epoch [137/300] batch [1/6] time 1.093 (1.093) data 0.904 (0.904) loss 0.4504 (0.4504) acc 89.4531 (89.4531) loss_ce 0.4504 (0.4504) lr 5.7304e-02 eta 0:17:54
epoch [137/300] batch [2/6] time 0.089 (0.591) data 0.000 (0.452) loss 0.4530 (0.4517) acc 89.0625 (89.2578) loss_ce 0.4530 (0.4517) lr 5.7304e-02 eta 0:09:40
epoch [137/300] batch [3/6] time 0.249 (0.477) data 0.000 (0.302) loss 0.4853 (0.4629) acc 87.8906 (88.8021) loss_ce 0.4853 (0.4629) lr 5.7304e-02 eta 0:07:47
epoch [137/300] batch [4/6] time 0.278 (0.427) data 0.000 (0.226) loss 0.5551 (0.4860) acc 87.5000 (88.4766) loss_ce 0.5551 (0.4860) lr 5.7304e-02 eta 0:06:58
epoch [137/300] batch [5/6] time 0.207 (0.383) data 0.000 (0.181) loss 0.3923 (0.4672) acc 89.4531 (88.6719) loss_ce 0.3923 (0.4672) lr 5.7304e-02 eta 0:06:15
epoch [137/300] batch [6/6] time 0.185 (0.350) data 0.000 (0.151) loss 0.4762 (0.4687) acc 87.5000 (88.4766) loss_ce 0.4762 (0.4687) lr 5.6786e-02 eta 0:05:42
epoch [138/300] batch [1/6] time 1.041 (1.041) data 0.909 (0.909) loss 0.5213 (0.5213) acc 85.9375 (85.9375) loss_ce 0.5213 (0.5213) lr 5.6786e-02 eta 0:16:56
epoch [138/300] batch [2/6] time 0.089 (0.565) data 0.000 (0.455) loss 0.4634 (0.4924) acc 88.2812 (87.1094) loss_ce 0.4634 (0.4924) lr 5.6786e-02 eta 0:09:11
epoch [138/300] batch [3/6] time 0.089 (0.406) data 0.000 (0.303) loss 0.3908 (0.4585) acc 88.2812 (87.5000) loss_ce 0.3908 (0.4585) lr 5.6786e-02 eta 0:06:36
epoch [138/300] batch [4/6] time 0.279 (0.374) data 0.000 (0.227) loss 0.4503 (0.4565) acc 88.6719 (87.7930) loss_ce 0.4503 (0.4565) lr 5.6786e-02 eta 0:06:04
epoch [138/300] batch [5/6] time 0.278 (0.355) data 0.000 (0.182) loss 0.4593 (0.4570) acc 89.0625 (88.0469) loss_ce 0.4593 (0.4570) lr 5.6786e-02 eta 0:05:45
epoch [138/300] batch [6/6] time 0.190 (0.328) data 0.000 (0.152) loss 0.4908 (0.4627) acc 85.1562 (87.5651) loss_ce 0.4908 (0.4627) lr 5.6267e-02 eta 0:05:18
epoch [139/300] batch [1/6] time 0.954 (0.954) data 0.836 (0.836) loss 0.4679 (0.4679) acc 89.0625 (89.0625) loss_ce 0.4679 (0.4679) lr 5.6267e-02 eta 0:15:26
epoch [139/300] batch [2/6] time 0.184 (0.569) data 0.000 (0.418) loss 0.3863 (0.4271) acc 90.2344 (89.6484) loss_ce 0.3863 (0.4271) lr 5.6267e-02 eta 0:09:11
epoch [139/300] batch [3/6] time 0.232 (0.457) data 0.000 (0.279) loss 0.5573 (0.4705) acc 83.9844 (87.7604) loss_ce 0.5573 (0.4705) lr 5.6267e-02 eta 0:07:22
epoch [139/300] batch [4/6] time 0.278 (0.412) data 0.000 (0.209) loss 0.4841 (0.4739) acc 88.2812 (87.8906) loss_ce 0.4841 (0.4739) lr 5.6267e-02 eta 0:06:38
epoch [139/300] batch [5/6] time 0.278 (0.385) data 0.000 (0.167) loss 0.4342 (0.4660) acc 89.0625 (88.1250) loss_ce 0.4342 (0.4660) lr 5.6267e-02 eta 0:06:12
epoch [139/300] batch [6/6] time 0.279 (0.368) data 0.000 (0.140) loss 0.6280 (0.4930) acc 84.7656 (87.5651) loss_ce 0.6280 (0.4930) lr 5.5747e-02 eta 0:05:55
epoch [140/300] batch [1/6] time 1.030 (1.030) data 0.940 (0.940) loss 0.5575 (0.5575) acc 85.1562 (85.1562) loss_ce 0.5575 (0.5575) lr 5.5747e-02 eta 0:16:33
epoch [140/300] batch [2/6] time 0.182 (0.606) data 0.000 (0.470) loss 0.5472 (0.5524) acc 84.7656 (84.9609) loss_ce 0.5472 (0.5524) lr 5.5747e-02 eta 0:09:44
epoch [140/300] batch [3/6] time 0.215 (0.476) data 0.000 (0.313) loss 0.4203 (0.5084) acc 90.2344 (86.7188) loss_ce 0.4203 (0.5084) lr 5.5747e-02 eta 0:07:38
epoch [140/300] batch [4/6] time 0.278 (0.426) data 0.000 (0.235) loss 0.5382 (0.5158) acc 87.8906 (87.0117) loss_ce 0.5382 (0.5158) lr 5.5747e-02 eta 0:06:50
epoch [140/300] batch [5/6] time 0.278 (0.397) data 0.000 (0.188) loss 0.4037 (0.4934) acc 88.6719 (87.3438) loss_ce 0.4037 (0.4934) lr 5.5747e-02 eta 0:06:21
epoch [140/300] batch [6/6] time 0.279 (0.377) data 0.000 (0.157) loss 0.4721 (0.4899) acc 86.3281 (87.1745) loss_ce 0.4721 (0.4899) lr 5.5226e-02 eta 0:06:01
epoch [141/300] batch [1/6] time 1.068 (1.068) data 0.978 (0.978) loss 0.5150 (0.5150) acc 88.2812 (88.2812) loss_ce 0.5150 (0.5150) lr 5.5226e-02 eta 0:17:04
epoch [141/300] batch [2/6] time 0.124 (0.596) data 0.001 (0.489) loss 0.4064 (0.4607) acc 90.2344 (89.2578) loss_ce 0.4064 (0.4607) lr 5.5226e-02 eta 0:09:31
epoch [141/300] batch [3/6] time 0.265 (0.486) data 0.000 (0.326) loss 0.5171 (0.4795) acc 86.3281 (88.2812) loss_ce 0.5171 (0.4795) lr 5.5226e-02 eta 0:07:44
epoch [141/300] batch [4/6] time 0.278 (0.434) data 0.000 (0.245) loss 0.4818 (0.4801) acc 89.4531 (88.5742) loss_ce 0.4818 (0.4801) lr 5.5226e-02 eta 0:06:54
epoch [141/300] batch [5/6] time 0.278 (0.403) data 0.000 (0.196) loss 0.5229 (0.4886) acc 85.9375 (88.0469) loss_ce 0.5229 (0.4886) lr 5.5226e-02 eta 0:06:24
epoch [141/300] batch [6/6] time 0.276 (0.382) data 0.000 (0.163) loss 0.4557 (0.4831) acc 87.8906 (88.0208) loss_ce 0.4557 (0.4831) lr 5.4705e-02 eta 0:06:04
epoch [142/300] batch [1/6] time 0.974 (0.974) data 0.884 (0.884) loss 0.4060 (0.4060) acc 88.6719 (88.6719) loss_ce 0.4060 (0.4060) lr 5.4705e-02 eta 0:15:28
epoch [142/300] batch [2/6] time 0.095 (0.534) data 0.000 (0.442) loss 0.4823 (0.4442) acc 89.4531 (89.0625) loss_ce 0.4823 (0.4442) lr 5.4705e-02 eta 0:08:28
epoch [142/300] batch [3/6] time 0.089 (0.386) data 0.000 (0.295) loss 0.4138 (0.4340) acc 89.0625 (89.0625) loss_ce 0.4138 (0.4340) lr 5.4705e-02 eta 0:06:07
epoch [142/300] batch [4/6] time 0.108 (0.316) data 0.000 (0.221) loss 0.4845 (0.4467) acc 89.4531 (89.1602) loss_ce 0.4845 (0.4467) lr 5.4705e-02 eta 0:05:00
epoch [142/300] batch [5/6] time 0.493 (0.352) data 0.215 (0.220) loss 0.4983 (0.4570) acc 87.8906 (88.9062) loss_ce 0.4983 (0.4570) lr 5.4705e-02 eta 0:05:33
epoch [142/300] batch [6/6] time 0.279 (0.340) data 0.000 (0.183) loss 0.4692 (0.4590) acc 91.0156 (89.2578) loss_ce 0.4692 (0.4590) lr 5.4184e-02 eta 0:05:21
epoch [143/300] batch [1/6] time 0.986 (0.986) data 0.896 (0.896) loss 0.3749 (0.3749) acc 89.4531 (89.4531) loss_ce 0.3749 (0.3749) lr 5.4184e-02 eta 0:15:33
epoch [143/300] batch [2/6] time 0.104 (0.545) data 0.000 (0.448) loss 0.4241 (0.3995) acc 89.8438 (89.6484) loss_ce 0.4241 (0.3995) lr 5.4184e-02 eta 0:08:35
epoch [143/300] batch [3/6] time 0.089 (0.393) data 0.000 (0.299) loss 0.4812 (0.4267) acc 86.7188 (88.6719) loss_ce 0.4812 (0.4267) lr 5.4184e-02 eta 0:06:11
epoch [143/300] batch [4/6] time 0.089 (0.317) data 0.000 (0.224) loss 0.4593 (0.4349) acc 89.4531 (88.8672) loss_ce 0.4593 (0.4349) lr 5.4184e-02 eta 0:04:59
epoch [143/300] batch [5/6] time 0.576 (0.369) data 0.303 (0.240) loss 0.4254 (0.4330) acc 90.2344 (89.1406) loss_ce 0.4254 (0.4330) lr 5.4184e-02 eta 0:05:47
epoch [143/300] batch [6/6] time 0.282 (0.354) data 0.000 (0.200) loss 0.3640 (0.4215) acc 90.2344 (89.3229) loss_ce 0.3640 (0.4215) lr 5.3662e-02 eta 0:05:33
epoch [144/300] batch [1/6] time 1.004 (1.004) data 0.914 (0.914) loss 0.4321 (0.4321) acc 87.8906 (87.8906) loss_ce 0.4321 (0.4321) lr 5.3662e-02 eta 0:15:44
epoch [144/300] batch [2/6] time 0.095 (0.549) data 0.000 (0.457) loss 0.4512 (0.4417) acc 88.2812 (88.0859) loss_ce 0.4512 (0.4417) lr 5.3662e-02 eta 0:08:36
epoch [144/300] batch [3/6] time 0.089 (0.396) data 0.000 (0.305) loss 0.4292 (0.4375) acc 90.2344 (88.8021) loss_ce 0.4292 (0.4375) lr 5.3662e-02 eta 0:06:11
epoch [144/300] batch [4/6] time 0.089 (0.319) data 0.000 (0.229) loss 0.4158 (0.4321) acc 89.0625 (88.8672) loss_ce 0.4158 (0.4321) lr 5.3662e-02 eta 0:04:59
epoch [144/300] batch [5/6] time 0.415 (0.338) data 0.257 (0.234) loss 0.4615 (0.4380) acc 89.4531 (88.9844) loss_ce 0.4615 (0.4380) lr 5.3662e-02 eta 0:05:16
epoch [144/300] batch [6/6] time 0.273 (0.327) data 0.000 (0.195) loss 0.5565 (0.4577) acc 87.1094 (88.6719) loss_ce 0.5565 (0.4577) lr 5.3140e-02 eta 0:05:06
epoch [145/300] batch [1/6] time 1.074 (1.074) data 0.984 (0.984) loss 0.5112 (0.5112) acc 88.2812 (88.2812) loss_ce 0.5112 (0.5112) lr 5.3140e-02 eta 0:16:44
epoch [145/300] batch [2/6] time 0.089 (0.582) data 0.000 (0.492) loss 0.4163 (0.4638) acc 91.0156 (89.6484) loss_ce 0.4163 (0.4638) lr 5.3140e-02 eta 0:09:03
epoch [145/300] batch [3/6] time 0.089 (0.417) data 0.000 (0.328) loss 0.3868 (0.4381) acc 91.0156 (90.1042) loss_ce 0.3868 (0.4381) lr 5.3140e-02 eta 0:06:29
epoch [145/300] batch [4/6] time 0.089 (0.335) data 0.000 (0.246) loss 0.4703 (0.4462) acc 87.1094 (89.3555) loss_ce 0.4703 (0.4462) lr 5.3140e-02 eta 0:05:12
epoch [145/300] batch [5/6] time 0.262 (0.321) data 0.173 (0.231) loss 0.4414 (0.4452) acc 89.8438 (89.4531) loss_ce 0.4414 (0.4452) lr 5.3140e-02 eta 0:04:58
epoch [145/300] batch [6/6] time 0.089 (0.282) data 0.000 (0.193) loss 0.3878 (0.4356) acc 90.6250 (89.6484) loss_ce 0.3878 (0.4356) lr 5.2617e-02 eta 0:04:22
epoch [146/300] batch [1/6] time 1.216 (1.216) data 0.980 (0.980) loss 0.4771 (0.4771) acc 87.8906 (87.8906) loss_ce 0.4771 (0.4771) lr 5.2617e-02 eta 0:18:50
epoch [146/300] batch [2/6] time 0.181 (0.699) data 0.000 (0.490) loss 0.5353 (0.5062) acc 85.9375 (86.9141) loss_ce 0.5353 (0.5062) lr 5.2617e-02 eta 0:10:48
epoch [146/300] batch [3/6] time 0.089 (0.496) data 0.000 (0.327) loss 0.5057 (0.5060) acc 87.1094 (86.9792) loss_ce 0.5057 (0.5060) lr 5.2617e-02 eta 0:07:39
epoch [146/300] batch [4/6] time 0.089 (0.394) data 0.000 (0.245) loss 0.5147 (0.5082) acc 87.1094 (87.0117) loss_ce 0.5147 (0.5082) lr 5.2617e-02 eta 0:06:04
epoch [146/300] batch [5/6] time 0.089 (0.333) data 0.000 (0.196) loss 0.5132 (0.5092) acc 88.2812 (87.2656) loss_ce 0.5132 (0.5092) lr 5.2617e-02 eta 0:05:08
epoch [146/300] batch [6/6] time 0.089 (0.292) data 0.000 (0.163) loss 0.4075 (0.4923) acc 90.2344 (87.7604) loss_ce 0.4075 (0.4923) lr 5.2094e-02 eta 0:04:30
epoch [147/300] batch [1/6] time 1.079 (1.079) data 0.867 (0.867) loss 0.5099 (0.5099) acc 86.7188 (86.7188) loss_ce 0.5099 (0.5099) lr 5.2094e-02 eta 0:16:36
epoch [147/300] batch [2/6] time 0.278 (0.679) data 0.000 (0.434) loss 0.4254 (0.4676) acc 90.6250 (88.6719) loss_ce 0.4254 (0.4676) lr 5.2094e-02 eta 0:10:25
epoch [147/300] batch [3/6] time 0.252 (0.536) data 0.000 (0.289) loss 0.5568 (0.4973) acc 85.5469 (87.6302) loss_ce 0.5568 (0.4973) lr 5.2094e-02 eta 0:08:13
epoch [147/300] batch [4/6] time 0.185 (0.449) data 0.000 (0.217) loss 0.4187 (0.4777) acc 89.4531 (88.0859) loss_ce 0.4187 (0.4777) lr 5.2094e-02 eta 0:06:52
epoch [147/300] batch [5/6] time 0.147 (0.388) data 0.000 (0.174) loss 0.4421 (0.4706) acc 87.5000 (87.9688) loss_ce 0.4421 (0.4706) lr 5.2094e-02 eta 0:05:56
epoch [147/300] batch [6/6] time 0.089 (0.338) data 0.000 (0.145) loss 0.4549 (0.4680) acc 89.0625 (88.1510) loss_ce 0.4549 (0.4680) lr 5.1571e-02 eta 0:05:10
epoch [148/300] batch [1/6] time 0.983 (0.983) data 0.893 (0.893) loss 0.4291 (0.4291) acc 87.8906 (87.8906) loss_ce 0.4291 (0.4291) lr 5.1571e-02 eta 0:15:01
epoch [148/300] batch [2/6] time 0.206 (0.594) data 0.001 (0.447) loss 0.4719 (0.4505) acc 87.5000 (87.6953) loss_ce 0.4719 (0.4505) lr 5.1571e-02 eta 0:09:04
epoch [148/300] batch [3/6] time 0.278 (0.489) data 0.000 (0.298) loss 0.4031 (0.4347) acc 91.4062 (88.9323) loss_ce 0.4031 (0.4347) lr 5.1571e-02 eta 0:07:27
epoch [148/300] batch [4/6] time 0.245 (0.428) data 0.000 (0.223) loss 0.5022 (0.4516) acc 87.5000 (88.5742) loss_ce 0.5022 (0.4516) lr 5.1571e-02 eta 0:06:30
epoch [148/300] batch [5/6] time 0.185 (0.379) data 0.000 (0.179) loss 0.4652 (0.4543) acc 86.7188 (88.2031) loss_ce 0.4652 (0.4543) lr 5.1571e-02 eta 0:05:46
epoch [148/300] batch [6/6] time 0.185 (0.347) data 0.000 (0.149) loss 0.5212 (0.4655) acc 85.1562 (87.6953) loss_ce 0.5212 (0.4655) lr 5.1047e-02 eta 0:05:16
epoch [149/300] batch [1/6] time 1.049 (1.049) data 0.955 (0.955) loss 0.4494 (0.4494) acc 90.6250 (90.6250) loss_ce 0.4494 (0.4494) lr 5.1047e-02 eta 0:15:55
epoch [149/300] batch [2/6] time 0.120 (0.584) data 0.000 (0.478) loss 0.3586 (0.4040) acc 90.6250 (90.6250) loss_ce 0.3586 (0.4040) lr 5.1047e-02 eta 0:08:51
epoch [149/300] batch [3/6] time 0.263 (0.477) data 0.000 (0.319) loss 0.3397 (0.3826) acc 91.0156 (90.7552) loss_ce 0.3397 (0.3826) lr 5.1047e-02 eta 0:07:13
epoch [149/300] batch [4/6] time 0.278 (0.427) data 0.000 (0.239) loss 0.5363 (0.4210) acc 85.5469 (89.4531) loss_ce 0.5363 (0.4210) lr 5.1047e-02 eta 0:06:28
epoch [149/300] batch [5/6] time 0.200 (0.382) data 0.000 (0.191) loss 0.3981 (0.4164) acc 89.8438 (89.5312) loss_ce 0.3981 (0.4164) lr 5.1047e-02 eta 0:05:46
epoch [149/300] batch [6/6] time 0.185 (0.349) data 0.000 (0.159) loss 0.4594 (0.4236) acc 89.4531 (89.5182) loss_ce 0.4594 (0.4236) lr 5.0524e-02 eta 0:05:16
epoch [150/300] batch [1/6] time 1.065 (1.065) data 0.958 (0.958) loss 0.4171 (0.4171) acc 91.7969 (91.7969) loss_ce 0.4171 (0.4171) lr 5.0524e-02 eta 0:16:04
epoch [150/300] batch [2/6] time 0.096 (0.581) data 0.000 (0.479) loss 0.4235 (0.4203) acc 90.6250 (91.2109) loss_ce 0.4235 (0.4203) lr 5.0524e-02 eta 0:08:44
epoch [150/300] batch [3/6] time 0.236 (0.466) data 0.000 (0.320) loss 0.4789 (0.4398) acc 86.3281 (89.5833) loss_ce 0.4789 (0.4398) lr 5.0524e-02 eta 0:07:00
epoch [150/300] batch [4/6] time 0.269 (0.417) data 0.000 (0.240) loss 0.4887 (0.4520) acc 85.9375 (88.6719) loss_ce 0.4887 (0.4520) lr 5.0524e-02 eta 0:06:15
epoch [150/300] batch [5/6] time 0.178 (0.369) data 0.000 (0.192) loss 0.5655 (0.4747) acc 85.5469 (88.0469) loss_ce 0.5655 (0.4747) lr 5.0524e-02 eta 0:05:32
epoch [150/300] batch [6/6] time 0.185 (0.338) data 0.000 (0.160) loss 0.5346 (0.4847) acc 85.9375 (87.6953) loss_ce 0.5346 (0.4847) lr 5.0000e-02 eta 0:05:04
epoch [151/300] batch [1/6] time 1.153 (1.153) data 1.042 (1.042) loss 0.4630 (0.4630) acc 88.2812 (88.2812) loss_ce 0.4630 (0.4630) lr 5.0000e-02 eta 0:17:16
epoch [151/300] batch [2/6] time 0.278 (0.715) data 0.000 (0.521) loss 0.4441 (0.4536) acc 87.8906 (88.0859) loss_ce 0.4441 (0.4536) lr 5.0000e-02 eta 0:10:42
epoch [151/300] batch [3/6] time 0.263 (0.564) data 0.000 (0.347) loss 0.4433 (0.4501) acc 87.8906 (88.0208) loss_ce 0.4433 (0.4501) lr 5.0000e-02 eta 0:08:26
epoch [151/300] batch [4/6] time 0.184 (0.469) data 0.000 (0.261) loss 0.3889 (0.4348) acc 90.2344 (88.5742) loss_ce 0.3889 (0.4348) lr 5.0000e-02 eta 0:07:00
epoch [151/300] batch [5/6] time 0.190 (0.414) data 0.000 (0.209) loss 0.5550 (0.4589) acc 86.3281 (88.1250) loss_ce 0.5550 (0.4589) lr 5.0000e-02 eta 0:06:10
epoch [151/300] batch [6/6] time 0.190 (0.376) data 0.000 (0.174) loss 0.4131 (0.4513) acc 90.6250 (88.5417) loss_ce 0.4131 (0.4513) lr 4.9476e-02 eta 0:05:36
epoch [152/300] batch [1/6] time 1.213 (1.213) data 0.970 (0.970) loss 0.4915 (0.4915) acc 89.0625 (89.0625) loss_ce 0.4915 (0.4915) lr 4.9476e-02 eta 0:18:03
epoch [152/300] batch [2/6] time 0.240 (0.727) data 0.000 (0.485) loss 0.5120 (0.5017) acc 87.1094 (88.0859) loss_ce 0.5120 (0.5017) lr 4.9476e-02 eta 0:10:48
epoch [152/300] batch [3/6] time 0.185 (0.546) data 0.000 (0.323) loss 0.4935 (0.4990) acc 87.5000 (87.8906) loss_ce 0.4935 (0.4990) lr 4.9476e-02 eta 0:08:06
epoch [152/300] batch [4/6] time 0.185 (0.456) data 0.000 (0.243) loss 0.5525 (0.5124) acc 85.9375 (87.4023) loss_ce 0.5525 (0.5124) lr 4.9476e-02 eta 0:06:45
epoch [152/300] batch [5/6] time 0.185 (0.402) data 0.000 (0.194) loss 0.4588 (0.5016) acc 88.2812 (87.5781) loss_ce 0.4588 (0.5016) lr 4.9476e-02 eta 0:05:57
epoch [152/300] batch [6/6] time 0.185 (0.366) data 0.000 (0.162) loss 0.4764 (0.4974) acc 85.9375 (87.3047) loss_ce 0.4764 (0.4974) lr 4.8953e-02 eta 0:05:24
epoch [153/300] batch [1/6] time 1.092 (1.092) data 0.902 (0.902) loss 0.3414 (0.3414) acc 89.4531 (89.4531) loss_ce 0.3414 (0.3414) lr 4.8953e-02 eta 0:16:09
epoch [153/300] batch [2/6] time 0.190 (0.641) data 0.000 (0.451) loss 0.4094 (0.3754) acc 89.8438 (89.6484) loss_ce 0.4094 (0.3754) lr 4.8953e-02 eta 0:09:28
epoch [153/300] batch [3/6] time 0.190 (0.491) data 0.000 (0.301) loss 0.6015 (0.4508) acc 87.1094 (88.8021) loss_ce 0.6015 (0.4508) lr 4.8953e-02 eta 0:07:14
epoch [153/300] batch [4/6] time 0.175 (0.412) data 0.000 (0.226) loss 0.5493 (0.4754) acc 85.9375 (88.0859) loss_ce 0.5493 (0.4754) lr 4.8953e-02 eta 0:06:04
epoch [153/300] batch [5/6] time 0.185 (0.366) data 0.000 (0.181) loss 0.5392 (0.4882) acc 86.7188 (87.8125) loss_ce 0.5392 (0.4882) lr 4.8953e-02 eta 0:05:23
epoch [153/300] batch [6/6] time 0.261 (0.349) data 0.000 (0.150) loss 0.4770 (0.4863) acc 88.6719 (87.9557) loss_ce 0.4770 (0.4863) lr 4.8429e-02 eta 0:05:07
epoch [154/300] batch [1/6] time 1.014 (1.014) data 0.906 (0.906) loss 0.4211 (0.4211) acc 91.0156 (91.0156) loss_ce 0.4211 (0.4211) lr 4.8429e-02 eta 0:14:53
epoch [154/300] batch [2/6] time 0.203 (0.608) data 0.001 (0.453) loss 0.5280 (0.4745) acc 84.3750 (87.6953) loss_ce 0.5280 (0.4745) lr 4.8429e-02 eta 0:08:55
epoch [154/300] batch [3/6] time 0.185 (0.467) data 0.000 (0.302) loss 0.5433 (0.4974) acc 85.5469 (86.9792) loss_ce 0.5433 (0.4974) lr 4.8429e-02 eta 0:06:50
epoch [154/300] batch [4/6] time 0.227 (0.407) data 0.000 (0.227) loss 0.4673 (0.4899) acc 88.2812 (87.3047) loss_ce 0.4673 (0.4899) lr 4.8429e-02 eta 0:05:57
epoch [154/300] batch [5/6] time 0.278 (0.381) data 0.000 (0.181) loss 0.5498 (0.5019) acc 86.7188 (87.1875) loss_ce 0.5498 (0.5019) lr 4.8429e-02 eta 0:05:34
epoch [154/300] batch [6/6] time 0.279 (0.364) data 0.000 (0.151) loss 0.5066 (0.5027) acc 87.5000 (87.2396) loss_ce 0.5066 (0.5027) lr 4.7906e-02 eta 0:05:19
epoch [155/300] batch [1/6] time 1.119 (1.119) data 0.946 (0.946) loss 0.5100 (0.5100) acc 86.3281 (86.3281) loss_ce 0.5100 (0.5100) lr 4.7906e-02 eta 0:16:19
epoch [155/300] batch [2/6] time 0.165 (0.642) data 0.000 (0.473) loss 0.6016 (0.5558) acc 83.9844 (85.1562) loss_ce 0.6016 (0.5558) lr 4.7906e-02 eta 0:09:21
epoch [155/300] batch [3/6] time 0.204 (0.496) data 0.000 (0.316) loss 0.4138 (0.5085) acc 89.8438 (86.7188) loss_ce 0.4138 (0.5085) lr 4.7906e-02 eta 0:07:13
epoch [155/300] batch [4/6] time 0.278 (0.442) data 0.000 (0.237) loss 0.4679 (0.4983) acc 88.6719 (87.2070) loss_ce 0.4679 (0.4983) lr 4.7906e-02 eta 0:06:25
epoch [155/300] batch [5/6] time 0.278 (0.409) data 0.000 (0.189) loss 0.5218 (0.5030) acc 84.3750 (86.6406) loss_ce 0.5218 (0.5030) lr 4.7906e-02 eta 0:05:56
epoch [155/300] batch [6/6] time 0.279 (0.387) data 0.000 (0.158) loss 0.4257 (0.4901) acc 89.0625 (87.0443) loss_ce 0.4257 (0.4901) lr 4.7383e-02 eta 0:05:36
epoch [156/300] batch [1/6] time 0.947 (0.947) data 0.856 (0.856) loss 0.5080 (0.5080) acc 85.9375 (85.9375) loss_ce 0.5080 (0.5080) lr 4.7383e-02 eta 0:13:43
epoch [156/300] batch [2/6] time 0.160 (0.554) data 0.000 (0.428) loss 0.4170 (0.4625) acc 90.2344 (88.0859) loss_ce 0.4170 (0.4625) lr 4.7383e-02 eta 0:08:00
epoch [156/300] batch [3/6] time 0.202 (0.436) data 0.000 (0.285) loss 0.4512 (0.4587) acc 88.2812 (88.1510) loss_ce 0.4512 (0.4587) lr 4.7383e-02 eta 0:06:18
epoch [156/300] batch [4/6] time 0.278 (0.397) data 0.000 (0.214) loss 0.5631 (0.4848) acc 87.5000 (87.9883) loss_ce 0.5631 (0.4848) lr 4.7383e-02 eta 0:05:43
epoch [156/300] batch [5/6] time 0.276 (0.373) data 0.000 (0.171) loss 0.5006 (0.4880) acc 87.8906 (87.9688) loss_ce 0.5006 (0.4880) lr 4.7383e-02 eta 0:05:22
epoch [156/300] batch [6/6] time 0.279 (0.357) data 0.000 (0.143) loss 0.4459 (0.4810) acc 87.8906 (87.9557) loss_ce 0.4459 (0.4810) lr 4.6860e-02 eta 0:05:08
epoch [157/300] batch [1/6] time 1.001 (1.001) data 0.911 (0.911) loss 0.4035 (0.4035) acc 90.6250 (90.6250) loss_ce 0.4035 (0.4035) lr 4.6860e-02 eta 0:14:23
epoch [157/300] batch [2/6] time 0.108 (0.554) data 0.000 (0.455) loss 0.5370 (0.4703) acc 85.9375 (88.2812) loss_ce 0.5370 (0.4703) lr 4.6860e-02 eta 0:07:57
epoch [157/300] batch [3/6] time 0.088 (0.399) data 0.000 (0.304) loss 0.4793 (0.4733) acc 88.2812 (88.2812) loss_ce 0.4793 (0.4733) lr 4.6860e-02 eta 0:05:43
epoch [157/300] batch [4/6] time 0.238 (0.359) data 0.000 (0.228) loss 0.3958 (0.4539) acc 89.8438 (88.6719) loss_ce 0.3958 (0.4539) lr 4.6860e-02 eta 0:05:08
epoch [157/300] batch [5/6] time 0.435 (0.374) data 0.156 (0.213) loss 0.4015 (0.4434) acc 90.6250 (89.0625) loss_ce 0.4015 (0.4434) lr 4.6860e-02 eta 0:05:21
epoch [157/300] batch [6/6] time 0.267 (0.356) data 0.000 (0.178) loss 0.5766 (0.4656) acc 86.3281 (88.6068) loss_ce 0.5766 (0.4656) lr 4.6338e-02 eta 0:05:05
epoch [158/300] batch [1/6] time 0.953 (0.953) data 0.864 (0.864) loss 0.4301 (0.4301) acc 87.5000 (87.5000) loss_ce 0.4301 (0.4301) lr 4.6338e-02 eta 0:13:37
epoch [158/300] batch [2/6] time 0.095 (0.524) data 0.000 (0.432) loss 0.4087 (0.4194) acc 89.8438 (88.6719) loss_ce 0.4087 (0.4194) lr 4.6338e-02 eta 0:07:28
epoch [158/300] batch [3/6] time 0.089 (0.379) data 0.000 (0.288) loss 0.4828 (0.4405) acc 88.6719 (88.6719) loss_ce 0.4828 (0.4405) lr 4.6338e-02 eta 0:05:23
epoch [158/300] batch [4/6] time 0.089 (0.306) data 0.000 (0.216) loss 0.5321 (0.4634) acc 86.7188 (88.1836) loss_ce 0.5321 (0.4634) lr 4.6338e-02 eta 0:04:21
epoch [158/300] batch [5/6] time 0.574 (0.360) data 0.295 (0.232) loss 0.4494 (0.4606) acc 89.8438 (88.5156) loss_ce 0.4494 (0.4606) lr 4.6338e-02 eta 0:05:07
epoch [158/300] batch [6/6] time 0.281 (0.347) data 0.000 (0.193) loss 0.4379 (0.4568) acc 89.0625 (88.6068) loss_ce 0.4379 (0.4568) lr 4.5816e-02 eta 0:04:55
epoch [159/300] batch [1/6] time 1.054 (1.054) data 0.964 (0.964) loss 0.5795 (0.5795) acc 85.1562 (85.1562) loss_ce 0.5795 (0.5795) lr 4.5816e-02 eta 0:14:56
epoch [159/300] batch [2/6] time 0.089 (0.572) data 0.000 (0.482) loss 0.4932 (0.5363) acc 86.7188 (85.9375) loss_ce 0.4932 (0.5363) lr 4.5816e-02 eta 0:08:05
epoch [159/300] batch [3/6] time 0.090 (0.411) data 0.000 (0.322) loss 0.5952 (0.5560) acc 84.3750 (85.4167) loss_ce 0.5952 (0.5560) lr 4.5816e-02 eta 0:05:49
epoch [159/300] batch [4/6] time 0.113 (0.337) data 0.000 (0.241) loss 0.4885 (0.5391) acc 88.2812 (86.1328) loss_ce 0.4885 (0.5391) lr 4.5816e-02 eta 0:04:45
epoch [159/300] batch [5/6] time 0.530 (0.375) data 0.249 (0.243) loss 0.3653 (0.5043) acc 89.4531 (86.7969) loss_ce 0.3653 (0.5043) lr 4.5816e-02 eta 0:05:17
epoch [159/300] batch [6/6] time 0.277 (0.359) data 0.000 (0.202) loss 0.4931 (0.5025) acc 87.8906 (86.9792) loss_ce 0.4931 (0.5025) lr 4.5295e-02 eta 0:05:03
epoch [160/300] batch [1/6] time 1.025 (1.025) data 0.936 (0.936) loss 0.4339 (0.4339) acc 88.6719 (88.6719) loss_ce 0.4339 (0.4339) lr 4.5295e-02 eta 0:14:26
epoch [160/300] batch [2/6] time 0.103 (0.564) data 0.000 (0.468) loss 0.4364 (0.4352) acc 89.4531 (89.0625) loss_ce 0.4364 (0.4352) lr 4.5295e-02 eta 0:07:56
epoch [160/300] batch [3/6] time 0.088 (0.406) data 0.000 (0.312) loss 0.3737 (0.4147) acc 92.1875 (90.1042) loss_ce 0.3737 (0.4147) lr 4.5295e-02 eta 0:05:41
epoch [160/300] batch [4/6] time 0.089 (0.326) data 0.000 (0.234) loss 0.5169 (0.4402) acc 86.7188 (89.2578) loss_ce 0.5169 (0.4402) lr 4.5295e-02 eta 0:04:34
epoch [160/300] batch [5/6] time 0.697 (0.401) data 0.416 (0.271) loss 0.4608 (0.4444) acc 87.8906 (88.9844) loss_ce 0.4608 (0.4444) lr 4.5295e-02 eta 0:05:36
epoch [160/300] batch [6/6] time 0.279 (0.380) data 0.000 (0.225) loss 0.3594 (0.4302) acc 90.2344 (89.1927) loss_ce 0.3594 (0.4302) lr 4.4774e-02 eta 0:05:19
epoch [161/300] batch [1/6] time 1.064 (1.064) data 0.974 (0.974) loss 0.5863 (0.5863) acc 83.5938 (83.5938) loss_ce 0.5863 (0.5863) lr 4.4774e-02 eta 0:14:52
epoch [161/300] batch [2/6] time 0.089 (0.576) data 0.000 (0.487) loss 0.4909 (0.5386) acc 89.0625 (86.3281) loss_ce 0.4909 (0.5386) lr 4.4774e-02 eta 0:08:03
epoch [161/300] batch [3/6] time 0.128 (0.427) data 0.000 (0.325) loss 0.4821 (0.5198) acc 87.5000 (86.7188) loss_ce 0.4821 (0.5198) lr 4.4774e-02 eta 0:05:57
epoch [161/300] batch [4/6] time 0.274 (0.389) data 0.000 (0.244) loss 0.4205 (0.4950) acc 89.4531 (87.4023) loss_ce 0.4205 (0.4950) lr 4.4774e-02 eta 0:05:24
epoch [161/300] batch [5/6] time 0.397 (0.390) data 0.115 (0.218) loss 0.5490 (0.5058) acc 88.2812 (87.5781) loss_ce 0.5490 (0.5058) lr 4.4774e-02 eta 0:05:25
epoch [161/300] batch [6/6] time 0.283 (0.372) data 0.000 (0.182) loss 0.4441 (0.4955) acc 89.0625 (87.8255) loss_ce 0.4441 (0.4955) lr 4.4253e-02 eta 0:05:10
epoch [162/300] batch [1/6] time 1.160 (1.160) data 1.070 (1.070) loss 0.4548 (0.4548) acc 88.2812 (88.2812) loss_ce 0.4548 (0.4548) lr 4.4253e-02 eta 0:16:06
epoch [162/300] batch [2/6] time 0.089 (0.624) data 0.000 (0.535) loss 0.5180 (0.4864) acc 87.8906 (88.0859) loss_ce 0.5180 (0.4864) lr 4.4253e-02 eta 0:08:39
epoch [162/300] batch [3/6] time 0.154 (0.468) data 0.000 (0.357) loss 0.5511 (0.5080) acc 86.3281 (87.5000) loss_ce 0.5511 (0.5080) lr 4.4253e-02 eta 0:06:28
epoch [162/300] batch [4/6] time 0.278 (0.420) data 0.000 (0.268) loss 0.4393 (0.4908) acc 90.2344 (88.1836) loss_ce 0.4393 (0.4908) lr 4.4253e-02 eta 0:05:48
epoch [162/300] batch [5/6] time 0.278 (0.392) data 0.000 (0.214) loss 0.4923 (0.4911) acc 87.5000 (88.0469) loss_ce 0.4923 (0.4911) lr 4.4253e-02 eta 0:05:24
epoch [162/300] batch [6/6] time 0.278 (0.373) data 0.000 (0.178) loss 0.3315 (0.4645) acc 92.5781 (88.8021) loss_ce 0.3315 (0.4645) lr 4.3733e-02 eta 0:05:08
epoch [163/300] batch [1/6] time 1.026 (1.026) data 0.936 (0.936) loss 0.5531 (0.5531) acc 87.1094 (87.1094) loss_ce 0.5531 (0.5531) lr 4.3733e-02 eta 0:14:08
epoch [163/300] batch [2/6] time 0.132 (0.579) data 0.041 (0.489) loss 0.4394 (0.4962) acc 87.5000 (87.3047) loss_ce 0.4394 (0.4962) lr 4.3733e-02 eta 0:07:58
epoch [163/300] batch [3/6] time 0.089 (0.416) data 0.000 (0.326) loss 0.5772 (0.5232) acc 87.5000 (87.3698) loss_ce 0.5772 (0.5232) lr 4.3733e-02 eta 0:05:42
epoch [163/300] batch [4/6] time 0.089 (0.334) data 0.000 (0.245) loss 0.3511 (0.4802) acc 92.9688 (88.7695) loss_ce 0.3511 (0.4802) lr 4.3733e-02 eta 0:04:35
epoch [163/300] batch [5/6] time 0.497 (0.366) data 0.218 (0.239) loss 0.3419 (0.4525) acc 90.6250 (89.1406) loss_ce 0.3419 (0.4525) lr 4.3733e-02 eta 0:05:01
epoch [163/300] batch [6/6] time 0.276 (0.351) data 0.000 (0.199) loss 0.3682 (0.4385) acc 90.2344 (89.3229) loss_ce 0.3682 (0.4385) lr 4.3214e-02 eta 0:04:48
epoch [164/300] batch [1/6] time 0.991 (0.991) data 0.901 (0.901) loss 0.3444 (0.3444) acc 90.6250 (90.6250) loss_ce 0.3444 (0.3444) lr 4.3214e-02 eta 0:13:33
epoch [164/300] batch [2/6] time 0.096 (0.544) data 0.000 (0.451) loss 0.4862 (0.4153) acc 89.0625 (89.8438) loss_ce 0.4862 (0.4153) lr 4.3214e-02 eta 0:07:25
epoch [164/300] batch [3/6] time 0.089 (0.392) data 0.000 (0.300) loss 0.4821 (0.4376) acc 88.6719 (89.4531) loss_ce 0.4821 (0.4376) lr 4.3214e-02 eta 0:05:21
epoch [164/300] batch [4/6] time 0.089 (0.316) data 0.000 (0.225) loss 0.4708 (0.4459) acc 85.5469 (88.4766) loss_ce 0.4708 (0.4459) lr 4.3214e-02 eta 0:04:18
epoch [164/300] batch [5/6] time 0.455 (0.344) data 0.250 (0.230) loss 0.4323 (0.4432) acc 86.7188 (88.1250) loss_ce 0.4323 (0.4432) lr 4.3214e-02 eta 0:04:41
epoch [164/300] batch [6/6] time 0.273 (0.332) data 0.000 (0.192) loss 0.4084 (0.4374) acc 89.0625 (88.2812) loss_ce 0.4084 (0.4374) lr 4.2696e-02 eta 0:04:31
epoch [165/300] batch [1/6] time 0.969 (0.969) data 0.879 (0.879) loss 0.4680 (0.4680) acc 89.4531 (89.4531) loss_ce 0.4680 (0.4680) lr 4.2696e-02 eta 0:13:09
epoch [165/300] batch [2/6] time 0.090 (0.530) data 0.001 (0.440) loss 0.4098 (0.4389) acc 90.6250 (90.0391) loss_ce 0.4098 (0.4389) lr 4.2696e-02 eta 0:07:11
epoch [165/300] batch [3/6] time 0.089 (0.383) data 0.000 (0.293) loss 0.5175 (0.4651) acc 87.1094 (89.0625) loss_ce 0.5175 (0.4651) lr 4.2696e-02 eta 0:05:11
epoch [165/300] batch [4/6] time 0.089 (0.309) data 0.000 (0.220) loss 0.3863 (0.4454) acc 90.2344 (89.3555) loss_ce 0.3863 (0.4454) lr 4.2696e-02 eta 0:04:11
epoch [165/300] batch [5/6] time 0.410 (0.329) data 0.321 (0.240) loss 0.4142 (0.4392) acc 91.4062 (89.7656) loss_ce 0.4142 (0.4392) lr 4.2696e-02 eta 0:04:27
epoch [165/300] batch [6/6] time 0.089 (0.289) data 0.000 (0.200) loss 0.5254 (0.4535) acc 87.5000 (89.3880) loss_ce 0.5254 (0.4535) lr 4.2178e-02 eta 0:03:54
epoch [166/300] batch [1/6] time 1.179 (1.179) data 1.000 (1.000) loss 0.4544 (0.4544) acc 90.2344 (90.2344) loss_ce 0.4544 (0.4544) lr 4.2178e-02 eta 0:15:53
epoch [166/300] batch [2/6] time 0.089 (0.634) data 0.000 (0.500) loss 0.5051 (0.4798) acc 87.5000 (88.8672) loss_ce 0.5051 (0.4798) lr 4.2178e-02 eta 0:08:32
epoch [166/300] batch [3/6] time 0.089 (0.452) data 0.000 (0.334) loss 0.4147 (0.4581) acc 89.8438 (89.1927) loss_ce 0.4147 (0.4581) lr 4.2178e-02 eta 0:06:05
epoch [166/300] batch [4/6] time 0.089 (0.362) data 0.000 (0.250) loss 0.4605 (0.4587) acc 88.2812 (88.9648) loss_ce 0.4605 (0.4587) lr 4.2178e-02 eta 0:04:51
epoch [166/300] batch [5/6] time 0.196 (0.329) data 0.107 (0.222) loss 0.4940 (0.4657) acc 90.2344 (89.2188) loss_ce 0.4940 (0.4657) lr 4.2178e-02 eta 0:04:24
epoch [166/300] batch [6/6] time 0.089 (0.289) data 0.000 (0.185) loss 0.4878 (0.4694) acc 89.0625 (89.1927) loss_ce 0.4878 (0.4694) lr 4.1662e-02 eta 0:03:52
epoch [167/300] batch [1/6] time 1.239 (1.239) data 0.961 (0.961) loss 0.4426 (0.4426) acc 87.8906 (87.8906) loss_ce 0.4426 (0.4426) lr 4.1662e-02 eta 0:16:34
epoch [167/300] batch [2/6] time 0.310 (0.774) data 0.000 (0.481) loss 0.3958 (0.4192) acc 89.4531 (88.6719) loss_ce 0.3958 (0.4192) lr 4.1662e-02 eta 0:10:20
epoch [167/300] batch [3/6] time 0.128 (0.559) data 0.000 (0.321) loss 0.4423 (0.4269) acc 87.8906 (88.4115) loss_ce 0.4423 (0.4269) lr 4.1662e-02 eta 0:07:27
epoch [167/300] batch [4/6] time 0.089 (0.441) data 0.000 (0.240) loss 0.4574 (0.4345) acc 88.6719 (88.4766) loss_ce 0.4574 (0.4345) lr 4.1662e-02 eta 0:05:53
epoch [167/300] batch [5/6] time 0.089 (0.371) data 0.000 (0.192) loss 0.4918 (0.4460) acc 88.2812 (88.4375) loss_ce 0.4918 (0.4460) lr 4.1662e-02 eta 0:04:56
epoch [167/300] batch [6/6] time 0.089 (0.324) data 0.000 (0.160) loss 0.4267 (0.4428) acc 88.2812 (88.4115) loss_ce 0.4267 (0.4428) lr 4.1146e-02 eta 0:04:18
epoch [168/300] batch [1/6] time 1.216 (1.216) data 0.937 (0.937) loss 0.4938 (0.4938) acc 88.2812 (88.2812) loss_ce 0.4938 (0.4938) lr 4.1146e-02 eta 0:16:09
epoch [168/300] batch [2/6] time 0.287 (0.752) data 0.000 (0.469) loss 0.4847 (0.4892) acc 87.8906 (88.0859) loss_ce 0.4847 (0.4892) lr 4.1146e-02 eta 0:09:58
epoch [168/300] batch [3/6] time 0.279 (0.594) data 0.000 (0.312) loss 0.3758 (0.4514) acc 92.5781 (89.5833) loss_ce 0.3758 (0.4514) lr 4.1146e-02 eta 0:07:52
epoch [168/300] batch [4/6] time 0.223 (0.501) data 0.000 (0.234) loss 0.6592 (0.5034) acc 81.6406 (87.5977) loss_ce 0.6592 (0.5034) lr 4.1146e-02 eta 0:06:38
epoch [168/300] batch [5/6] time 0.152 (0.431) data 0.000 (0.187) loss 0.5385 (0.5104) acc 86.3281 (87.3438) loss_ce 0.5385 (0.5104) lr 4.1146e-02 eta 0:05:42
epoch [168/300] batch [6/6] time 0.089 (0.374) data 0.000 (0.156) loss 0.4852 (0.5062) acc 88.6719 (87.5651) loss_ce 0.4852 (0.5062) lr 4.0631e-02 eta 0:04:56
epoch [169/300] batch [1/6] time 1.225 (1.225) data 0.965 (0.965) loss 0.4805 (0.4805) acc 87.1094 (87.1094) loss_ce 0.4805 (0.4805) lr 4.0631e-02 eta 0:16:09
epoch [169/300] batch [2/6] time 0.273 (0.749) data 0.000 (0.483) loss 0.5110 (0.4957) acc 87.1094 (87.1094) loss_ce 0.5110 (0.4957) lr 4.0631e-02 eta 0:09:52
epoch [169/300] batch [3/6] time 0.278 (0.592) data 0.000 (0.322) loss 0.4902 (0.4939) acc 89.0625 (87.7604) loss_ce 0.4902 (0.4939) lr 4.0631e-02 eta 0:07:47
epoch [169/300] batch [4/6] time 0.201 (0.495) data 0.000 (0.241) loss 0.5010 (0.4957) acc 87.5000 (87.6953) loss_ce 0.5010 (0.4957) lr 4.0631e-02 eta 0:06:29
epoch [169/300] batch [5/6] time 0.185 (0.433) data 0.000 (0.193) loss 0.4377 (0.4841) acc 88.6719 (87.8906) loss_ce 0.4377 (0.4841) lr 4.0631e-02 eta 0:05:40
epoch [169/300] batch [6/6] time 0.093 (0.376) data 0.000 (0.161) loss 0.4076 (0.4713) acc 89.8438 (88.2161) loss_ce 0.4076 (0.4713) lr 4.0117e-02 eta 0:04:55
epoch [170/300] batch [1/6] time 1.048 (1.048) data 0.861 (0.861) loss 0.3717 (0.3717) acc 92.1875 (92.1875) loss_ce 0.3717 (0.3717) lr 4.0117e-02 eta 0:13:42
epoch [170/300] batch [2/6] time 0.236 (0.642) data 0.000 (0.431) loss 0.4762 (0.4240) acc 89.0625 (90.6250) loss_ce 0.4762 (0.4240) lr 4.0117e-02 eta 0:08:23
epoch [170/300] batch [3/6] time 0.293 (0.526) data 0.000 (0.287) loss 0.4955 (0.4478) acc 86.3281 (89.1927) loss_ce 0.4955 (0.4478) lr 4.0117e-02 eta 0:06:51
epoch [170/300] batch [4/6] time 0.212 (0.447) data 0.000 (0.215) loss 0.4818 (0.4563) acc 87.8906 (88.8672) loss_ce 0.4818 (0.4563) lr 4.0117e-02 eta 0:05:49
epoch [170/300] batch [5/6] time 0.185 (0.395) data 0.000 (0.172) loss 0.4153 (0.4481) acc 90.2344 (89.1406) loss_ce 0.4153 (0.4481) lr 4.0117e-02 eta 0:05:08
epoch [170/300] batch [6/6] time 0.185 (0.360) data 0.000 (0.144) loss 0.3809 (0.4369) acc 91.0156 (89.4531) loss_ce 0.3809 (0.4369) lr 3.9604e-02 eta 0:04:40
epoch [171/300] batch [1/6] time 1.023 (1.023) data 0.933 (0.933) loss 0.4995 (0.4995) acc 87.1094 (87.1094) loss_ce 0.4995 (0.4995) lr 3.9604e-02 eta 0:13:17
epoch [171/300] batch [2/6] time 0.119 (0.571) data 0.000 (0.467) loss 0.4478 (0.4736) acc 88.6719 (87.8906) loss_ce 0.4478 (0.4736) lr 3.9604e-02 eta 0:07:24
epoch [171/300] batch [3/6] time 0.272 (0.471) data 0.000 (0.311) loss 0.4068 (0.4513) acc 89.0625 (88.2812) loss_ce 0.4068 (0.4513) lr 3.9604e-02 eta 0:06:06
epoch [171/300] batch [4/6] time 0.274 (0.422) data 0.000 (0.234) loss 0.4047 (0.4397) acc 89.0625 (88.4766) loss_ce 0.4047 (0.4397) lr 3.9604e-02 eta 0:05:27
epoch [171/300] batch [5/6] time 0.192 (0.376) data 0.000 (0.187) loss 0.4030 (0.4324) acc 90.2344 (88.8281) loss_ce 0.4030 (0.4324) lr 3.9604e-02 eta 0:04:51
epoch [171/300] batch [6/6] time 0.185 (0.344) data 0.000 (0.156) loss 0.4854 (0.4412) acc 88.2812 (88.7370) loss_ce 0.4854 (0.4412) lr 3.9093e-02 eta 0:04:26
epoch [172/300] batch [1/6] time 1.083 (1.083) data 0.944 (0.944) loss 0.4700 (0.4700) acc 87.5000 (87.5000) loss_ce 0.4700 (0.4700) lr 3.9093e-02 eta 0:13:57
epoch [172/300] batch [2/6] time 0.103 (0.593) data 0.000 (0.472) loss 0.6056 (0.5378) acc 84.3750 (85.9375) loss_ce 0.6056 (0.5378) lr 3.9093e-02 eta 0:07:37
epoch [172/300] batch [3/6] time 0.274 (0.487) data 0.000 (0.315) loss 0.4690 (0.5149) acc 89.8438 (87.2396) loss_ce 0.4690 (0.5149) lr 3.9093e-02 eta 0:06:15
epoch [172/300] batch [4/6] time 0.263 (0.431) data 0.000 (0.236) loss 0.4047 (0.4873) acc 92.1875 (88.4766) loss_ce 0.4047 (0.4873) lr 3.9093e-02 eta 0:05:31
epoch [172/300] batch [5/6] time 0.185 (0.382) data 0.000 (0.189) loss 0.4715 (0.4842) acc 89.4531 (88.6719) loss_ce 0.4715 (0.4842) lr 3.9093e-02 eta 0:04:53
epoch [172/300] batch [6/6] time 0.185 (0.349) data 0.000 (0.157) loss 0.4329 (0.4756) acc 90.2344 (88.9323) loss_ce 0.4329 (0.4756) lr 3.8582e-02 eta 0:04:27
epoch [173/300] batch [1/6] time 1.058 (1.058) data 0.899 (0.899) loss 0.3465 (0.3465) acc 90.6250 (90.6250) loss_ce 0.3465 (0.3465) lr 3.8582e-02 eta 0:13:31
epoch [173/300] batch [2/6] time 0.146 (0.602) data 0.000 (0.449) loss 0.4570 (0.4018) acc 89.0625 (89.8438) loss_ce 0.4570 (0.4018) lr 3.8582e-02 eta 0:07:41
epoch [173/300] batch [3/6] time 0.277 (0.494) data 0.000 (0.300) loss 0.5452 (0.4496) acc 86.3281 (88.6719) loss_ce 0.5452 (0.4496) lr 3.8582e-02 eta 0:06:17
epoch [173/300] batch [4/6] time 0.251 (0.433) data 0.000 (0.225) loss 0.4922 (0.4602) acc 87.8906 (88.4766) loss_ce 0.4922 (0.4602) lr 3.8582e-02 eta 0:05:30
epoch [173/300] batch [5/6] time 0.185 (0.383) data 0.000 (0.180) loss 0.4276 (0.4537) acc 91.0156 (88.9844) loss_ce 0.4276 (0.4537) lr 3.8582e-02 eta 0:04:52
epoch [173/300] batch [6/6] time 0.185 (0.350) data 0.000 (0.150) loss 0.4914 (0.4600) acc 87.5000 (88.7370) loss_ce 0.4914 (0.4600) lr 3.8073e-02 eta 0:04:26
epoch [174/300] batch [1/6] time 1.299 (1.299) data 1.105 (1.105) loss 0.4793 (0.4793) acc 87.8906 (87.8906) loss_ce 0.4793 (0.4793) lr 3.8073e-02 eta 0:16:28
epoch [174/300] batch [2/6] time 0.277 (0.788) data 0.000 (0.553) loss 0.5256 (0.5025) acc 87.1094 (87.5000) loss_ce 0.5256 (0.5025) lr 3.8073e-02 eta 0:09:58
epoch [174/300] batch [3/6] time 0.220 (0.599) data 0.000 (0.369) loss 0.4580 (0.4876) acc 88.6719 (87.8906) loss_ce 0.4580 (0.4876) lr 3.8073e-02 eta 0:07:34
epoch [174/300] batch [4/6] time 0.185 (0.495) data 0.000 (0.277) loss 0.3224 (0.4463) acc 92.1875 (88.9648) loss_ce 0.3224 (0.4463) lr 3.8073e-02 eta 0:06:15
epoch [174/300] batch [5/6] time 0.185 (0.433) data 0.000 (0.221) loss 0.5267 (0.4624) acc 86.3281 (88.4375) loss_ce 0.5267 (0.4624) lr 3.8073e-02 eta 0:05:28
epoch [174/300] batch [6/6] time 0.185 (0.392) data 0.000 (0.184) loss 0.4475 (0.4599) acc 86.7188 (88.1510) loss_ce 0.4475 (0.4599) lr 3.7566e-02 eta 0:04:56
epoch [175/300] batch [1/6] time 1.125 (1.125) data 0.872 (0.872) loss 0.5813 (0.5813) acc 85.1562 (85.1562) loss_ce 0.5813 (0.5813) lr 3.7566e-02 eta 0:14:09
epoch [175/300] batch [2/6] time 0.262 (0.694) data 0.000 (0.436) loss 0.4038 (0.4925) acc 88.2812 (86.7188) loss_ce 0.4038 (0.4925) lr 3.7566e-02 eta 0:08:43
epoch [175/300] batch [3/6] time 0.208 (0.532) data 0.000 (0.291) loss 0.5048 (0.4966) acc 88.6719 (87.3698) loss_ce 0.5048 (0.4966) lr 3.7566e-02 eta 0:06:40
epoch [175/300] batch [4/6] time 0.190 (0.446) data 0.000 (0.218) loss 0.3776 (0.4669) acc 89.8438 (87.9883) loss_ce 0.3776 (0.4669) lr 3.7566e-02 eta 0:05:35
epoch [175/300] batch [5/6] time 0.190 (0.395) data 0.000 (0.175) loss 0.3978 (0.4531) acc 91.7969 (88.7500) loss_ce 0.3978 (0.4531) lr 3.7566e-02 eta 0:04:56
epoch [175/300] batch [6/6] time 0.190 (0.361) data 0.000 (0.146) loss 0.4388 (0.4507) acc 89.0625 (88.8021) loss_ce 0.4388 (0.4507) lr 3.7059e-02 eta 0:04:30
epoch [176/300] batch [1/6] time 1.044 (1.044) data 0.907 (0.907) loss 0.4121 (0.4121) acc 91.4062 (91.4062) loss_ce 0.4121 (0.4121) lr 3.7059e-02 eta 0:13:01
epoch [176/300] batch [2/6] time 0.184 (0.614) data 0.000 (0.454) loss 0.4631 (0.4376) acc 91.4062 (91.4062) loss_ce 0.4631 (0.4376) lr 3.7059e-02 eta 0:07:39
epoch [176/300] batch [3/6] time 0.185 (0.471) data 0.000 (0.303) loss 0.5175 (0.4643) acc 87.5000 (90.1042) loss_ce 0.5175 (0.4643) lr 3.7059e-02 eta 0:05:51
epoch [176/300] batch [4/6] time 0.185 (0.399) data 0.000 (0.227) loss 0.4659 (0.4647) acc 86.3281 (89.1602) loss_ce 0.4659 (0.4647) lr 3.7059e-02 eta 0:04:57
epoch [176/300] batch [5/6] time 0.185 (0.357) data 0.000 (0.182) loss 0.5081 (0.4733) acc 88.6719 (89.0625) loss_ce 0.5081 (0.4733) lr 3.7059e-02 eta 0:04:25
epoch [176/300] batch [6/6] time 0.197 (0.330) data 0.000 (0.151) loss 0.4189 (0.4643) acc 88.6719 (88.9974) loss_ce 0.4189 (0.4643) lr 3.6554e-02 eta 0:04:05
epoch [177/300] batch [1/6] time 0.961 (0.961) data 0.871 (0.871) loss 0.4339 (0.4339) acc 89.8438 (89.8438) loss_ce 0.4339 (0.4339) lr 3.6554e-02 eta 0:11:53
epoch [177/300] batch [2/6] time 0.096 (0.528) data 0.000 (0.436) loss 0.3557 (0.3948) acc 89.0625 (89.4531) loss_ce 0.3557 (0.3948) lr 3.6554e-02 eta 0:06:32
epoch [177/300] batch [3/6] time 0.174 (0.410) data 0.000 (0.290) loss 0.5135 (0.4344) acc 86.3281 (88.4115) loss_ce 0.5135 (0.4344) lr 3.6554e-02 eta 0:05:04
epoch [177/300] batch [4/6] time 0.184 (0.354) data 0.000 (0.218) loss 0.4766 (0.4449) acc 86.7188 (87.9883) loss_ce 0.4766 (0.4449) lr 3.6554e-02 eta 0:04:21
epoch [177/300] batch [5/6] time 0.356 (0.354) data 0.113 (0.197) loss 0.4596 (0.4479) acc 89.4531 (88.2812) loss_ce 0.4596 (0.4479) lr 3.6554e-02 eta 0:04:21
epoch [177/300] batch [6/6] time 0.279 (0.342) data 0.000 (0.164) loss 0.5176 (0.4595) acc 87.8906 (88.2161) loss_ce 0.5176 (0.4595) lr 3.6050e-02 eta 0:04:12
epoch [178/300] batch [1/6] time 1.080 (1.080) data 0.989 (0.989) loss 0.5311 (0.5311) acc 88.6719 (88.6719) loss_ce 0.5311 (0.5311) lr 3.6050e-02 eta 0:13:16
epoch [178/300] batch [2/6] time 0.148 (0.614) data 0.001 (0.495) loss 0.4908 (0.5110) acc 88.2812 (88.4766) loss_ce 0.4908 (0.5110) lr 3.6050e-02 eta 0:07:32
epoch [178/300] batch [3/6] time 0.184 (0.471) data 0.000 (0.330) loss 0.4076 (0.4765) acc 91.4062 (89.4531) loss_ce 0.4076 (0.4765) lr 3.6050e-02 eta 0:05:46
epoch [178/300] batch [4/6] time 0.276 (0.422) data 0.000 (0.247) loss 0.5163 (0.4865) acc 86.7188 (88.7695) loss_ce 0.5163 (0.4865) lr 3.6050e-02 eta 0:05:09
epoch [178/300] batch [5/6] time 0.279 (0.394) data 0.000 (0.198) loss 0.4155 (0.4723) acc 87.5000 (88.5156) loss_ce 0.4155 (0.4723) lr 3.6050e-02 eta 0:04:48
epoch [178/300] batch [6/6] time 0.279 (0.374) data 0.000 (0.165) loss 0.3685 (0.4550) acc 90.2344 (88.8021) loss_ce 0.3685 (0.4550) lr 3.5548e-02 eta 0:04:34
epoch [179/300] batch [1/6] time 1.047 (1.047) data 0.957 (0.957) loss 0.3804 (0.3804) acc 92.1875 (92.1875) loss_ce 0.3804 (0.3804) lr 3.5548e-02 eta 0:12:45
epoch [179/300] batch [2/6] time 0.096 (0.571) data 0.000 (0.479) loss 0.4631 (0.4218) acc 87.5000 (89.8438) loss_ce 0.4631 (0.4218) lr 3.5548e-02 eta 0:06:57
epoch [179/300] batch [3/6] time 0.167 (0.436) data 0.000 (0.319) loss 0.4083 (0.4173) acc 88.2812 (89.3229) loss_ce 0.4083 (0.4173) lr 3.5548e-02 eta 0:05:18
epoch [179/300] batch [4/6] time 0.302 (0.403) data 0.000 (0.239) loss 0.5758 (0.4569) acc 85.9375 (88.4766) loss_ce 0.5758 (0.4569) lr 3.5548e-02 eta 0:04:53
epoch [179/300] batch [5/6] time 0.345 (0.391) data 0.063 (0.204) loss 0.5102 (0.4676) acc 85.5469 (87.8906) loss_ce 0.5102 (0.4676) lr 3.5548e-02 eta 0:04:44
epoch [179/300] batch [6/6] time 0.279 (0.372) data 0.000 (0.170) loss 0.4029 (0.4568) acc 89.8438 (88.2161) loss_ce 0.4029 (0.4568) lr 3.5048e-02 eta 0:04:30
epoch [180/300] batch [1/6] time 0.978 (0.978) data 0.887 (0.887) loss 0.4967 (0.4967) acc 87.1094 (87.1094) loss_ce 0.4967 (0.4967) lr 3.5048e-02 eta 0:11:48
epoch [180/300] batch [2/6] time 0.106 (0.542) data 0.000 (0.444) loss 0.4967 (0.4967) acc 87.8906 (87.5000) loss_ce 0.4967 (0.4967) lr 3.5048e-02 eta 0:06:32
epoch [180/300] batch [3/6] time 0.090 (0.391) data 0.000 (0.296) loss 0.5004 (0.4979) acc 87.1094 (87.3698) loss_ce 0.5004 (0.4979) lr 3.5048e-02 eta 0:04:42
epoch [180/300] batch [4/6] time 0.089 (0.316) data 0.000 (0.222) loss 0.4915 (0.4963) acc 87.8906 (87.5000) loss_ce 0.4915 (0.4963) lr 3.5048e-02 eta 0:03:47
epoch [180/300] batch [5/6] time 0.606 (0.374) data 0.328 (0.243) loss 0.3819 (0.4734) acc 90.2344 (88.0469) loss_ce 0.3819 (0.4734) lr 3.5048e-02 eta 0:04:29
epoch [180/300] batch [6/6] time 0.278 (0.358) data 0.000 (0.203) loss 0.3952 (0.4604) acc 90.2344 (88.4115) loss_ce 0.3952 (0.4604) lr 3.4549e-02 eta 0:04:17
epoch [181/300] batch [1/6] time 1.052 (1.052) data 0.962 (0.962) loss 0.3911 (0.3911) acc 91.4062 (91.4062) loss_ce 0.3911 (0.3911) lr 3.4549e-02 eta 0:12:36
epoch [181/300] batch [2/6] time 0.100 (0.576) data 0.001 (0.481) loss 0.4089 (0.4000) acc 89.4531 (90.4297) loss_ce 0.4089 (0.4000) lr 3.4549e-02 eta 0:06:53
epoch [181/300] batch [3/6] time 0.089 (0.414) data 0.000 (0.321) loss 0.5418 (0.4473) acc 84.3750 (88.4115) loss_ce 0.5418 (0.4473) lr 3.4549e-02 eta 0:04:56
epoch [181/300] batch [4/6] time 0.089 (0.332) data 0.000 (0.241) loss 0.3978 (0.4349) acc 89.0625 (88.5742) loss_ce 0.3978 (0.4349) lr 3.4549e-02 eta 0:03:58
epoch [181/300] batch [5/6] time 0.518 (0.370) data 0.241 (0.241) loss 0.5117 (0.4502) acc 87.1094 (88.2812) loss_ce 0.5117 (0.4502) lr 3.4549e-02 eta 0:04:24
epoch [181/300] batch [6/6] time 0.271 (0.353) data 0.000 (0.201) loss 0.3939 (0.4408) acc 89.8438 (88.5417) loss_ce 0.3939 (0.4408) lr 3.4052e-02 eta 0:04:12
epoch [182/300] batch [1/6] time 1.063 (1.063) data 0.973 (0.973) loss 0.4737 (0.4737) acc 89.0625 (89.0625) loss_ce 0.4737 (0.4737) lr 3.4052e-02 eta 0:12:37
epoch [182/300] batch [2/6] time 0.089 (0.576) data 0.000 (0.487) loss 0.3456 (0.4096) acc 92.9688 (91.0156) loss_ce 0.3456 (0.4096) lr 3.4052e-02 eta 0:06:50
epoch [182/300] batch [3/6] time 0.089 (0.414) data 0.000 (0.324) loss 0.4412 (0.4202) acc 91.0156 (91.0156) loss_ce 0.4412 (0.4202) lr 3.4052e-02 eta 0:04:54
epoch [182/300] batch [4/6] time 0.090 (0.333) data 0.000 (0.243) loss 0.5877 (0.4620) acc 84.7656 (89.4531) loss_ce 0.5877 (0.4620) lr 3.4052e-02 eta 0:03:56
epoch [182/300] batch [5/6] time 0.569 (0.380) data 0.288 (0.252) loss 0.5000 (0.4696) acc 86.7188 (88.9062) loss_ce 0.5000 (0.4696) lr 3.4052e-02 eta 0:04:29
epoch [182/300] batch [6/6] time 0.278 (0.363) data 0.000 (0.210) loss 0.4431 (0.4652) acc 89.8438 (89.0625) loss_ce 0.4431 (0.4652) lr 3.3557e-02 eta 0:04:17
epoch [183/300] batch [1/6] time 1.044 (1.044) data 0.936 (0.936) loss 0.5486 (0.5486) acc 85.5469 (85.5469) loss_ce 0.5486 (0.5486) lr 3.3557e-02 eta 0:12:18
epoch [183/300] batch [2/6] time 0.089 (0.566) data 0.000 (0.468) loss 0.4655 (0.5070) acc 87.8906 (86.7188) loss_ce 0.4655 (0.5070) lr 3.3557e-02 eta 0:06:39
epoch [183/300] batch [3/6] time 0.089 (0.407) data 0.000 (0.312) loss 0.5248 (0.5130) acc 87.1094 (86.8490) loss_ce 0.5248 (0.5130) lr 3.3557e-02 eta 0:04:47
epoch [183/300] batch [4/6] time 0.122 (0.336) data 0.000 (0.234) loss 0.4802 (0.5048) acc 88.6719 (87.3047) loss_ce 0.4802 (0.5048) lr 3.3557e-02 eta 0:03:56
epoch [183/300] batch [5/6] time 0.457 (0.360) data 0.177 (0.223) loss 0.4072 (0.4853) acc 91.4062 (88.1250) loss_ce 0.4072 (0.4853) lr 3.3557e-02 eta 0:04:13
epoch [183/300] batch [6/6] time 0.281 (0.347) data 0.000 (0.186) loss 0.3961 (0.4704) acc 90.6250 (88.5417) loss_ce 0.3961 (0.4704) lr 3.3063e-02 eta 0:04:03
epoch [184/300] batch [1/6] time 0.959 (0.959) data 0.868 (0.868) loss 0.4623 (0.4623) acc 89.4531 (89.4531) loss_ce 0.4623 (0.4623) lr 3.3063e-02 eta 0:11:11
epoch [184/300] batch [2/6] time 0.090 (0.524) data 0.000 (0.434) loss 0.3653 (0.4138) acc 90.2344 (89.8438) loss_ce 0.3653 (0.4138) lr 3.3063e-02 eta 0:06:06
epoch [184/300] batch [3/6] time 0.089 (0.379) data 0.000 (0.290) loss 0.5550 (0.4609) acc 86.3281 (88.6719) loss_ce 0.5550 (0.4609) lr 3.3063e-02 eta 0:04:24
epoch [184/300] batch [4/6] time 0.089 (0.306) data 0.000 (0.217) loss 0.4398 (0.4556) acc 89.0625 (88.7695) loss_ce 0.4398 (0.4556) lr 3.3063e-02 eta 0:03:33
epoch [184/300] batch [5/6] time 0.526 (0.350) data 0.253 (0.224) loss 0.4354 (0.4516) acc 90.6250 (89.1406) loss_ce 0.4354 (0.4516) lr 3.3063e-02 eta 0:04:04
epoch [184/300] batch [6/6] time 0.278 (0.338) data 0.000 (0.187) loss 0.4331 (0.4485) acc 88.6719 (89.0625) loss_ce 0.4331 (0.4485) lr 3.2571e-02 eta 0:03:55
epoch [185/300] batch [1/6] time 1.063 (1.063) data 0.973 (0.973) loss 0.3801 (0.3801) acc 87.8906 (87.8906) loss_ce 0.3801 (0.3801) lr 3.2571e-02 eta 0:12:18
epoch [185/300] batch [2/6] time 0.089 (0.576) data 0.000 (0.487) loss 0.4357 (0.4079) acc 90.6250 (89.2578) loss_ce 0.4357 (0.4079) lr 3.2571e-02 eta 0:06:39
epoch [185/300] batch [3/6] time 0.089 (0.413) data 0.000 (0.325) loss 0.4862 (0.4340) acc 87.1094 (88.5417) loss_ce 0.4862 (0.4340) lr 3.2571e-02 eta 0:04:46
epoch [185/300] batch [4/6] time 0.089 (0.332) data 0.000 (0.243) loss 0.4156 (0.4294) acc 89.8438 (88.8672) loss_ce 0.4156 (0.4294) lr 3.2571e-02 eta 0:03:49
epoch [185/300] batch [5/6] time 0.242 (0.314) data 0.154 (0.225) loss 0.4465 (0.4328) acc 90.2344 (89.1406) loss_ce 0.4465 (0.4328) lr 3.2571e-02 eta 0:03:37
epoch [185/300] batch [6/6] time 0.207 (0.296) data 0.000 (0.188) loss 0.4910 (0.4425) acc 87.5000 (88.8672) loss_ce 0.4910 (0.4425) lr 3.2082e-02 eta 0:03:24
epoch [186/300] batch [1/6] time 1.039 (1.039) data 0.841 (0.841) loss 0.5097 (0.5097) acc 87.1094 (87.1094) loss_ce 0.5097 (0.5097) lr 3.2082e-02 eta 0:11:55
epoch [186/300] batch [2/6] time 0.089 (0.564) data 0.000 (0.421) loss 0.4495 (0.4796) acc 88.6719 (87.8906) loss_ce 0.4495 (0.4796) lr 3.2082e-02 eta 0:06:28
epoch [186/300] batch [3/6] time 0.089 (0.406) data 0.000 (0.280) loss 0.5556 (0.5049) acc 87.8906 (87.8906) loss_ce 0.5556 (0.5049) lr 3.2082e-02 eta 0:04:38
epoch [186/300] batch [4/6] time 0.089 (0.327) data 0.000 (0.210) loss 0.4641 (0.4947) acc 86.7188 (87.5977) loss_ce 0.4641 (0.4947) lr 3.2082e-02 eta 0:03:44
epoch [186/300] batch [5/6] time 0.247 (0.311) data 0.159 (0.200) loss 0.5223 (0.5002) acc 87.5000 (87.5781) loss_ce 0.5223 (0.5002) lr 3.2082e-02 eta 0:03:32
epoch [186/300] batch [6/6] time 0.089 (0.274) data 0.000 (0.167) loss 0.4458 (0.4912) acc 89.8438 (87.9557) loss_ce 0.4458 (0.4912) lr 3.1594e-02 eta 0:03:07
epoch [187/300] batch [1/6] time 1.275 (1.275) data 0.999 (0.999) loss 0.4123 (0.4123) acc 88.6719 (88.6719) loss_ce 0.4123 (0.4123) lr 3.1594e-02 eta 0:14:31
epoch [187/300] batch [2/6] time 0.273 (0.774) data 0.000 (0.500) loss 0.5960 (0.5042) acc 85.9375 (87.3047) loss_ce 0.5960 (0.5042) lr 3.1594e-02 eta 0:08:48
epoch [187/300] batch [3/6] time 0.089 (0.546) data 0.000 (0.333) loss 0.4271 (0.4785) acc 88.2812 (87.6302) loss_ce 0.4271 (0.4785) lr 3.1594e-02 eta 0:06:11
epoch [187/300] batch [4/6] time 0.089 (0.432) data 0.000 (0.250) loss 0.4843 (0.4799) acc 86.7188 (87.4023) loss_ce 0.4843 (0.4799) lr 3.1594e-02 eta 0:04:53
epoch [187/300] batch [5/6] time 0.089 (0.363) data 0.000 (0.200) loss 0.4409 (0.4721) acc 88.2812 (87.5781) loss_ce 0.4409 (0.4721) lr 3.1594e-02 eta 0:04:06
epoch [187/300] batch [6/6] time 0.089 (0.317) data 0.000 (0.167) loss 0.4880 (0.4748) acc 87.8906 (87.6302) loss_ce 0.4880 (0.4748) lr 3.1108e-02 eta 0:03:35
epoch [188/300] batch [1/6] time 1.237 (1.237) data 0.959 (0.959) loss 0.4622 (0.4622) acc 88.6719 (88.6719) loss_ce 0.4622 (0.4622) lr 3.1108e-02 eta 0:13:57
epoch [188/300] batch [2/6] time 0.293 (0.765) data 0.000 (0.480) loss 0.5365 (0.4994) acc 88.2812 (88.4766) loss_ce 0.5365 (0.4994) lr 3.1108e-02 eta 0:08:37
epoch [188/300] batch [3/6] time 0.283 (0.604) data 0.000 (0.320) loss 0.4399 (0.4795) acc 90.2344 (89.0625) loss_ce 0.4399 (0.4795) lr 3.1108e-02 eta 0:06:47
epoch [188/300] batch [4/6] time 0.218 (0.508) data 0.000 (0.240) loss 0.3816 (0.4551) acc 90.6250 (89.4531) loss_ce 0.3816 (0.4551) lr 3.1108e-02 eta 0:05:42
epoch [188/300] batch [5/6] time 0.089 (0.424) data 0.000 (0.192) loss 0.4782 (0.4597) acc 86.3281 (88.8281) loss_ce 0.4782 (0.4597) lr 3.1108e-02 eta 0:04:45
epoch [188/300] batch [6/6] time 0.089 (0.368) data 0.000 (0.160) loss 0.3884 (0.4478) acc 91.0156 (89.1927) loss_ce 0.3884 (0.4478) lr 3.0624e-02 eta 0:04:07
epoch [189/300] batch [1/6] time 1.188 (1.188) data 0.908 (0.908) loss 0.4238 (0.4238) acc 89.8438 (89.8438) loss_ce 0.4238 (0.4238) lr 3.0624e-02 eta 0:13:17
epoch [189/300] batch [2/6] time 0.269 (0.728) data 0.000 (0.454) loss 0.3736 (0.3987) acc 90.6250 (90.2344) loss_ce 0.3736 (0.3987) lr 3.0624e-02 eta 0:08:08
epoch [189/300] batch [3/6] time 0.309 (0.589) data 0.000 (0.303) loss 0.4585 (0.4186) acc 89.0625 (89.8438) loss_ce 0.4585 (0.4186) lr 3.0624e-02 eta 0:06:33
epoch [189/300] batch [4/6] time 0.208 (0.493) data 0.000 (0.227) loss 0.4492 (0.4263) acc 89.0625 (89.6484) loss_ce 0.4492 (0.4263) lr 3.0624e-02 eta 0:05:29
epoch [189/300] batch [5/6] time 0.187 (0.432) data 0.000 (0.182) loss 0.3048 (0.4020) acc 92.9688 (90.3125) loss_ce 0.3048 (0.4020) lr 3.0624e-02 eta 0:04:48
epoch [189/300] batch [6/6] time 0.089 (0.375) data 0.000 (0.151) loss 0.5286 (0.4231) acc 85.5469 (89.5182) loss_ce 0.5286 (0.4231) lr 3.0143e-02 eta 0:04:09
epoch [190/300] batch [1/6] time 1.161 (1.161) data 0.951 (0.951) loss 0.4661 (0.4661) acc 87.5000 (87.5000) loss_ce 0.4661 (0.4661) lr 3.0143e-02 eta 0:12:52
epoch [190/300] batch [2/6] time 0.278 (0.720) data 0.000 (0.476) loss 0.4597 (0.4629) acc 90.6250 (89.0625) loss_ce 0.4597 (0.4629) lr 3.0143e-02 eta 0:07:57
epoch [190/300] batch [3/6] time 0.256 (0.565) data 0.000 (0.317) loss 0.4702 (0.4653) acc 89.0625 (89.0625) loss_ce 0.4702 (0.4653) lr 3.0143e-02 eta 0:06:14
epoch [190/300] batch [4/6] time 0.185 (0.470) data 0.000 (0.238) loss 0.3846 (0.4451) acc 91.4062 (89.6484) loss_ce 0.3846 (0.4451) lr 3.0143e-02 eta 0:05:11
epoch [190/300] batch [5/6] time 0.185 (0.413) data 0.000 (0.190) loss 0.5400 (0.4641) acc 84.3750 (88.5938) loss_ce 0.5400 (0.4641) lr 3.0143e-02 eta 0:04:33
epoch [190/300] batch [6/6] time 0.139 (0.367) data 0.000 (0.159) loss 0.4023 (0.4538) acc 90.6250 (88.9323) loss_ce 0.4023 (0.4538) lr 2.9663e-02 eta 0:04:02
epoch [191/300] batch [1/6] time 1.296 (1.296) data 1.021 (1.021) loss 0.4402 (0.4402) acc 89.0625 (89.0625) loss_ce 0.4402 (0.4402) lr 2.9663e-02 eta 0:14:14
epoch [191/300] batch [2/6] time 0.277 (0.787) data 0.000 (0.511) loss 0.4590 (0.4496) acc 90.6250 (89.8438) loss_ce 0.4590 (0.4496) lr 2.9663e-02 eta 0:08:37
epoch [191/300] batch [3/6] time 0.186 (0.587) data 0.000 (0.341) loss 0.3663 (0.4218) acc 91.0156 (90.2344) loss_ce 0.3663 (0.4218) lr 2.9663e-02 eta 0:06:25
epoch [191/300] batch [4/6] time 0.181 (0.485) data 0.000 (0.256) loss 0.4397 (0.4263) acc 88.6719 (89.8438) loss_ce 0.4397 (0.4263) lr 2.9663e-02 eta 0:05:18
epoch [191/300] batch [5/6] time 0.089 (0.406) data 0.000 (0.204) loss 0.4429 (0.4296) acc 89.4531 (89.7656) loss_ce 0.4429 (0.4296) lr 2.9663e-02 eta 0:04:25
epoch [191/300] batch [6/6] time 0.089 (0.353) data 0.000 (0.170) loss 0.5297 (0.4463) acc 87.5000 (89.3880) loss_ce 0.5297 (0.4463) lr 2.9186e-02 eta 0:03:51
epoch [192/300] batch [1/6] time 1.191 (1.191) data 0.976 (0.976) loss 0.3451 (0.3451) acc 91.4062 (91.4062) loss_ce 0.3451 (0.3451) lr 2.9186e-02 eta 0:12:57
epoch [192/300] batch [2/6] time 0.280 (0.736) data 0.000 (0.488) loss 0.3942 (0.3696) acc 90.2344 (90.8203) loss_ce 0.3942 (0.3696) lr 2.9186e-02 eta 0:07:59
epoch [192/300] batch [3/6] time 0.250 (0.574) data 0.000 (0.325) loss 0.4446 (0.3946) acc 88.6719 (90.1042) loss_ce 0.4446 (0.3946) lr 2.9186e-02 eta 0:06:13
epoch [192/300] batch [4/6] time 0.190 (0.478) data 0.000 (0.244) loss 0.4383 (0.4056) acc 89.4531 (89.9414) loss_ce 0.4383 (0.4056) lr 2.9186e-02 eta 0:05:10
epoch [192/300] batch [5/6] time 0.190 (0.420) data 0.000 (0.195) loss 0.4444 (0.4133) acc 86.3281 (89.2188) loss_ce 0.4444 (0.4133) lr 2.9186e-02 eta 0:04:32
epoch [192/300] batch [6/6] time 0.089 (0.365) data 0.000 (0.163) loss 0.4371 (0.4173) acc 90.2344 (89.3880) loss_ce 0.4371 (0.4173) lr 2.8711e-02 eta 0:03:56
epoch [193/300] batch [1/6] time 1.046 (1.046) data 0.854 (0.854) loss 0.3985 (0.3985) acc 89.8438 (89.8438) loss_ce 0.3985 (0.3985) lr 2.8711e-02 eta 0:11:16
epoch [193/300] batch [2/6] time 0.279 (0.663) data 0.000 (0.427) loss 0.4909 (0.4447) acc 87.1094 (88.4766) loss_ce 0.4909 (0.4447) lr 2.8711e-02 eta 0:07:08
epoch [193/300] batch [3/6] time 0.288 (0.538) data 0.000 (0.285) loss 0.4801 (0.4565) acc 85.9375 (87.6302) loss_ce 0.4801 (0.4565) lr 2.8711e-02 eta 0:05:46
epoch [193/300] batch [4/6] time 0.185 (0.450) data 0.000 (0.214) loss 0.4842 (0.4634) acc 89.0625 (87.9883) loss_ce 0.4842 (0.4634) lr 2.8711e-02 eta 0:04:49
epoch [193/300] batch [5/6] time 0.185 (0.397) data 0.000 (0.171) loss 0.3686 (0.4445) acc 92.9688 (88.9844) loss_ce 0.3686 (0.4445) lr 2.8711e-02 eta 0:04:15
epoch [193/300] batch [6/6] time 0.155 (0.356) data 0.000 (0.142) loss 0.4354 (0.4430) acc 90.6250 (89.2578) loss_ce 0.4354 (0.4430) lr 2.8238e-02 eta 0:03:48
epoch [194/300] batch [1/6] time 1.163 (1.163) data 0.918 (0.918) loss 0.4988 (0.4988) acc 87.5000 (87.5000) loss_ce 0.4988 (0.4988) lr 2.8238e-02 eta 0:12:25
epoch [194/300] batch [2/6] time 0.278 (0.720) data 0.000 (0.459) loss 0.5519 (0.5253) acc 86.7188 (87.1094) loss_ce 0.5519 (0.5253) lr 2.8238e-02 eta 0:07:40
epoch [194/300] batch [3/6] time 0.201 (0.547) data 0.000 (0.306) loss 0.5595 (0.5367) acc 85.1562 (86.4583) loss_ce 0.5595 (0.5367) lr 2.8238e-02 eta 0:05:49
epoch [194/300] batch [4/6] time 0.185 (0.457) data 0.000 (0.230) loss 0.4839 (0.5235) acc 89.8438 (87.3047) loss_ce 0.4839 (0.5235) lr 2.8238e-02 eta 0:04:51
epoch [194/300] batch [5/6] time 0.186 (0.403) data 0.000 (0.184) loss 0.4153 (0.5019) acc 90.2344 (87.8906) loss_ce 0.4153 (0.5019) lr 2.8238e-02 eta 0:04:16
epoch [194/300] batch [6/6] time 0.152 (0.361) data 0.000 (0.153) loss 0.3894 (0.4831) acc 90.2344 (88.2812) loss_ce 0.3894 (0.4831) lr 2.7768e-02 eta 0:03:49
epoch [195/300] batch [1/6] time 1.206 (1.206) data 0.937 (0.937) loss 0.3960 (0.3960) acc 91.4062 (91.4062) loss_ce 0.3960 (0.3960) lr 2.7768e-02 eta 0:12:46
epoch [195/300] batch [2/6] time 0.291 (0.749) data 0.000 (0.469) loss 0.4662 (0.4311) acc 86.7188 (89.0625) loss_ce 0.4662 (0.4311) lr 2.7768e-02 eta 0:07:54
epoch [195/300] batch [3/6] time 0.177 (0.558) data 0.000 (0.313) loss 0.5257 (0.4626) acc 85.1562 (87.7604) loss_ce 0.5257 (0.4626) lr 2.7768e-02 eta 0:05:53
epoch [195/300] batch [4/6] time 0.185 (0.465) data 0.000 (0.234) loss 0.4980 (0.4715) acc 87.1094 (87.5977) loss_ce 0.4980 (0.4715) lr 2.7768e-02 eta 0:04:53
epoch [195/300] batch [5/6] time 0.185 (0.409) data 0.000 (0.188) loss 0.4802 (0.4732) acc 88.6719 (87.8125) loss_ce 0.4802 (0.4732) lr 2.7768e-02 eta 0:04:18
epoch [195/300] batch [6/6] time 0.136 (0.363) data 0.000 (0.156) loss 0.4532 (0.4699) acc 87.5000 (87.7604) loss_ce 0.4532 (0.4699) lr 2.7300e-02 eta 0:03:48
epoch [196/300] batch [1/6] time 1.377 (1.377) data 1.097 (1.097) loss 0.4389 (0.4389) acc 89.4531 (89.4531) loss_ce 0.4389 (0.4389) lr 2.7300e-02 eta 0:14:25
epoch [196/300] batch [2/6] time 0.198 (0.787) data 0.000 (0.548) loss 0.5439 (0.4914) acc 85.9375 (87.6953) loss_ce 0.5439 (0.4914) lr 2.7300e-02 eta 0:08:14
epoch [196/300] batch [3/6] time 0.176 (0.584) data 0.000 (0.366) loss 0.3148 (0.4325) acc 93.7500 (89.7135) loss_ce 0.3148 (0.4325) lr 2.7300e-02 eta 0:06:05
epoch [196/300] batch [4/6] time 0.185 (0.484) data 0.000 (0.274) loss 0.5262 (0.4559) acc 87.8906 (89.2578) loss_ce 0.5262 (0.4559) lr 2.7300e-02 eta 0:05:02
epoch [196/300] batch [5/6] time 0.185 (0.424) data 0.000 (0.219) loss 0.4745 (0.4597) acc 88.6719 (89.1406) loss_ce 0.4745 (0.4597) lr 2.7300e-02 eta 0:04:25
epoch [196/300] batch [6/6] time 0.098 (0.370) data 0.000 (0.183) loss 0.4572 (0.4592) acc 88.6719 (89.0625) loss_ce 0.4572 (0.4592) lr 2.6835e-02 eta 0:03:50
epoch [197/300] batch [1/6] time 1.074 (1.074) data 0.856 (0.856) loss 0.6148 (0.6148) acc 84.7656 (84.7656) loss_ce 0.6148 (0.6148) lr 2.6835e-02 eta 0:11:08
epoch [197/300] batch [2/6] time 0.233 (0.654) data 0.000 (0.428) loss 0.4580 (0.5364) acc 88.6719 (86.7188) loss_ce 0.4580 (0.5364) lr 2.6835e-02 eta 0:06:46
epoch [197/300] batch [3/6] time 0.185 (0.497) data 0.000 (0.286) loss 0.4030 (0.4919) acc 90.2344 (87.8906) loss_ce 0.4030 (0.4919) lr 2.6835e-02 eta 0:05:08
epoch [197/300] batch [4/6] time 0.225 (0.429) data 0.000 (0.214) loss 0.4680 (0.4859) acc 89.0625 (88.1836) loss_ce 0.4680 (0.4859) lr 2.6835e-02 eta 0:04:26
epoch [197/300] batch [5/6] time 0.191 (0.382) data 0.000 (0.171) loss 0.3985 (0.4684) acc 91.0156 (88.7500) loss_ce 0.3985 (0.4684) lr 2.6835e-02 eta 0:03:56
epoch [197/300] batch [6/6] time 0.190 (0.350) data 0.000 (0.143) loss 0.4070 (0.4582) acc 89.8438 (88.9323) loss_ce 0.4070 (0.4582) lr 2.6372e-02 eta 0:03:36
epoch [198/300] batch [1/6] time 1.205 (1.205) data 1.021 (1.021) loss 0.3760 (0.3760) acc 91.0156 (91.0156) loss_ce 0.3760 (0.3760) lr 2.6372e-02 eta 0:12:23
epoch [198/300] batch [2/6] time 0.185 (0.695) data 0.000 (0.511) loss 0.4125 (0.3942) acc 90.6250 (90.8203) loss_ce 0.4125 (0.3942) lr 2.6372e-02 eta 0:07:08
epoch [198/300] batch [3/6] time 0.131 (0.507) data 0.000 (0.340) loss 0.3601 (0.3828) acc 90.6250 (90.7552) loss_ce 0.3601 (0.3828) lr 2.6372e-02 eta 0:05:11
epoch [198/300] batch [4/6] time 0.189 (0.427) data 0.000 (0.255) loss 0.5080 (0.4141) acc 86.7188 (89.7461) loss_ce 0.5080 (0.4141) lr 2.6372e-02 eta 0:04:22
epoch [198/300] batch [5/6] time 0.190 (0.380) data 0.000 (0.204) loss 0.4334 (0.4180) acc 89.8438 (89.7656) loss_ce 0.4334 (0.4180) lr 2.6372e-02 eta 0:03:52
epoch [198/300] batch [6/6] time 0.153 (0.342) data 0.000 (0.170) loss 0.4431 (0.4222) acc 87.8906 (89.4531) loss_ce 0.4431 (0.4222) lr 2.5912e-02 eta 0:03:29
epoch [199/300] batch [1/6] time 1.157 (1.157) data 0.972 (0.972) loss 0.4664 (0.4664) acc 88.6719 (88.6719) loss_ce 0.4664 (0.4664) lr 2.5912e-02 eta 0:11:47
epoch [199/300] batch [2/6] time 0.185 (0.671) data 0.001 (0.486) loss 0.4571 (0.4617) acc 89.4531 (89.0625) loss_ce 0.4571 (0.4617) lr 2.5912e-02 eta 0:06:49
epoch [199/300] batch [3/6] time 0.147 (0.496) data 0.000 (0.324) loss 0.5958 (0.5064) acc 85.1562 (87.7604) loss_ce 0.5958 (0.5064) lr 2.5912e-02 eta 0:05:02
epoch [199/300] batch [4/6] time 0.185 (0.419) data 0.000 (0.243) loss 0.4936 (0.5032) acc 86.7188 (87.5000) loss_ce 0.4936 (0.5032) lr 2.5912e-02 eta 0:04:14
epoch [199/300] batch [5/6] time 0.247 (0.384) data 0.000 (0.195) loss 0.4578 (0.4941) acc 89.4531 (87.8906) loss_ce 0.4578 (0.4941) lr 2.5912e-02 eta 0:03:53
epoch [199/300] batch [6/6] time 0.190 (0.352) data 0.000 (0.162) loss 0.4737 (0.4907) acc 89.0625 (88.0859) loss_ce 0.4737 (0.4907) lr 2.5455e-02 eta 0:03:33
epoch [200/300] batch [1/6] time 1.181 (1.181) data 0.995 (0.995) loss 0.3810 (0.3810) acc 90.2344 (90.2344) loss_ce 0.3810 (0.3810) lr 2.5455e-02 eta 0:11:54
epoch [200/300] batch [2/6] time 0.142 (0.662) data 0.000 (0.498) loss 0.4736 (0.4273) acc 87.1094 (88.6719) loss_ce 0.4736 (0.4273) lr 2.5455e-02 eta 0:06:39
epoch [200/300] batch [3/6] time 0.257 (0.527) data 0.000 (0.332) loss 0.4229 (0.4258) acc 90.2344 (89.1927) loss_ce 0.4229 (0.4258) lr 2.5455e-02 eta 0:05:17
epoch [200/300] batch [4/6] time 0.279 (0.465) data 0.000 (0.249) loss 0.4738 (0.4378) acc 89.4531 (89.2578) loss_ce 0.4738 (0.4378) lr 2.5455e-02 eta 0:04:39
epoch [200/300] batch [5/6] time 0.212 (0.414) data 0.000 (0.199) loss 0.4417 (0.4386) acc 88.6719 (89.1406) loss_ce 0.4417 (0.4386) lr 2.5455e-02 eta 0:04:08
epoch [200/300] batch [6/6] time 0.185 (0.376) data 0.000 (0.166) loss 0.4716 (0.4441) acc 87.8906 (88.9323) loss_ce 0.4716 (0.4441) lr 2.5000e-02 eta 0:03:45
epoch [201/300] batch [1/6] time 1.187 (1.187) data 0.970 (0.970) loss 0.4536 (0.4536) acc 89.0625 (89.0625) loss_ce 0.4536 (0.4536) lr 2.5000e-02 eta 0:11:51
epoch [201/300] batch [2/6] time 0.218 (0.703) data 0.000 (0.485) loss 0.3743 (0.4139) acc 91.4062 (90.2344) loss_ce 0.3743 (0.4139) lr 2.5000e-02 eta 0:07:00
epoch [201/300] batch [3/6] time 0.278 (0.561) data 0.000 (0.324) loss 0.3351 (0.3876) acc 92.1875 (90.8854) loss_ce 0.3351 (0.3876) lr 2.5000e-02 eta 0:05:35
epoch [201/300] batch [4/6] time 0.239 (0.481) data 0.000 (0.243) loss 0.4786 (0.4104) acc 87.1094 (89.9414) loss_ce 0.4786 (0.4104) lr 2.5000e-02 eta 0:04:46
epoch [201/300] batch [5/6] time 0.187 (0.422) data 0.000 (0.194) loss 0.4470 (0.4177) acc 89.0625 (89.7656) loss_ce 0.4470 (0.4177) lr 2.5000e-02 eta 0:04:11
epoch [201/300] batch [6/6] time 0.185 (0.382) data 0.000 (0.162) loss 0.4525 (0.4235) acc 88.6719 (89.5833) loss_ce 0.4525 (0.4235) lr 2.4548e-02 eta 0:03:47
epoch [202/300] batch [1/6] time 1.060 (1.060) data 0.970 (0.970) loss 0.4033 (0.4033) acc 91.0156 (91.0156) loss_ce 0.4033 (0.4033) lr 2.4548e-02 eta 0:10:28
epoch [202/300] batch [2/6] time 0.231 (0.645) data 0.000 (0.485) loss 0.5273 (0.4653) acc 87.1094 (89.0625) loss_ce 0.5273 (0.4653) lr 2.4548e-02 eta 0:06:22
epoch [202/300] batch [3/6] time 0.280 (0.524) data 0.000 (0.324) loss 0.5267 (0.4858) acc 88.2812 (88.8021) loss_ce 0.5267 (0.4858) lr 2.4548e-02 eta 0:05:09
epoch [202/300] batch [4/6] time 0.243 (0.453) data 0.000 (0.243) loss 0.4749 (0.4830) acc 87.5000 (88.4766) loss_ce 0.4749 (0.4830) lr 2.4548e-02 eta 0:04:27
epoch [202/300] batch [5/6] time 0.185 (0.400) data 0.000 (0.194) loss 0.4646 (0.4794) acc 87.8906 (88.3594) loss_ce 0.4646 (0.4794) lr 2.4548e-02 eta 0:03:55
epoch [202/300] batch [6/6] time 0.186 (0.364) data 0.000 (0.162) loss 0.4440 (0.4735) acc 89.4531 (88.5417) loss_ce 0.4440 (0.4735) lr 2.4099e-02 eta 0:03:34
epoch [203/300] batch [1/6] time 1.001 (1.001) data 0.911 (0.911) loss 0.4852 (0.4852) acc 88.2812 (88.2812) loss_ce 0.4852 (0.4852) lr 2.4099e-02 eta 0:09:47
epoch [203/300] batch [2/6] time 0.117 (0.559) data 0.000 (0.456) loss 0.3811 (0.4332) acc 91.7969 (90.0391) loss_ce 0.3811 (0.4332) lr 2.4099e-02 eta 0:05:27
epoch [203/300] batch [3/6] time 0.280 (0.466) data 0.000 (0.304) loss 0.5012 (0.4558) acc 88.2812 (89.4531) loss_ce 0.5012 (0.4558) lr 2.4099e-02 eta 0:04:32
epoch [203/300] batch [4/6] time 0.281 (0.420) data 0.000 (0.228) loss 0.3985 (0.4415) acc 89.8438 (89.5508) loss_ce 0.3985 (0.4415) lr 2.4099e-02 eta 0:04:05
epoch [203/300] batch [5/6] time 0.186 (0.373) data 0.000 (0.182) loss 0.4296 (0.4391) acc 88.2812 (89.2969) loss_ce 0.4296 (0.4391) lr 2.4099e-02 eta 0:03:37
epoch [203/300] batch [6/6] time 0.186 (0.342) data 0.000 (0.152) loss 0.4540 (0.4416) acc 89.0625 (89.2578) loss_ce 0.4540 (0.4416) lr 2.3652e-02 eta 0:03:18
epoch [204/300] batch [1/6] time 1.219 (1.219) data 1.038 (1.038) loss 0.4150 (0.4150) acc 89.0625 (89.0625) loss_ce 0.4150 (0.4150) lr 2.3652e-02 eta 0:11:48
epoch [204/300] batch [2/6] time 0.238 (0.728) data 0.000 (0.519) loss 0.3360 (0.3755) acc 91.4062 (90.2344) loss_ce 0.3360 (0.3755) lr 2.3652e-02 eta 0:07:02
epoch [204/300] batch [3/6] time 0.278 (0.578) data 0.000 (0.346) loss 0.3088 (0.3533) acc 92.1875 (90.8854) loss_ce 0.3088 (0.3533) lr 2.3652e-02 eta 0:05:34
epoch [204/300] batch [4/6] time 0.225 (0.490) data 0.000 (0.260) loss 0.4840 (0.3860) acc 87.8906 (90.1367) loss_ce 0.4840 (0.3860) lr 2.3652e-02 eta 0:04:43
epoch [204/300] batch [5/6] time 0.185 (0.429) data 0.000 (0.208) loss 0.4647 (0.4017) acc 88.6719 (89.8438) loss_ce 0.4647 (0.4017) lr 2.3652e-02 eta 0:04:07
epoch [204/300] batch [6/6] time 0.185 (0.388) data 0.000 (0.173) loss 0.6119 (0.4367) acc 85.5469 (89.1276) loss_ce 0.6119 (0.4367) lr 2.3209e-02 eta 0:03:43
epoch [205/300] batch [1/6] time 1.272 (1.272) data 1.004 (1.004) loss 0.4500 (0.4500) acc 89.8438 (89.8438) loss_ce 0.4500 (0.4500) lr 2.3209e-02 eta 0:12:11
epoch [205/300] batch [2/6] time 0.306 (0.789) data 0.000 (0.502) loss 0.6187 (0.5343) acc 83.9844 (86.9141) loss_ce 0.6187 (0.5343) lr 2.3209e-02 eta 0:07:32
epoch [205/300] batch [3/6] time 0.175 (0.584) data 0.000 (0.335) loss 0.4540 (0.5075) acc 87.1094 (86.9792) loss_ce 0.4540 (0.5075) lr 2.3209e-02 eta 0:05:34
epoch [205/300] batch [4/6] time 0.185 (0.485) data 0.000 (0.251) loss 0.4808 (0.5009) acc 89.0625 (87.5000) loss_ce 0.4808 (0.5009) lr 2.3209e-02 eta 0:04:37
epoch [205/300] batch [5/6] time 0.185 (0.425) data 0.000 (0.201) loss 0.4625 (0.4932) acc 88.6719 (87.7344) loss_ce 0.4625 (0.4932) lr 2.3209e-02 eta 0:04:02
epoch [205/300] batch [6/6] time 0.117 (0.373) data 0.000 (0.167) loss 0.3204 (0.4644) acc 91.0156 (88.2812) loss_ce 0.3204 (0.4644) lr 2.2768e-02 eta 0:03:32
epoch [206/300] batch [1/6] time 1.254 (1.254) data 0.975 (0.975) loss 0.3941 (0.3941) acc 92.9688 (92.9688) loss_ce 0.3941 (0.3941) lr 2.2768e-02 eta 0:11:53
epoch [206/300] batch [2/6] time 0.280 (0.767) data 0.000 (0.488) loss 0.4969 (0.4455) acc 87.1094 (90.0391) loss_ce 0.4969 (0.4455) lr 2.2768e-02 eta 0:07:15
epoch [206/300] batch [3/6] time 0.185 (0.573) data 0.000 (0.325) loss 0.5144 (0.4685) acc 88.2812 (89.4531) loss_ce 0.5144 (0.4685) lr 2.2768e-02 eta 0:05:24
epoch [206/300] batch [4/6] time 0.185 (0.476) data 0.000 (0.244) loss 0.4432 (0.4621) acc 88.2812 (89.1602) loss_ce 0.4432 (0.4621) lr 2.2768e-02 eta 0:04:29
epoch [206/300] batch [5/6] time 0.185 (0.418) data 0.000 (0.195) loss 0.5092 (0.4715) acc 87.5000 (88.8281) loss_ce 0.5092 (0.4715) lr 2.2768e-02 eta 0:03:56
epoch [206/300] batch [6/6] time 0.140 (0.372) data 0.000 (0.163) loss 0.4077 (0.4609) acc 88.6719 (88.8021) loss_ce 0.4077 (0.4609) lr 2.2330e-02 eta 0:03:29
epoch [207/300] batch [1/6] time 1.107 (1.107) data 0.861 (0.861) loss 0.3463 (0.3463) acc 90.6250 (90.6250) loss_ce 0.3463 (0.3463) lr 2.2330e-02 eta 0:10:23
epoch [207/300] batch [2/6] time 0.271 (0.689) data 0.000 (0.431) loss 0.5359 (0.4411) acc 85.9375 (88.2812) loss_ce 0.5359 (0.4411) lr 2.2330e-02 eta 0:06:27
epoch [207/300] batch [3/6] time 0.173 (0.517) data 0.000 (0.287) loss 0.4047 (0.4290) acc 88.6719 (88.4115) loss_ce 0.4047 (0.4290) lr 2.2330e-02 eta 0:04:50
epoch [207/300] batch [4/6] time 0.185 (0.434) data 0.000 (0.215) loss 0.4324 (0.4298) acc 89.8438 (88.7695) loss_ce 0.4324 (0.4298) lr 2.2330e-02 eta 0:04:03
epoch [207/300] batch [5/6] time 0.185 (0.384) data 0.000 (0.172) loss 0.5443 (0.4527) acc 85.1562 (88.0469) loss_ce 0.5443 (0.4527) lr 2.2330e-02 eta 0:03:34
epoch [207/300] batch [6/6] time 0.185 (0.351) data 0.000 (0.144) loss 0.4848 (0.4581) acc 87.8906 (88.0208) loss_ce 0.4848 (0.4581) lr 2.1896e-02 eta 0:03:15
epoch [208/300] batch [1/6] time 1.139 (1.139) data 0.955 (0.955) loss 0.4319 (0.4319) acc 88.6719 (88.6719) loss_ce 0.4319 (0.4319) lr 2.1896e-02 eta 0:10:34
epoch [208/300] batch [2/6] time 0.184 (0.662) data 0.000 (0.478) loss 0.4551 (0.4435) acc 88.6719 (88.6719) loss_ce 0.4551 (0.4435) lr 2.1896e-02 eta 0:06:07
epoch [208/300] batch [3/6] time 0.185 (0.503) data 0.000 (0.319) loss 0.4260 (0.4377) acc 89.4531 (88.9323) loss_ce 0.4260 (0.4377) lr 2.1896e-02 eta 0:04:39
epoch [208/300] batch [4/6] time 0.185 (0.423) data 0.000 (0.239) loss 0.4611 (0.4435) acc 88.2812 (88.7695) loss_ce 0.4611 (0.4435) lr 2.1896e-02 eta 0:03:54
epoch [208/300] batch [5/6] time 0.185 (0.376) data 0.000 (0.191) loss 0.5390 (0.4626) acc 87.5000 (88.5156) loss_ce 0.5390 (0.4626) lr 2.1896e-02 eta 0:03:27
epoch [208/300] batch [6/6] time 0.248 (0.354) data 0.000 (0.159) loss 0.4724 (0.4643) acc 89.4531 (88.6719) loss_ce 0.4724 (0.4643) lr 2.1464e-02 eta 0:03:15
epoch [209/300] batch [1/6] time 1.158 (1.158) data 0.972 (0.972) loss 0.3745 (0.3745) acc 90.6250 (90.6250) loss_ce 0.3745 (0.3745) lr 2.1464e-02 eta 0:10:38
epoch [209/300] batch [2/6] time 0.185 (0.671) data 0.000 (0.486) loss 0.3904 (0.3824) acc 89.8438 (90.2344) loss_ce 0.3904 (0.3824) lr 2.1464e-02 eta 0:06:09
epoch [209/300] batch [3/6] time 0.135 (0.493) data 0.000 (0.324) loss 0.5319 (0.4323) acc 85.1562 (88.5417) loss_ce 0.5319 (0.4323) lr 2.1464e-02 eta 0:04:30
epoch [209/300] batch [4/6] time 0.188 (0.417) data 0.000 (0.243) loss 0.4318 (0.4321) acc 86.7188 (88.0859) loss_ce 0.4318 (0.4321) lr 2.1464e-02 eta 0:03:48
epoch [209/300] batch [5/6] time 0.279 (0.389) data 0.000 (0.195) loss 0.5199 (0.4497) acc 86.3281 (87.7344) loss_ce 0.5199 (0.4497) lr 2.1464e-02 eta 0:03:32
epoch [209/300] batch [6/6] time 0.234 (0.363) data 0.000 (0.162) loss 0.5632 (0.4686) acc 87.5000 (87.6953) loss_ce 0.5632 (0.4686) lr 2.1036e-02 eta 0:03:18
epoch [210/300] batch [1/6] time 1.199 (1.199) data 1.014 (1.014) loss 0.4162 (0.4162) acc 89.4531 (89.4531) loss_ce 0.4162 (0.4162) lr 2.1036e-02 eta 0:10:53
epoch [210/300] batch [2/6] time 0.245 (0.722) data 0.000 (0.507) loss 0.5239 (0.4700) acc 87.1094 (88.2812) loss_ce 0.5239 (0.4700) lr 2.1036e-02 eta 0:06:32
epoch [210/300] batch [3/6] time 0.256 (0.567) data 0.000 (0.338) loss 0.3864 (0.4422) acc 90.2344 (88.9323) loss_ce 0.3864 (0.4422) lr 2.1036e-02 eta 0:05:07
epoch [210/300] batch [4/6] time 0.274 (0.494) data 0.000 (0.254) loss 0.4189 (0.4364) acc 87.8906 (88.6719) loss_ce 0.4189 (0.4364) lr 2.1036e-02 eta 0:04:27
epoch [210/300] batch [5/6] time 0.216 (0.438) data 0.000 (0.203) loss 0.5001 (0.4491) acc 87.1094 (88.3594) loss_ce 0.5001 (0.4491) lr 2.1036e-02 eta 0:03:57
epoch [210/300] batch [6/6] time 0.186 (0.396) data 0.000 (0.169) loss 0.4907 (0.4560) acc 88.6719 (88.4115) loss_ce 0.4907 (0.4560) lr 2.0611e-02 eta 0:03:33
epoch [211/300] batch [1/6] time 1.062 (1.062) data 0.947 (0.947) loss 0.4082 (0.4082) acc 91.0156 (91.0156) loss_ce 0.4082 (0.4082) lr 2.0611e-02 eta 0:09:32
epoch [211/300] batch [2/6] time 0.199 (0.631) data 0.000 (0.474) loss 0.5736 (0.4909) acc 86.3281 (88.6719) loss_ce 0.5736 (0.4909) lr 2.0611e-02 eta 0:05:39
epoch [211/300] batch [3/6] time 0.278 (0.513) data 0.000 (0.316) loss 0.3768 (0.4528) acc 92.9688 (90.1042) loss_ce 0.3768 (0.4528) lr 2.0611e-02 eta 0:04:35
epoch [211/300] batch [4/6] time 0.274 (0.453) data 0.000 (0.237) loss 0.4057 (0.4411) acc 92.1875 (90.6250) loss_ce 0.4057 (0.4411) lr 2.0611e-02 eta 0:04:02
epoch [211/300] batch [5/6] time 0.185 (0.400) data 0.000 (0.190) loss 0.4506 (0.4430) acc 89.0625 (90.3125) loss_ce 0.4506 (0.4430) lr 2.0611e-02 eta 0:03:33
epoch [211/300] batch [6/6] time 0.186 (0.364) data 0.000 (0.158) loss 0.4032 (0.4363) acc 89.8438 (90.2344) loss_ce 0.4032 (0.4363) lr 2.0189e-02 eta 0:03:14
epoch [212/300] batch [1/6] time 1.013 (1.013) data 0.901 (0.901) loss 0.4301 (0.4301) acc 89.0625 (89.0625) loss_ce 0.4301 (0.4301) lr 2.0189e-02 eta 0:08:59
epoch [212/300] batch [2/6] time 0.176 (0.594) data 0.000 (0.451) loss 0.5107 (0.4704) acc 87.8906 (88.4766) loss_ce 0.5107 (0.4704) lr 2.0189e-02 eta 0:05:16
epoch [212/300] batch [3/6] time 0.249 (0.479) data 0.000 (0.301) loss 0.5145 (0.4851) acc 88.2812 (88.4115) loss_ce 0.5145 (0.4851) lr 2.0189e-02 eta 0:04:14
epoch [212/300] batch [4/6] time 0.281 (0.430) data 0.000 (0.225) loss 0.6103 (0.5164) acc 85.1562 (87.5977) loss_ce 0.6103 (0.5164) lr 2.0189e-02 eta 0:03:47
epoch [212/300] batch [5/6] time 0.216 (0.387) data 0.000 (0.180) loss 0.4012 (0.4934) acc 89.4531 (87.9688) loss_ce 0.4012 (0.4934) lr 2.0189e-02 eta 0:03:24
epoch [212/300] batch [6/6] time 0.190 (0.354) data 0.000 (0.150) loss 0.5355 (0.5004) acc 86.3281 (87.6953) loss_ce 0.5355 (0.5004) lr 1.9770e-02 eta 0:03:06
epoch [213/300] batch [1/6] time 1.191 (1.191) data 0.947 (0.947) loss 0.4224 (0.4224) acc 90.6250 (90.6250) loss_ce 0.4224 (0.4224) lr 1.9770e-02 eta 0:10:27
epoch [213/300] batch [2/6] time 0.278 (0.735) data 0.000 (0.474) loss 0.4598 (0.4411) acc 90.6250 (90.6250) loss_ce 0.4598 (0.4411) lr 1.9770e-02 eta 0:06:26
epoch [213/300] batch [3/6] time 0.279 (0.583) data 0.000 (0.316) loss 0.3972 (0.4265) acc 91.4062 (90.8854) loss_ce 0.3972 (0.4265) lr 1.9770e-02 eta 0:05:05
epoch [213/300] batch [4/6] time 0.276 (0.506) data 0.000 (0.237) loss 0.4972 (0.4441) acc 86.3281 (89.7461) loss_ce 0.4972 (0.4441) lr 1.9770e-02 eta 0:04:25
epoch [213/300] batch [5/6] time 0.185 (0.442) data 0.000 (0.190) loss 0.4433 (0.4440) acc 89.4531 (89.6875) loss_ce 0.4433 (0.4440) lr 1.9770e-02 eta 0:03:51
epoch [213/300] batch [6/6] time 0.185 (0.399) data 0.000 (0.158) loss 0.5611 (0.4635) acc 87.5000 (89.3229) loss_ce 0.5611 (0.4635) lr 1.9355e-02 eta 0:03:28
epoch [214/300] batch [1/6] time 1.113 (1.113) data 0.976 (0.976) loss 0.5471 (0.5471) acc 84.7656 (84.7656) loss_ce 0.5471 (0.5471) lr 1.9355e-02 eta 0:09:39
epoch [214/300] batch [2/6] time 0.249 (0.681) data 0.000 (0.488) loss 0.4954 (0.5212) acc 86.7188 (85.7422) loss_ce 0.4954 (0.5212) lr 1.9355e-02 eta 0:05:54
epoch [214/300] batch [3/6] time 0.261 (0.541) data 0.000 (0.325) loss 0.3917 (0.4780) acc 91.0156 (87.5000) loss_ce 0.3917 (0.4780) lr 1.9355e-02 eta 0:04:40
epoch [214/300] batch [4/6] time 0.214 (0.459) data 0.000 (0.244) loss 0.3632 (0.4493) acc 89.8438 (88.0859) loss_ce 0.3632 (0.4493) lr 1.9355e-02 eta 0:03:57
epoch [214/300] batch [5/6] time 0.185 (0.404) data 0.000 (0.195) loss 0.4117 (0.4418) acc 90.2344 (88.5156) loss_ce 0.4117 (0.4418) lr 1.9355e-02 eta 0:03:28
epoch [214/300] batch [6/6] time 0.185 (0.368) data 0.000 (0.163) loss 0.5318 (0.4568) acc 85.9375 (88.0859) loss_ce 0.5318 (0.4568) lr 1.8943e-02 eta 0:03:09
epoch [215/300] batch [1/6] time 1.225 (1.225) data 1.040 (1.040) loss 0.3781 (0.3781) acc 89.8438 (89.8438) loss_ce 0.3781 (0.3781) lr 1.8943e-02 eta 0:10:31
epoch [215/300] batch [2/6] time 0.270 (0.748) data 0.000 (0.520) loss 0.4749 (0.4265) acc 87.5000 (88.6719) loss_ce 0.4749 (0.4265) lr 1.8943e-02 eta 0:06:24
epoch [215/300] batch [3/6] time 0.276 (0.591) data 0.000 (0.347) loss 0.4825 (0.4452) acc 86.3281 (87.8906) loss_ce 0.4825 (0.4452) lr 1.8943e-02 eta 0:05:02
epoch [215/300] batch [4/6] time 0.196 (0.492) data 0.000 (0.260) loss 0.4317 (0.4418) acc 89.4531 (88.2812) loss_ce 0.4317 (0.4418) lr 1.8943e-02 eta 0:04:11
epoch [215/300] batch [5/6] time 0.185 (0.431) data 0.000 (0.208) loss 0.4238 (0.4382) acc 88.2812 (88.2812) loss_ce 0.4238 (0.4382) lr 1.8943e-02 eta 0:03:40
epoch [215/300] batch [6/6] time 0.124 (0.379) data 0.000 (0.174) loss 0.5213 (0.4520) acc 87.5000 (88.1510) loss_ce 0.5213 (0.4520) lr 1.8534e-02 eta 0:03:13
epoch [216/300] batch [1/6] time 1.079 (1.079) data 0.907 (0.907) loss 0.4450 (0.4450) acc 88.2812 (88.2812) loss_ce 0.4450 (0.4450) lr 1.8534e-02 eta 0:09:09
epoch [216/300] batch [2/6] time 0.250 (0.664) data 0.000 (0.454) loss 0.4259 (0.4354) acc 90.2344 (89.2578) loss_ce 0.4259 (0.4354) lr 1.8534e-02 eta 0:05:37
epoch [216/300] batch [3/6] time 0.274 (0.534) data 0.000 (0.302) loss 0.4421 (0.4376) acc 89.4531 (89.3229) loss_ce 0.4421 (0.4376) lr 1.8534e-02 eta 0:04:30
epoch [216/300] batch [4/6] time 0.212 (0.454) data 0.000 (0.227) loss 0.3876 (0.4251) acc 89.8438 (89.4531) loss_ce 0.3876 (0.4251) lr 1.8534e-02 eta 0:03:49
epoch [216/300] batch [5/6] time 0.185 (0.400) data 0.000 (0.182) loss 0.4153 (0.4232) acc 87.8906 (89.1406) loss_ce 0.4153 (0.4232) lr 1.8534e-02 eta 0:03:21
epoch [216/300] batch [6/6] time 0.185 (0.364) data 0.000 (0.151) loss 0.4469 (0.4271) acc 91.0156 (89.4531) loss_ce 0.4469 (0.4271) lr 1.8129e-02 eta 0:03:03
epoch [217/300] batch [1/6] time 1.227 (1.227) data 0.967 (0.967) loss 0.4867 (0.4867) acc 87.8906 (87.8906) loss_ce 0.4867 (0.4867) lr 1.8129e-02 eta 0:10:16
epoch [217/300] batch [2/6] time 0.287 (0.757) data 0.000 (0.484) loss 0.4109 (0.4488) acc 89.8438 (88.8672) loss_ce 0.4109 (0.4488) lr 1.8129e-02 eta 0:06:19
epoch [217/300] batch [3/6] time 0.181 (0.565) data 0.000 (0.323) loss 0.4401 (0.4459) acc 88.2812 (88.6719) loss_ce 0.4401 (0.4459) lr 1.8129e-02 eta 0:04:43
epoch [217/300] batch [4/6] time 0.185 (0.470) data 0.000 (0.242) loss 0.4600 (0.4494) acc 89.8438 (88.9648) loss_ce 0.4600 (0.4494) lr 1.8129e-02 eta 0:03:55
epoch [217/300] batch [5/6] time 0.185 (0.413) data 0.000 (0.194) loss 0.4720 (0.4539) acc 88.2812 (88.8281) loss_ce 0.4720 (0.4539) lr 1.8129e-02 eta 0:03:26
epoch [217/300] batch [6/6] time 0.152 (0.370) data 0.000 (0.161) loss 0.4410 (0.4518) acc 88.2812 (88.7370) loss_ce 0.4410 (0.4518) lr 1.7727e-02 eta 0:03:04
epoch [218/300] batch [1/6] time 1.140 (1.140) data 0.892 (0.892) loss 0.4357 (0.4357) acc 88.2812 (88.2812) loss_ce 0.4357 (0.4357) lr 1.7727e-02 eta 0:09:26
epoch [218/300] batch [2/6] time 0.240 (0.690) data 0.000 (0.446) loss 0.4840 (0.4599) acc 89.0625 (88.6719) loss_ce 0.4840 (0.4599) lr 1.7727e-02 eta 0:05:42
epoch [218/300] batch [3/6] time 0.185 (0.522) data 0.000 (0.297) loss 0.3947 (0.4381) acc 89.0625 (88.8021) loss_ce 0.3947 (0.4381) lr 1.7727e-02 eta 0:04:18
epoch [218/300] batch [4/6] time 0.185 (0.438) data 0.000 (0.223) loss 0.4769 (0.4478) acc 89.0625 (88.8672) loss_ce 0.4769 (0.4478) lr 1.7727e-02 eta 0:03:36
epoch [218/300] batch [5/6] time 0.185 (0.387) data 0.000 (0.178) loss 0.4961 (0.4575) acc 85.9375 (88.2812) loss_ce 0.4961 (0.4575) lr 1.7727e-02 eta 0:03:10
epoch [218/300] batch [6/6] time 0.186 (0.354) data 0.000 (0.149) loss 0.3819 (0.4449) acc 90.2344 (88.6068) loss_ce 0.3819 (0.4449) lr 1.7329e-02 eta 0:02:53
epoch [219/300] batch [1/6] time 1.092 (1.092) data 0.962 (0.962) loss 0.4286 (0.4286) acc 89.4531 (89.4531) loss_ce 0.4286 (0.4286) lr 1.7329e-02 eta 0:08:55
epoch [219/300] batch [2/6] time 0.182 (0.637) data 0.000 (0.481) loss 0.6239 (0.5262) acc 84.3750 (86.9141) loss_ce 0.6239 (0.5262) lr 1.7329e-02 eta 0:05:11
epoch [219/300] batch [3/6] time 0.185 (0.486) data 0.000 (0.321) loss 0.4586 (0.5037) acc 88.6719 (87.5000) loss_ce 0.4586 (0.5037) lr 1.7329e-02 eta 0:03:57
epoch [219/300] batch [4/6] time 0.185 (0.411) data 0.000 (0.241) loss 0.4525 (0.4909) acc 87.5000 (87.5000) loss_ce 0.4525 (0.4909) lr 1.7329e-02 eta 0:03:20
epoch [219/300] batch [5/6] time 0.185 (0.366) data 0.000 (0.193) loss 0.3951 (0.4717) acc 91.0156 (88.2031) loss_ce 0.3951 (0.4717) lr 1.7329e-02 eta 0:02:58
epoch [219/300] batch [6/6] time 0.248 (0.346) data 0.000 (0.160) loss 0.4034 (0.4603) acc 91.4062 (88.7370) loss_ce 0.4034 (0.4603) lr 1.6934e-02 eta 0:02:48
epoch [220/300] batch [1/6] time 0.903 (0.903) data 0.813 (0.813) loss 0.5023 (0.5023) acc 88.2812 (88.2812) loss_ce 0.5023 (0.5023) lr 1.6934e-02 eta 0:07:17
epoch [220/300] batch [2/6] time 0.113 (0.508) data 0.000 (0.407) loss 0.3551 (0.4287) acc 92.5781 (90.4297) loss_ce 0.3551 (0.4287) lr 1.6934e-02 eta 0:04:05
epoch [220/300] batch [3/6] time 0.185 (0.400) data 0.000 (0.271) loss 0.4879 (0.4484) acc 89.0625 (89.9740) loss_ce 0.4879 (0.4484) lr 1.6934e-02 eta 0:03:13
epoch [220/300] batch [4/6] time 0.185 (0.346) data 0.000 (0.203) loss 0.3342 (0.4199) acc 91.4062 (90.3320) loss_ce 0.3342 (0.4199) lr 1.6934e-02 eta 0:02:46
epoch [220/300] batch [5/6] time 0.389 (0.355) data 0.177 (0.198) loss 0.3092 (0.3977) acc 93.7500 (91.0156) loss_ce 0.3092 (0.3977) lr 1.6934e-02 eta 0:02:50
epoch [220/300] batch [6/6] time 0.280 (0.342) data 0.000 (0.165) loss 0.4023 (0.3985) acc 89.4531 (90.7552) loss_ce 0.4023 (0.3985) lr 1.6543e-02 eta 0:02:44
epoch [221/300] batch [1/6] time 1.153 (1.153) data 1.038 (1.038) loss 0.4497 (0.4497) acc 87.8906 (87.8906) loss_ce 0.4497 (0.4497) lr 1.6543e-02 eta 0:09:12
epoch [221/300] batch [2/6] time 0.186 (0.669) data 0.001 (0.519) loss 0.4168 (0.4333) acc 92.1875 (90.0391) loss_ce 0.4168 (0.4333) lr 1.6543e-02 eta 0:05:19
epoch [221/300] batch [3/6] time 0.243 (0.527) data 0.000 (0.346) loss 0.4620 (0.4428) acc 89.0625 (89.7135) loss_ce 0.4620 (0.4428) lr 1.6543e-02 eta 0:04:11
epoch [221/300] batch [4/6] time 0.279 (0.465) data 0.000 (0.260) loss 0.6212 (0.4874) acc 83.5938 (88.1836) loss_ce 0.6212 (0.4874) lr 1.6543e-02 eta 0:03:41
epoch [221/300] batch [5/6] time 0.279 (0.428) data 0.000 (0.208) loss 0.3896 (0.4679) acc 89.4531 (88.4375) loss_ce 0.3896 (0.4679) lr 1.6543e-02 eta 0:03:23
epoch [221/300] batch [6/6] time 0.279 (0.403) data 0.000 (0.173) loss 0.4445 (0.4640) acc 88.2812 (88.4115) loss_ce 0.4445 (0.4640) lr 1.6156e-02 eta 0:03:10
epoch [222/300] batch [1/6] time 1.152 (1.152) data 0.961 (0.961) loss 0.5301 (0.5301) acc 86.7188 (86.7188) loss_ce 0.5301 (0.5301) lr 1.6156e-02 eta 0:09:04
epoch [222/300] batch [2/6] time 0.186 (0.669) data 0.000 (0.481) loss 0.4341 (0.4821) acc 87.1094 (86.9141) loss_ce 0.4341 (0.4821) lr 1.6156e-02 eta 0:05:15
epoch [222/300] batch [3/6] time 0.278 (0.539) data 0.000 (0.321) loss 0.4437 (0.4693) acc 89.8438 (87.8906) loss_ce 0.4437 (0.4693) lr 1.6156e-02 eta 0:04:13
epoch [222/300] batch [4/6] time 0.265 (0.470) data 0.000 (0.240) loss 0.4609 (0.4672) acc 87.1094 (87.6953) loss_ce 0.4609 (0.4672) lr 1.6156e-02 eta 0:03:41
epoch [222/300] batch [5/6] time 0.282 (0.433) data 0.000 (0.192) loss 0.3665 (0.4470) acc 92.5781 (88.6719) loss_ce 0.3665 (0.4470) lr 1.6156e-02 eta 0:03:22
epoch [222/300] batch [6/6] time 0.283 (0.408) data 0.000 (0.160) loss 0.4891 (0.4540) acc 88.2812 (88.6068) loss_ce 0.4891 (0.4540) lr 1.5773e-02 eta 0:03:10
epoch [223/300] batch [1/6] time 1.033 (1.033) data 0.895 (0.895) loss 0.4457 (0.4457) acc 89.0625 (89.0625) loss_ce 0.4457 (0.4457) lr 1.5773e-02 eta 0:08:02
epoch [223/300] batch [2/6] time 0.249 (0.641) data 0.000 (0.448) loss 0.4766 (0.4612) acc 88.6719 (88.8672) loss_ce 0.4766 (0.4612) lr 1.5773e-02 eta 0:04:58
epoch [223/300] batch [3/6] time 0.291 (0.524) data 0.000 (0.299) loss 0.4381 (0.4535) acc 87.5000 (88.4115) loss_ce 0.4381 (0.4535) lr 1.5773e-02 eta 0:04:03
epoch [223/300] batch [4/6] time 0.278 (0.463) data 0.000 (0.224) loss 0.4568 (0.4543) acc 88.2812 (88.3789) loss_ce 0.4568 (0.4543) lr 1.5773e-02 eta 0:03:34
epoch [223/300] batch [5/6] time 0.279 (0.426) data 0.000 (0.179) loss 0.4955 (0.4626) acc 85.9375 (87.8906) loss_ce 0.4955 (0.4626) lr 1.5773e-02 eta 0:03:17
epoch [223/300] batch [6/6] time 0.279 (0.402) data 0.000 (0.149) loss 0.4085 (0.4536) acc 89.8438 (88.2161) loss_ce 0.4085 (0.4536) lr 1.5393e-02 eta 0:03:05
epoch [224/300] batch [1/6] time 0.974 (0.974) data 0.884 (0.884) loss 0.6008 (0.6008) acc 84.3750 (84.3750) loss_ce 0.6008 (0.6008) lr 1.5393e-02 eta 0:07:29
epoch [224/300] batch [2/6] time 0.176 (0.575) data 0.000 (0.442) loss 0.3944 (0.4976) acc 89.8438 (87.1094) loss_ce 0.3944 (0.4976) lr 1.5393e-02 eta 0:04:24
epoch [224/300] batch [3/6] time 0.278 (0.476) data 0.000 (0.295) loss 0.4649 (0.4867) acc 87.8906 (87.3698) loss_ce 0.4649 (0.4867) lr 1.5393e-02 eta 0:03:38
epoch [224/300] batch [4/6] time 0.278 (0.427) data 0.000 (0.221) loss 0.4424 (0.4756) acc 90.2344 (88.0859) loss_ce 0.4424 (0.4756) lr 1.5393e-02 eta 0:03:15
epoch [224/300] batch [5/6] time 0.279 (0.397) data 0.000 (0.177) loss 0.3802 (0.4565) acc 90.6250 (88.5938) loss_ce 0.3802 (0.4565) lr 1.5393e-02 eta 0:03:01
epoch [224/300] batch [6/6] time 0.279 (0.377) data 0.000 (0.148) loss 0.5186 (0.4669) acc 86.7188 (88.2812) loss_ce 0.5186 (0.4669) lr 1.5017e-02 eta 0:02:52
epoch [225/300] batch [1/6] time 1.127 (1.127) data 1.036 (1.036) loss 0.5193 (0.5193) acc 86.7188 (86.7188) loss_ce 0.5193 (0.5193) lr 1.5017e-02 eta 0:08:32
epoch [225/300] batch [2/6] time 0.195 (0.661) data 0.000 (0.518) loss 0.4303 (0.4748) acc 89.8438 (88.2812) loss_ce 0.4303 (0.4748) lr 1.5017e-02 eta 0:04:59
epoch [225/300] batch [3/6] time 0.278 (0.533) data 0.000 (0.346) loss 0.4236 (0.4577) acc 91.0156 (89.1927) loss_ce 0.4236 (0.4577) lr 1.5017e-02 eta 0:04:01
epoch [225/300] batch [4/6] time 0.269 (0.467) data 0.000 (0.259) loss 0.3749 (0.4370) acc 91.0156 (89.6484) loss_ce 0.3749 (0.4370) lr 1.5017e-02 eta 0:03:31
epoch [225/300] batch [5/6] time 0.278 (0.429) data 0.000 (0.207) loss 0.5327 (0.4562) acc 85.9375 (88.9062) loss_ce 0.5327 (0.4562) lr 1.5017e-02 eta 0:03:13
epoch [225/300] batch [6/6] time 0.279 (0.404) data 0.000 (0.173) loss 0.4269 (0.4513) acc 88.6719 (88.8672) loss_ce 0.4269 (0.4513) lr 1.4645e-02 eta 0:03:01
epoch [226/300] batch [1/6] time 1.072 (1.072) data 0.982 (0.982) loss 0.4487 (0.4487) acc 87.5000 (87.5000) loss_ce 0.4487 (0.4487) lr 1.4645e-02 eta 0:08:01
epoch [226/300] batch [2/6] time 0.089 (0.581) data 0.000 (0.491) loss 0.4384 (0.4436) acc 85.5469 (86.5234) loss_ce 0.4384 (0.4436) lr 1.4645e-02 eta 0:04:20
epoch [226/300] batch [3/6] time 0.230 (0.464) data 0.000 (0.327) loss 0.5425 (0.4766) acc 85.5469 (86.1979) loss_ce 0.5425 (0.4766) lr 1.4645e-02 eta 0:03:27
epoch [226/300] batch [4/6] time 0.276 (0.417) data 0.000 (0.246) loss 0.5631 (0.4982) acc 85.5469 (86.0352) loss_ce 0.5631 (0.4982) lr 1.4645e-02 eta 0:03:05
epoch [226/300] batch [5/6] time 0.263 (0.386) data 0.000 (0.197) loss 0.3787 (0.4743) acc 91.4062 (87.1094) loss_ce 0.3787 (0.4743) lr 1.4645e-02 eta 0:02:51
epoch [226/300] batch [6/6] time 0.279 (0.368) data 0.000 (0.164) loss 0.3995 (0.4618) acc 91.0156 (87.7604) loss_ce 0.3995 (0.4618) lr 1.4276e-02 eta 0:02:43
epoch [227/300] batch [1/6] time 1.025 (1.025) data 0.916 (0.916) loss 0.4080 (0.4080) acc 90.2344 (90.2344) loss_ce 0.4080 (0.4080) lr 1.4276e-02 eta 0:07:34
epoch [227/300] batch [2/6] time 0.089 (0.557) data 0.000 (0.458) loss 0.3162 (0.3621) acc 93.3594 (91.7969) loss_ce 0.3162 (0.3621) lr 1.4276e-02 eta 0:04:06
epoch [227/300] batch [3/6] time 0.089 (0.401) data 0.000 (0.306) loss 0.3196 (0.3479) acc 92.9688 (92.1875) loss_ce 0.3196 (0.3479) lr 1.4276e-02 eta 0:02:56
epoch [227/300] batch [4/6] time 0.089 (0.323) data 0.000 (0.229) loss 0.4325 (0.3691) acc 88.2812 (91.2109) loss_ce 0.4325 (0.3691) lr 1.4276e-02 eta 0:02:22
epoch [227/300] batch [5/6] time 0.571 (0.373) data 0.290 (0.241) loss 0.4597 (0.3872) acc 87.1094 (90.3906) loss_ce 0.4597 (0.3872) lr 1.4276e-02 eta 0:02:43
epoch [227/300] batch [6/6] time 0.278 (0.357) data 0.000 (0.201) loss 0.4375 (0.3956) acc 89.8438 (90.2995) loss_ce 0.4375 (0.3956) lr 1.3912e-02 eta 0:02:36
epoch [228/300] batch [1/6] time 0.963 (0.963) data 0.873 (0.873) loss 0.4536 (0.4536) acc 88.6719 (88.6719) loss_ce 0.4536 (0.4536) lr 1.3912e-02 eta 0:07:00
epoch [228/300] batch [2/6] time 0.094 (0.529) data 0.000 (0.437) loss 0.5641 (0.5088) acc 85.1562 (86.9141) loss_ce 0.5641 (0.5088) lr 1.3912e-02 eta 0:03:50
epoch [228/300] batch [3/6] time 0.089 (0.382) data 0.000 (0.291) loss 0.4653 (0.4943) acc 86.7188 (86.8490) loss_ce 0.4653 (0.4943) lr 1.3912e-02 eta 0:02:46
epoch [228/300] batch [4/6] time 0.089 (0.309) data 0.000 (0.218) loss 0.3913 (0.4686) acc 90.2344 (87.6953) loss_ce 0.3913 (0.4686) lr 1.3912e-02 eta 0:02:13
epoch [228/300] batch [5/6] time 0.476 (0.342) data 0.208 (0.216) loss 0.4603 (0.4669) acc 88.6719 (87.8906) loss_ce 0.4603 (0.4669) lr 1.3912e-02 eta 0:02:28
epoch [228/300] batch [6/6] time 0.278 (0.331) data 0.000 (0.180) loss 0.4431 (0.4630) acc 89.0625 (88.0859) loss_ce 0.4431 (0.4630) lr 1.3552e-02 eta 0:02:23
epoch [229/300] batch [1/6] time 1.031 (1.031) data 0.940 (0.940) loss 0.4005 (0.4005) acc 89.0625 (89.0625) loss_ce 0.4005 (0.4005) lr 1.3552e-02 eta 0:07:24
epoch [229/300] batch [2/6] time 0.094 (0.562) data 0.000 (0.470) loss 0.4079 (0.4042) acc 89.8438 (89.4531) loss_ce 0.4079 (0.4042) lr 1.3552e-02 eta 0:04:01
epoch [229/300] batch [3/6] time 0.089 (0.405) data 0.000 (0.314) loss 0.5107 (0.4397) acc 86.7188 (88.5417) loss_ce 0.5107 (0.4397) lr 1.3552e-02 eta 0:02:53
epoch [229/300] batch [4/6] time 0.089 (0.326) data 0.000 (0.235) loss 0.4400 (0.4398) acc 89.4531 (88.7695) loss_ce 0.4400 (0.4398) lr 1.3552e-02 eta 0:02:19
epoch [229/300] batch [5/6] time 0.337 (0.328) data 0.220 (0.232) loss 0.4800 (0.4478) acc 88.2812 (88.6719) loss_ce 0.4800 (0.4478) lr 1.3552e-02 eta 0:02:20
epoch [229/300] batch [6/6] time 0.189 (0.305) data 0.000 (0.194) loss 0.5077 (0.4578) acc 89.0625 (88.7370) loss_ce 0.5077 (0.4578) lr 1.3195e-02 eta 0:02:09
epoch [230/300] batch [1/6] time 1.026 (1.026) data 0.840 (0.840) loss 0.5174 (0.5174) acc 85.9375 (85.9375) loss_ce 0.5174 (0.5174) lr 1.3195e-02 eta 0:07:16
epoch [230/300] batch [2/6] time 0.100 (0.563) data 0.000 (0.420) loss 0.4172 (0.4673) acc 90.2344 (88.0859) loss_ce 0.4172 (0.4673) lr 1.3195e-02 eta 0:03:58
epoch [230/300] batch [3/6] time 0.089 (0.405) data 0.000 (0.280) loss 0.4427 (0.4591) acc 87.8906 (88.0208) loss_ce 0.4427 (0.4591) lr 1.3195e-02 eta 0:02:51
epoch [230/300] batch [4/6] time 0.090 (0.326) data 0.000 (0.210) loss 0.4767 (0.4635) acc 89.4531 (88.3789) loss_ce 0.4767 (0.4635) lr 1.3195e-02 eta 0:02:17
epoch [230/300] batch [5/6] time 0.228 (0.307) data 0.139 (0.196) loss 0.5286 (0.4765) acc 86.3281 (87.9688) loss_ce 0.5286 (0.4765) lr 1.3195e-02 eta 0:02:09
epoch [230/300] batch [6/6] time 0.135 (0.278) data 0.046 (0.171) loss 0.4666 (0.4749) acc 88.2812 (88.0208) loss_ce 0.4666 (0.4749) lr 1.2843e-02 eta 0:01:56
epoch [231/300] batch [1/6] time 1.222 (1.222) data 0.980 (0.980) loss 0.4797 (0.4797) acc 87.5000 (87.5000) loss_ce 0.4797 (0.4797) lr 1.2843e-02 eta 0:08:32
epoch [231/300] batch [2/6] time 0.176 (0.699) data 0.000 (0.490) loss 0.5625 (0.5211) acc 83.9844 (85.7422) loss_ce 0.5625 (0.5211) lr 1.2843e-02 eta 0:04:52
epoch [231/300] batch [3/6] time 0.089 (0.496) data 0.000 (0.327) loss 0.4842 (0.5088) acc 88.2812 (86.5885) loss_ce 0.4842 (0.5088) lr 1.2843e-02 eta 0:03:26
epoch [231/300] batch [4/6] time 0.089 (0.394) data 0.000 (0.245) loss 0.5378 (0.5161) acc 87.5000 (86.8164) loss_ce 0.5378 (0.5161) lr 1.2843e-02 eta 0:02:43
epoch [231/300] batch [5/6] time 0.131 (0.342) data 0.043 (0.205) loss 0.4456 (0.5020) acc 89.4531 (87.3438) loss_ce 0.4456 (0.5020) lr 1.2843e-02 eta 0:02:21
epoch [231/300] batch [6/6] time 0.089 (0.299) data 0.000 (0.171) loss 0.4443 (0.4924) acc 87.1094 (87.3047) loss_ce 0.4443 (0.4924) lr 1.2494e-02 eta 0:02:03
epoch [232/300] batch [1/6] time 1.233 (1.233) data 0.971 (0.971) loss 0.4019 (0.4019) acc 90.6250 (90.6250) loss_ce 0.4019 (0.4019) lr 1.2494e-02 eta 0:08:29
epoch [232/300] batch [2/6] time 0.307 (0.770) data 0.000 (0.485) loss 0.4961 (0.4490) acc 87.1094 (88.8672) loss_ce 0.4961 (0.4490) lr 1.2494e-02 eta 0:05:17
epoch [232/300] batch [3/6] time 0.208 (0.582) data 0.000 (0.324) loss 0.4056 (0.4346) acc 91.0156 (89.5833) loss_ce 0.4056 (0.4346) lr 1.2494e-02 eta 0:03:59
epoch [232/300] batch [4/6] time 0.150 (0.474) data 0.000 (0.243) loss 0.4013 (0.4262) acc 89.8438 (89.6484) loss_ce 0.4013 (0.4262) lr 1.2494e-02 eta 0:03:14
epoch [232/300] batch [5/6] time 0.089 (0.397) data 0.000 (0.194) loss 0.5053 (0.4420) acc 89.0625 (89.5312) loss_ce 0.5053 (0.4420) lr 1.2494e-02 eta 0:02:42
epoch [232/300] batch [6/6] time 0.090 (0.346) data 0.000 (0.162) loss 0.4406 (0.4418) acc 89.4531 (89.5182) loss_ce 0.4406 (0.4418) lr 1.2150e-02 eta 0:02:21
epoch [233/300] batch [1/6] time 1.177 (1.177) data 0.937 (0.937) loss 0.4108 (0.4108) acc 88.6719 (88.6719) loss_ce 0.4108 (0.4108) lr 1.2150e-02 eta 0:07:58
epoch [233/300] batch [2/6] time 0.279 (0.728) data 0.000 (0.469) loss 0.4868 (0.4488) acc 87.5000 (88.0859) loss_ce 0.4868 (0.4488) lr 1.2150e-02 eta 0:04:55
epoch [233/300] batch [3/6] time 0.225 (0.560) data 0.000 (0.313) loss 0.4633 (0.4537) acc 87.5000 (87.8906) loss_ce 0.4633 (0.4537) lr 1.2150e-02 eta 0:03:46
epoch [233/300] batch [4/6] time 0.185 (0.466) data 0.000 (0.234) loss 0.3775 (0.4346) acc 91.4062 (88.7695) loss_ce 0.3775 (0.4346) lr 1.2150e-02 eta 0:03:08
epoch [233/300] batch [5/6] time 0.095 (0.392) data 0.000 (0.188) loss 0.4579 (0.4393) acc 88.6719 (88.7500) loss_ce 0.4579 (0.4393) lr 1.2150e-02 eta 0:02:38
epoch [233/300] batch [6/6] time 0.089 (0.342) data 0.000 (0.156) loss 0.4480 (0.4407) acc 89.0625 (88.8021) loss_ce 0.4480 (0.4407) lr 1.1810e-02 eta 0:02:17
epoch [234/300] batch [1/6] time 1.069 (1.069) data 0.883 (0.883) loss 0.4309 (0.4309) acc 87.1094 (87.1094) loss_ce 0.4309 (0.4309) lr 1.1810e-02 eta 0:07:08
epoch [234/300] batch [2/6] time 0.270 (0.670) data 0.001 (0.442) loss 0.3591 (0.3950) acc 91.0156 (89.0625) loss_ce 0.3591 (0.3950) lr 1.1810e-02 eta 0:04:27
epoch [234/300] batch [3/6] time 0.279 (0.539) data 0.000 (0.295) loss 0.4881 (0.4260) acc 87.8906 (88.6719) loss_ce 0.4881 (0.4260) lr 1.1810e-02 eta 0:03:35
epoch [234/300] batch [4/6] time 0.195 (0.453) data 0.000 (0.221) loss 0.5762 (0.4636) acc 87.8906 (88.4766) loss_ce 0.5762 (0.4636) lr 1.1810e-02 eta 0:03:00
epoch [234/300] batch [5/6] time 0.186 (0.400) data 0.000 (0.177) loss 0.3916 (0.4492) acc 90.6250 (88.9062) loss_ce 0.3916 (0.4492) lr 1.1810e-02 eta 0:02:38
epoch [234/300] batch [6/6] time 0.090 (0.348) data 0.000 (0.147) loss 0.4228 (0.4448) acc 89.0625 (88.9323) loss_ce 0.4228 (0.4448) lr 1.1474e-02 eta 0:02:17
epoch [235/300] batch [1/6] time 1.121 (1.121) data 0.916 (0.916) loss 0.4093 (0.4093) acc 90.6250 (90.6250) loss_ce 0.4093 (0.4093) lr 1.1474e-02 eta 0:07:22
epoch [235/300] batch [2/6] time 0.227 (0.674) data 0.000 (0.458) loss 0.4322 (0.4207) acc 89.8438 (90.2344) loss_ce 0.4322 (0.4207) lr 1.1474e-02 eta 0:04:25
epoch [235/300] batch [3/6] time 0.274 (0.541) data 0.000 (0.306) loss 0.4777 (0.4397) acc 87.5000 (89.3229) loss_ce 0.4777 (0.4397) lr 1.1474e-02 eta 0:03:32
epoch [235/300] batch [4/6] time 0.249 (0.468) data 0.000 (0.229) loss 0.3923 (0.4279) acc 89.8438 (89.4531) loss_ce 0.3923 (0.4279) lr 1.1474e-02 eta 0:03:03
epoch [235/300] batch [5/6] time 0.185 (0.411) data 0.000 (0.183) loss 0.3679 (0.4159) acc 90.6250 (89.6875) loss_ce 0.3679 (0.4159) lr 1.1474e-02 eta 0:02:40
epoch [235/300] batch [6/6] time 0.126 (0.364) data 0.000 (0.153) loss 0.4562 (0.4226) acc 87.5000 (89.3229) loss_ce 0.4562 (0.4226) lr 1.1143e-02 eta 0:02:21
epoch [236/300] batch [1/6] time 1.112 (1.112) data 0.937 (0.937) loss 0.3392 (0.3392) acc 89.8438 (89.8438) loss_ce 0.3392 (0.3392) lr 1.1143e-02 eta 0:07:12
epoch [236/300] batch [2/6] time 0.247 (0.680) data 0.000 (0.469) loss 0.4461 (0.3927) acc 88.2812 (89.0625) loss_ce 0.4461 (0.3927) lr 1.1143e-02 eta 0:04:23
epoch [236/300] batch [3/6] time 0.274 (0.544) data 0.000 (0.312) loss 0.4242 (0.4032) acc 90.6250 (89.5833) loss_ce 0.4242 (0.4032) lr 1.1143e-02 eta 0:03:30
epoch [236/300] batch [4/6] time 0.216 (0.462) data 0.000 (0.234) loss 0.4920 (0.4254) acc 85.5469 (88.5742) loss_ce 0.4920 (0.4254) lr 1.1143e-02 eta 0:02:58
epoch [236/300] batch [5/6] time 0.185 (0.407) data 0.000 (0.187) loss 0.4022 (0.4208) acc 91.0156 (89.0625) loss_ce 0.4022 (0.4208) lr 1.1143e-02 eta 0:02:36
epoch [236/300] batch [6/6] time 0.119 (0.359) data 0.000 (0.156) loss 0.3898 (0.4156) acc 89.0625 (89.0625) loss_ce 0.3898 (0.4156) lr 1.0815e-02 eta 0:02:17
epoch [237/300] batch [1/6] time 1.150 (1.150) data 0.966 (0.966) loss 0.3800 (0.3800) acc 90.2344 (90.2344) loss_ce 0.3800 (0.3800) lr 1.0815e-02 eta 0:07:20
epoch [237/300] batch [2/6] time 0.271 (0.711) data 0.000 (0.483) loss 0.4275 (0.4037) acc 91.4062 (90.8203) loss_ce 0.4275 (0.4037) lr 1.0815e-02 eta 0:04:31
epoch [237/300] batch [3/6] time 0.278 (0.566) data 0.000 (0.322) loss 0.3224 (0.3766) acc 93.3594 (91.6667) loss_ce 0.3224 (0.3766) lr 1.0815e-02 eta 0:03:35
epoch [237/300] batch [4/6] time 0.192 (0.473) data 0.000 (0.242) loss 0.5135 (0.4108) acc 89.0625 (91.0156) loss_ce 0.5135 (0.4108) lr 1.0815e-02 eta 0:02:59
epoch [237/300] batch [5/6] time 0.185 (0.415) data 0.000 (0.193) loss 0.4967 (0.4280) acc 87.1094 (90.2344) loss_ce 0.4967 (0.4280) lr 1.0815e-02 eta 0:02:37
epoch [237/300] batch [6/6] time 0.183 (0.377) data 0.000 (0.161) loss 0.4394 (0.4299) acc 89.8438 (90.1693) loss_ce 0.4394 (0.4299) lr 1.0492e-02 eta 0:02:22
epoch [238/300] batch [1/6] time 1.092 (1.092) data 0.906 (0.906) loss 0.4431 (0.4431) acc 89.8438 (89.8438) loss_ce 0.4431 (0.4431) lr 1.0492e-02 eta 0:06:51
epoch [238/300] batch [2/6] time 0.258 (0.675) data 0.000 (0.453) loss 0.5080 (0.4755) acc 87.1094 (88.4766) loss_ce 0.5080 (0.4755) lr 1.0492e-02 eta 0:04:13
epoch [238/300] batch [3/6] time 0.278 (0.543) data 0.000 (0.302) loss 0.4335 (0.4615) acc 88.6719 (88.5417) loss_ce 0.4335 (0.4615) lr 1.0492e-02 eta 0:03:23
epoch [238/300] batch [4/6] time 0.205 (0.458) data 0.000 (0.227) loss 0.4539 (0.4596) acc 88.6719 (88.5742) loss_ce 0.4539 (0.4596) lr 1.0492e-02 eta 0:02:51
epoch [238/300] batch [5/6] time 0.185 (0.404) data 0.000 (0.181) loss 0.3402 (0.4357) acc 93.3594 (89.5312) loss_ce 0.3402 (0.4357) lr 1.0492e-02 eta 0:02:30
epoch [238/300] batch [6/6] time 0.145 (0.361) data 0.000 (0.151) loss 0.3311 (0.4183) acc 92.1875 (89.9740) loss_ce 0.3311 (0.4183) lr 1.0174e-02 eta 0:02:14
epoch [239/300] batch [1/6] time 1.072 (1.072) data 0.883 (0.883) loss 0.3498 (0.3498) acc 90.2344 (90.2344) loss_ce 0.3498 (0.3498) lr 1.0174e-02 eta 0:06:37
epoch [239/300] batch [2/6] time 0.254 (0.663) data 0.000 (0.442) loss 0.6003 (0.4750) acc 83.9844 (87.1094) loss_ce 0.6003 (0.4750) lr 1.0174e-02 eta 0:04:05
epoch [239/300] batch [3/6] time 0.280 (0.535) data 0.000 (0.294) loss 0.4232 (0.4578) acc 89.0625 (87.7604) loss_ce 0.4232 (0.4578) lr 1.0174e-02 eta 0:03:17
epoch [239/300] batch [4/6] time 0.212 (0.455) data 0.000 (0.221) loss 0.5141 (0.4719) acc 88.6719 (87.9883) loss_ce 0.5141 (0.4719) lr 1.0174e-02 eta 0:02:47
epoch [239/300] batch [5/6] time 0.191 (0.402) data 0.000 (0.177) loss 0.4382 (0.4651) acc 89.0625 (88.2031) loss_ce 0.4382 (0.4651) lr 1.0174e-02 eta 0:02:27
epoch [239/300] batch [6/6] time 0.191 (0.367) data 0.000 (0.147) loss 0.4113 (0.4562) acc 89.0625 (88.3464) loss_ce 0.4113 (0.4562) lr 9.8591e-03 eta 0:02:14
epoch [240/300] batch [1/6] time 0.981 (0.981) data 0.891 (0.891) loss 0.4316 (0.4316) acc 89.0625 (89.0625) loss_ce 0.4316 (0.4316) lr 9.8591e-03 eta 0:05:57
epoch [240/300] batch [2/6] time 0.198 (0.589) data 0.000 (0.446) loss 0.5658 (0.4987) acc 85.5469 (87.3047) loss_ce 0.5658 (0.4987) lr 9.8591e-03 eta 0:03:34
epoch [240/300] batch [3/6] time 0.309 (0.496) data 0.000 (0.297) loss 0.4338 (0.4771) acc 88.6719 (87.7604) loss_ce 0.4338 (0.4771) lr 9.8591e-03 eta 0:02:59
epoch [240/300] batch [4/6] time 0.223 (0.427) data 0.000 (0.223) loss 0.4626 (0.4734) acc 88.6719 (87.9883) loss_ce 0.4626 (0.4734) lr 9.8591e-03 eta 0:02:34
epoch [240/300] batch [5/6] time 0.185 (0.379) data 0.000 (0.178) loss 0.4369 (0.4661) acc 89.0625 (88.2031) loss_ce 0.4369 (0.4661) lr 9.8591e-03 eta 0:02:16
epoch [240/300] batch [6/6] time 0.185 (0.347) data 0.000 (0.149) loss 0.3416 (0.4454) acc 92.5781 (88.9323) loss_ce 0.3416 (0.4454) lr 9.5492e-03 eta 0:02:04
epoch [241/300] batch [1/6] time 1.064 (1.064) data 0.973 (0.973) loss 0.4337 (0.4337) acc 88.6719 (88.6719) loss_ce 0.4337 (0.4337) lr 9.5492e-03 eta 0:06:22
epoch [241/300] batch [2/6] time 0.297 (0.681) data 0.000 (0.487) loss 0.3939 (0.4138) acc 88.6719 (88.6719) loss_ce 0.3939 (0.4138) lr 9.5492e-03 eta 0:04:03
epoch [241/300] batch [3/6] time 0.263 (0.542) data 0.000 (0.325) loss 0.5769 (0.4682) acc 86.7188 (88.0208) loss_ce 0.5769 (0.4682) lr 9.5492e-03 eta 0:03:13
epoch [241/300] batch [4/6] time 0.155 (0.445) data 0.000 (0.244) loss 0.5649 (0.4924) acc 86.7188 (87.6953) loss_ce 0.5649 (0.4924) lr 9.5492e-03 eta 0:02:38
epoch [241/300] batch [5/6] time 0.185 (0.393) data 0.000 (0.195) loss 0.4919 (0.4923) acc 88.2812 (87.8125) loss_ce 0.4919 (0.4923) lr 9.5492e-03 eta 0:02:19
epoch [241/300] batch [6/6] time 0.185 (0.358) data 0.000 (0.162) loss 0.4425 (0.4840) acc 88.6719 (87.9557) loss_ce 0.4425 (0.4840) lr 9.2436e-03 eta 0:02:06
epoch [242/300] batch [1/6] time 1.101 (1.101) data 0.960 (0.960) loss 0.6325 (0.6325) acc 85.9375 (85.9375) loss_ce 0.6325 (0.6325) lr 9.2436e-03 eta 0:06:28
epoch [242/300] batch [2/6] time 0.277 (0.689) data 0.000 (0.480) loss 0.4201 (0.5263) acc 89.8438 (87.8906) loss_ce 0.4201 (0.5263) lr 9.2436e-03 eta 0:04:02
epoch [242/300] batch [3/6] time 0.230 (0.536) data 0.000 (0.320) loss 0.4902 (0.5143) acc 88.2812 (88.0208) loss_ce 0.4902 (0.5143) lr 9.2436e-03 eta 0:03:08
epoch [242/300] batch [4/6] time 0.191 (0.450) data 0.000 (0.240) loss 0.5358 (0.5196) acc 87.8906 (87.9883) loss_ce 0.5358 (0.5196) lr 9.2436e-03 eta 0:02:37
epoch [242/300] batch [5/6] time 0.190 (0.398) data 0.000 (0.192) loss 0.4548 (0.5067) acc 91.0156 (88.5938) loss_ce 0.4548 (0.5067) lr 9.2436e-03 eta 0:02:18
epoch [242/300] batch [6/6] time 0.190 (0.363) data 0.000 (0.160) loss 0.3994 (0.4888) acc 91.0156 (88.9974) loss_ce 0.3994 (0.4888) lr 8.9425e-03 eta 0:02:06
epoch [243/300] batch [1/6] time 1.261 (1.261) data 1.029 (1.029) loss 0.4213 (0.4213) acc 87.8906 (87.8906) loss_ce 0.4213 (0.4213) lr 8.9425e-03 eta 0:07:17
epoch [243/300] batch [2/6] time 0.226 (0.743) data 0.000 (0.515) loss 0.4411 (0.4312) acc 88.6719 (88.2812) loss_ce 0.4411 (0.4312) lr 8.9425e-03 eta 0:04:17
epoch [243/300] batch [3/6] time 0.208 (0.565) data 0.000 (0.343) loss 0.4439 (0.4354) acc 89.0625 (88.5417) loss_ce 0.4439 (0.4354) lr 8.9425e-03 eta 0:03:14
epoch [243/300] batch [4/6] time 0.156 (0.463) data 0.000 (0.258) loss 0.3678 (0.4185) acc 90.6250 (89.0625) loss_ce 0.3678 (0.4185) lr 8.9425e-03 eta 0:02:39
epoch [243/300] batch [5/6] time 0.186 (0.407) data 0.000 (0.206) loss 0.4265 (0.4201) acc 89.4531 (89.1406) loss_ce 0.4265 (0.4201) lr 8.9425e-03 eta 0:02:19
epoch [243/300] batch [6/6] time 0.185 (0.370) data 0.000 (0.172) loss 0.4250 (0.4209) acc 88.2812 (88.9974) loss_ce 0.4250 (0.4209) lr 8.6460e-03 eta 0:02:06
epoch [244/300] batch [1/6] time 1.015 (1.015) data 0.924 (0.924) loss 0.4302 (0.4302) acc 90.6250 (90.6250) loss_ce 0.4302 (0.4302) lr 8.6460e-03 eta 0:05:46
epoch [244/300] batch [2/6] time 0.177 (0.596) data 0.001 (0.463) loss 0.4687 (0.4494) acc 89.0625 (89.8438) loss_ce 0.4687 (0.4494) lr 8.6460e-03 eta 0:03:22
epoch [244/300] batch [3/6] time 0.184 (0.459) data 0.000 (0.309) loss 0.3343 (0.4111) acc 90.6250 (90.1042) loss_ce 0.3343 (0.4111) lr 8.6460e-03 eta 0:02:35
epoch [244/300] batch [4/6] time 0.185 (0.390) data 0.000 (0.231) loss 0.4381 (0.4178) acc 89.4531 (89.9414) loss_ce 0.4381 (0.4178) lr 8.6460e-03 eta 0:02:11
epoch [244/300] batch [5/6] time 0.144 (0.341) data 0.000 (0.185) loss 0.4650 (0.4273) acc 86.3281 (89.2188) loss_ce 0.4650 (0.4273) lr 8.6460e-03 eta 0:01:54
epoch [244/300] batch [6/6] time 0.185 (0.315) data 0.000 (0.154) loss 0.5084 (0.4408) acc 86.7188 (88.8021) loss_ce 0.5084 (0.4408) lr 8.3539e-03 eta 0:01:45
epoch [245/300] batch [1/6] time 1.012 (1.012) data 0.875 (0.875) loss 0.3856 (0.3856) acc 92.1875 (92.1875) loss_ce 0.3856 (0.3856) lr 8.3539e-03 eta 0:05:38
epoch [245/300] batch [2/6] time 0.091 (0.551) data 0.000 (0.438) loss 0.4298 (0.4077) acc 89.0625 (90.6250) loss_ce 0.4298 (0.4077) lr 8.3539e-03 eta 0:03:04
epoch [245/300] batch [3/6] time 0.141 (0.415) data 0.001 (0.292) loss 0.3720 (0.3958) acc 90.2344 (90.4948) loss_ce 0.3720 (0.3958) lr 8.3539e-03 eta 0:02:18
epoch [245/300] batch [4/6] time 0.185 (0.357) data 0.000 (0.219) loss 0.3875 (0.3937) acc 89.8438 (90.3320) loss_ce 0.3875 (0.3937) lr 8.3539e-03 eta 0:01:58
epoch [245/300] batch [5/6] time 0.272 (0.340) data 0.088 (0.193) loss 0.4909 (0.4131) acc 87.1094 (89.6875) loss_ce 0.4909 (0.4131) lr 8.3539e-03 eta 0:01:52
epoch [245/300] batch [6/6] time 0.186 (0.315) data 0.000 (0.161) loss 0.3493 (0.4025) acc 91.4062 (89.9740) loss_ce 0.3493 (0.4025) lr 8.0665e-03 eta 0:01:43
epoch [246/300] batch [1/6] time 1.034 (1.034) data 0.944 (0.944) loss 0.5710 (0.5710) acc 84.7656 (84.7656) loss_ce 0.5710 (0.5710) lr 8.0665e-03 eta 0:05:40
epoch [246/300] batch [2/6] time 0.125 (0.579) data 0.001 (0.472) loss 0.3925 (0.4818) acc 90.2344 (87.5000) loss_ce 0.3925 (0.4818) lr 8.0665e-03 eta 0:03:09
epoch [246/300] batch [3/6] time 0.185 (0.448) data 0.000 (0.315) loss 0.3661 (0.4432) acc 89.4531 (88.1510) loss_ce 0.3661 (0.4432) lr 8.0665e-03 eta 0:02:26
epoch [246/300] batch [4/6] time 0.185 (0.382) data 0.000 (0.236) loss 0.4784 (0.4520) acc 87.1094 (87.8906) loss_ce 0.4784 (0.4520) lr 8.0665e-03 eta 0:02:04
epoch [246/300] batch [5/6] time 0.251 (0.356) data 0.064 (0.202) loss 0.3732 (0.4363) acc 91.4062 (88.5938) loss_ce 0.3732 (0.4363) lr 8.0665e-03 eta 0:01:55
epoch [246/300] batch [6/6] time 0.221 (0.333) data 0.000 (0.168) loss 0.4384 (0.4366) acc 87.5000 (88.4115) loss_ce 0.4384 (0.4366) lr 7.7836e-03 eta 0:01:48
epoch [247/300] batch [1/6] time 0.946 (0.946) data 0.856 (0.856) loss 0.4485 (0.4485) acc 89.0625 (89.0625) loss_ce 0.4485 (0.4485) lr 7.7836e-03 eta 0:05:05
epoch [247/300] batch [2/6] time 0.090 (0.518) data 0.000 (0.428) loss 0.5327 (0.4906) acc 85.9375 (87.5000) loss_ce 0.5327 (0.4906) lr 7.7836e-03 eta 0:02:46
epoch [247/300] batch [3/6] time 0.089 (0.375) data 0.000 (0.285) loss 0.3959 (0.4591) acc 91.0156 (88.6719) loss_ce 0.3959 (0.4591) lr 7.7836e-03 eta 0:02:00
epoch [247/300] batch [4/6] time 0.168 (0.323) data 0.000 (0.214) loss 0.4845 (0.4654) acc 87.1094 (88.2812) loss_ce 0.4845 (0.4654) lr 7.7836e-03 eta 0:01:43
epoch [247/300] batch [5/6] time 0.338 (0.326) data 0.154 (0.202) loss 0.3899 (0.4503) acc 90.6250 (88.7500) loss_ce 0.3899 (0.4503) lr 7.7836e-03 eta 0:01:43
epoch [247/300] batch [6/6] time 0.150 (0.297) data 0.000 (0.168) loss 0.3975 (0.4415) acc 90.2344 (88.9974) loss_ce 0.3975 (0.4415) lr 7.5054e-03 eta 0:01:34
epoch [248/300] batch [1/6] time 0.947 (0.947) data 0.857 (0.857) loss 0.5589 (0.5589) acc 87.1094 (87.1094) loss_ce 0.5589 (0.5589) lr 7.5054e-03 eta 0:05:00
epoch [248/300] batch [2/6] time 0.089 (0.518) data 0.000 (0.429) loss 0.4093 (0.4841) acc 87.8906 (87.5000) loss_ce 0.4093 (0.4841) lr 7.5054e-03 eta 0:02:43
epoch [248/300] batch [3/6] time 0.089 (0.375) data 0.000 (0.286) loss 0.4183 (0.4622) acc 88.2812 (87.7604) loss_ce 0.4183 (0.4622) lr 7.5054e-03 eta 0:01:58
epoch [248/300] batch [4/6] time 0.089 (0.304) data 0.000 (0.214) loss 0.6309 (0.5043) acc 84.3750 (86.9141) loss_ce 0.6309 (0.5043) lr 7.5054e-03 eta 0:01:35
epoch [248/300] batch [5/6] time 0.470 (0.337) data 0.275 (0.227) loss 0.4468 (0.4928) acc 89.8438 (87.5000) loss_ce 0.4468 (0.4928) lr 7.5054e-03 eta 0:01:45
epoch [248/300] batch [6/6] time 0.249 (0.322) data 0.000 (0.189) loss 0.3855 (0.4749) acc 91.0156 (88.0859) loss_ce 0.3855 (0.4749) lr 7.2318e-03 eta 0:01:40
epoch [249/300] batch [1/6] time 1.002 (1.002) data 0.912 (0.912) loss 0.4140 (0.4140) acc 89.8438 (89.8438) loss_ce 0.4140 (0.4140) lr 7.2318e-03 eta 0:05:11
epoch [249/300] batch [2/6] time 0.089 (0.545) data 0.000 (0.456) loss 0.4076 (0.4108) acc 90.2344 (90.0391) loss_ce 0.4076 (0.4108) lr 7.2318e-03 eta 0:02:49
epoch [249/300] batch [3/6] time 0.122 (0.404) data 0.034 (0.315) loss 0.4380 (0.4199) acc 89.4531 (89.8438) loss_ce 0.4380 (0.4199) lr 7.2318e-03 eta 0:02:04
epoch [249/300] batch [4/6] time 0.089 (0.326) data 0.000 (0.237) loss 0.4593 (0.4297) acc 88.6719 (89.5508) loss_ce 0.4593 (0.4297) lr 7.2318e-03 eta 0:01:40
epoch [249/300] batch [5/6] time 0.492 (0.359) data 0.265 (0.242) loss 0.4622 (0.4362) acc 87.5000 (89.1406) loss_ce 0.4622 (0.4362) lr 7.2318e-03 eta 0:01:50
epoch [249/300] batch [6/6] time 0.278 (0.345) data 0.000 (0.202) loss 0.4676 (0.4415) acc 89.8438 (89.2578) loss_ce 0.4676 (0.4415) lr 6.9629e-03 eta 0:01:45
epoch [250/300] batch [1/6] time 1.022 (1.022) data 0.931 (0.931) loss 0.4602 (0.4602) acc 87.8906 (87.8906) loss_ce 0.4602 (0.4602) lr 6.9629e-03 eta 0:05:11
epoch [250/300] batch [2/6] time 0.100 (0.561) data 0.001 (0.466) loss 0.5397 (0.5000) acc 86.7188 (87.3047) loss_ce 0.5397 (0.5000) lr 6.9629e-03 eta 0:02:50
epoch [250/300] batch [3/6] time 0.089 (0.403) data 0.000 (0.311) loss 0.5050 (0.5016) acc 88.2812 (87.6302) loss_ce 0.5050 (0.5016) lr 6.9629e-03 eta 0:02:02
epoch [250/300] batch [4/6] time 0.089 (0.325) data 0.000 (0.233) loss 0.3063 (0.4528) acc 92.1875 (88.7695) loss_ce 0.3063 (0.4528) lr 6.9629e-03 eta 0:01:38
epoch [250/300] batch [5/6] time 0.618 (0.383) data 0.343 (0.255) loss 0.4663 (0.4555) acc 87.8906 (88.5938) loss_ce 0.4663 (0.4555) lr 6.9629e-03 eta 0:01:55
epoch [250/300] batch [6/6] time 0.276 (0.366) data 0.000 (0.213) loss 0.3899 (0.4446) acc 92.1875 (89.1927) loss_ce 0.3899 (0.4446) lr 6.6987e-03 eta 0:01:49
epoch [251/300] batch [1/6] time 1.074 (1.074) data 0.984 (0.984) loss 0.4769 (0.4769) acc 87.5000 (87.5000) loss_ce 0.4769 (0.4769) lr 6.6987e-03 eta 0:05:21
epoch [251/300] batch [2/6] time 0.089 (0.582) data 0.000 (0.492) loss 0.4027 (0.4398) acc 92.5781 (90.0391) loss_ce 0.4027 (0.4398) lr 6.6987e-03 eta 0:02:53
epoch [251/300] batch [3/6] time 0.089 (0.418) data 0.000 (0.328) loss 0.4107 (0.4301) acc 89.0625 (89.7135) loss_ce 0.4107 (0.4301) lr 6.6987e-03 eta 0:02:04
epoch [251/300] batch [4/6] time 0.090 (0.336) data 0.000 (0.246) loss 0.3554 (0.4114) acc 91.7969 (90.2344) loss_ce 0.3554 (0.4114) lr 6.6987e-03 eta 0:01:39
epoch [251/300] batch [5/6] time 0.600 (0.389) data 0.327 (0.262) loss 0.3978 (0.4087) acc 89.0625 (90.0000) loss_ce 0.3978 (0.4087) lr 6.6987e-03 eta 0:01:54
epoch [251/300] batch [6/6] time 0.279 (0.370) data 0.000 (0.219) loss 0.5294 (0.4288) acc 86.7188 (89.4531) loss_ce 0.5294 (0.4288) lr 6.4393e-03 eta 0:01:48
epoch [252/300] batch [1/6] time 1.019 (1.019) data 0.929 (0.929) loss 0.3468 (0.3468) acc 92.1875 (92.1875) loss_ce 0.3468 (0.3468) lr 6.4393e-03 eta 0:04:58
epoch [252/300] batch [2/6] time 0.089 (0.554) data 0.000 (0.465) loss 0.3724 (0.3596) acc 90.6250 (91.4062) loss_ce 0.3724 (0.3596) lr 6.4393e-03 eta 0:02:41
epoch [252/300] batch [3/6] time 0.089 (0.399) data 0.000 (0.310) loss 0.4228 (0.3806) acc 88.2812 (90.3646) loss_ce 0.4228 (0.3806) lr 6.4393e-03 eta 0:01:56
epoch [252/300] batch [4/6] time 0.089 (0.322) data 0.000 (0.232) loss 0.4232 (0.3913) acc 89.0625 (90.0391) loss_ce 0.4232 (0.3913) lr 6.4393e-03 eta 0:01:33
epoch [252/300] batch [5/6] time 0.606 (0.378) data 0.329 (0.252) loss 0.5277 (0.4186) acc 85.1562 (89.0625) loss_ce 0.5277 (0.4186) lr 6.4393e-03 eta 0:01:49
epoch [252/300] batch [6/6] time 0.279 (0.362) data 0.000 (0.210) loss 0.3728 (0.4109) acc 91.0156 (89.3880) loss_ce 0.3728 (0.4109) lr 6.1847e-03 eta 0:01:44
epoch [253/300] batch [1/6] time 1.153 (1.153) data 1.062 (1.062) loss 0.3694 (0.3694) acc 91.4062 (91.4062) loss_ce 0.3694 (0.3694) lr 6.1847e-03 eta 0:05:30
epoch [253/300] batch [2/6] time 0.089 (0.621) data 0.000 (0.531) loss 0.4947 (0.4320) acc 88.2812 (89.8438) loss_ce 0.4947 (0.4320) lr 6.1847e-03 eta 0:02:57
epoch [253/300] batch [3/6] time 0.089 (0.444) data 0.000 (0.354) loss 0.3816 (0.4152) acc 91.0156 (90.2344) loss_ce 0.3816 (0.4152) lr 6.1847e-03 eta 0:02:06
epoch [253/300] batch [4/6] time 0.089 (0.355) data 0.000 (0.266) loss 0.4430 (0.4222) acc 89.8438 (90.1367) loss_ce 0.4430 (0.4222) lr 6.1847e-03 eta 0:01:40
epoch [253/300] batch [5/6] time 0.525 (0.389) data 0.247 (0.262) loss 0.5376 (0.4453) acc 86.3281 (89.3750) loss_ce 0.5376 (0.4453) lr 6.1847e-03 eta 0:01:50
epoch [253/300] batch [6/6] time 0.278 (0.371) data 0.000 (0.218) loss 0.3319 (0.4264) acc 93.3594 (90.0391) loss_ce 0.3319 (0.4264) lr 5.9348e-03 eta 0:01:44
epoch [254/300] batch [1/6] time 1.033 (1.033) data 0.941 (0.941) loss 0.3331 (0.3331) acc 90.6250 (90.6250) loss_ce 0.3331 (0.3331) lr 5.9348e-03 eta 0:04:50
epoch [254/300] batch [2/6] time 0.090 (0.561) data 0.001 (0.471) loss 0.5160 (0.4245) acc 87.5000 (89.0625) loss_ce 0.5160 (0.4245) lr 5.9348e-03 eta 0:02:37
epoch [254/300] batch [3/6] time 0.090 (0.404) data 0.000 (0.314) loss 0.3462 (0.3984) acc 90.2344 (89.4531) loss_ce 0.3462 (0.3984) lr 5.9348e-03 eta 0:01:52
epoch [254/300] batch [4/6] time 0.090 (0.326) data 0.000 (0.236) loss 0.4511 (0.4116) acc 90.6250 (89.7461) loss_ce 0.4511 (0.4116) lr 5.9348e-03 eta 0:01:30
epoch [254/300] batch [5/6] time 0.641 (0.389) data 0.365 (0.261) loss 0.4312 (0.4155) acc 89.0625 (89.6094) loss_ce 0.4312 (0.4155) lr 5.9348e-03 eta 0:01:47
epoch [254/300] batch [6/6] time 0.276 (0.370) data 0.000 (0.218) loss 0.3867 (0.4107) acc 90.2344 (89.7135) loss_ce 0.3867 (0.4107) lr 5.6898e-03 eta 0:01:42
epoch [255/300] batch [1/6] time 1.006 (1.006) data 0.916 (0.916) loss 0.5212 (0.5212) acc 84.3750 (84.3750) loss_ce 0.5212 (0.5212) lr 5.6898e-03 eta 0:04:36
epoch [255/300] batch [2/6] time 0.089 (0.548) data 0.001 (0.458) loss 0.3938 (0.4575) acc 89.4531 (86.9141) loss_ce 0.3938 (0.4575) lr 5.6898e-03 eta 0:02:30
epoch [255/300] batch [3/6] time 0.089 (0.395) data 0.000 (0.305) loss 0.4554 (0.4568) acc 88.6719 (87.5000) loss_ce 0.4554 (0.4568) lr 5.6898e-03 eta 0:01:47
epoch [255/300] batch [4/6] time 0.132 (0.329) data 0.000 (0.229) loss 0.4429 (0.4533) acc 87.1094 (87.4023) loss_ce 0.4429 (0.4533) lr 5.6898e-03 eta 0:01:29
epoch [255/300] batch [5/6] time 0.497 (0.363) data 0.216 (0.227) loss 0.5743 (0.4775) acc 84.7656 (86.8750) loss_ce 0.5743 (0.4775) lr 5.6898e-03 eta 0:01:38
epoch [255/300] batch [6/6] time 0.281 (0.349) data 0.000 (0.189) loss 0.3491 (0.4561) acc 90.2344 (87.4349) loss_ce 0.3491 (0.4561) lr 5.4497e-03 eta 0:01:34
epoch [256/300] batch [1/6] time 1.120 (1.120) data 1.027 (1.027) loss 0.4406 (0.4406) acc 87.5000 (87.5000) loss_ce 0.4406 (0.4406) lr 5.4497e-03 eta 0:05:01
epoch [256/300] batch [2/6] time 0.089 (0.604) data 0.000 (0.514) loss 0.5741 (0.5074) acc 84.3750 (85.9375) loss_ce 0.5741 (0.5074) lr 5.4497e-03 eta 0:02:41
epoch [256/300] batch [3/6] time 0.098 (0.436) data 0.000 (0.342) loss 0.3456 (0.4535) acc 91.0156 (87.6302) loss_ce 0.3456 (0.4535) lr 5.4497e-03 eta 0:01:56
epoch [256/300] batch [4/6] time 0.265 (0.393) data 0.000 (0.257) loss 0.3285 (0.4222) acc 89.8438 (88.1836) loss_ce 0.3285 (0.4222) lr 5.4497e-03 eta 0:01:44
epoch [256/300] batch [5/6] time 0.279 (0.370) data 0.000 (0.206) loss 0.3187 (0.4015) acc 93.7500 (89.2969) loss_ce 0.3187 (0.4015) lr 5.4497e-03 eta 0:01:38
epoch [256/300] batch [6/6] time 0.280 (0.355) data 0.000 (0.171) loss 0.4119 (0.4032) acc 89.0625 (89.2578) loss_ce 0.4119 (0.4032) lr 5.2144e-03 eta 0:01:33
epoch [257/300] batch [1/6] time 0.990 (0.990) data 0.899 (0.899) loss 0.4715 (0.4715) acc 87.5000 (87.5000) loss_ce 0.4715 (0.4715) lr 5.2144e-03 eta 0:04:20
epoch [257/300] batch [2/6] time 0.090 (0.540) data 0.001 (0.450) loss 0.3606 (0.4161) acc 91.0156 (89.2578) loss_ce 0.3606 (0.4161) lr 5.2144e-03 eta 0:02:21
epoch [257/300] batch [3/6] time 0.126 (0.402) data 0.037 (0.312) loss 0.5214 (0.4512) acc 87.8906 (88.8021) loss_ce 0.5214 (0.4512) lr 5.2144e-03 eta 0:01:44
epoch [257/300] batch [4/6] time 0.089 (0.323) data 0.000 (0.234) loss 0.2680 (0.4054) acc 94.1406 (90.1367) loss_ce 0.2680 (0.4054) lr 5.2144e-03 eta 0:01:24
epoch [257/300] batch [5/6] time 0.610 (0.381) data 0.330 (0.253) loss 0.3892 (0.4022) acc 91.0156 (90.3125) loss_ce 0.3892 (0.4022) lr 5.2144e-03 eta 0:01:38
epoch [257/300] batch [6/6] time 0.279 (0.364) data 0.000 (0.211) loss 0.4099 (0.4034) acc 90.6250 (90.3646) loss_ce 0.4099 (0.4034) lr 4.9841e-03 eta 0:01:33
epoch [258/300] batch [1/6] time 1.065 (1.065) data 0.974 (0.974) loss 0.4245 (0.4245) acc 87.8906 (87.8906) loss_ce 0.4245 (0.4245) lr 4.9841e-03 eta 0:04:33
epoch [258/300] batch [2/6] time 0.093 (0.579) data 0.000 (0.487) loss 0.5843 (0.5044) acc 85.9375 (86.9141) loss_ce 0.5843 (0.5044) lr 4.9841e-03 eta 0:02:28
epoch [258/300] batch [3/6] time 0.089 (0.416) data 0.000 (0.325) loss 0.4441 (0.4843) acc 87.5000 (87.1094) loss_ce 0.4441 (0.4843) lr 4.9841e-03 eta 0:01:45
epoch [258/300] batch [4/6] time 0.108 (0.339) data 0.000 (0.244) loss 0.3330 (0.4465) acc 92.1875 (88.3789) loss_ce 0.3330 (0.4465) lr 4.9841e-03 eta 0:01:26
epoch [258/300] batch [5/6] time 0.568 (0.385) data 0.289 (0.253) loss 0.5018 (0.4576) acc 86.7188 (88.0469) loss_ce 0.5018 (0.4576) lr 4.9841e-03 eta 0:01:37
epoch [258/300] batch [6/6] time 0.279 (0.367) data 0.000 (0.211) loss 0.3996 (0.4479) acc 89.8438 (88.3464) loss_ce 0.3996 (0.4479) lr 4.7586e-03 eta 0:01:32
epoch [259/300] batch [1/6] time 1.057 (1.057) data 0.967 (0.967) loss 0.4902 (0.4902) acc 87.5000 (87.5000) loss_ce 0.4902 (0.4902) lr 4.7586e-03 eta 0:04:25
epoch [259/300] batch [2/6] time 0.089 (0.573) data 0.000 (0.484) loss 0.4719 (0.4811) acc 89.4531 (88.4766) loss_ce 0.4719 (0.4811) lr 4.7586e-03 eta 0:02:23
epoch [259/300] batch [3/6] time 0.089 (0.412) data 0.000 (0.323) loss 0.4811 (0.4811) acc 88.6719 (88.5417) loss_ce 0.4811 (0.4811) lr 4.7586e-03 eta 0:01:42
epoch [259/300] batch [4/6] time 0.089 (0.331) data 0.000 (0.242) loss 0.3773 (0.4551) acc 91.4062 (89.2578) loss_ce 0.3773 (0.4551) lr 4.7586e-03 eta 0:01:22
epoch [259/300] batch [5/6] time 0.468 (0.359) data 0.190 (0.232) loss 0.5335 (0.4708) acc 87.5000 (88.9062) loss_ce 0.5335 (0.4708) lr 4.7586e-03 eta 0:01:28
epoch [259/300] batch [6/6] time 0.278 (0.345) data 0.000 (0.193) loss 0.4489 (0.4671) acc 89.8438 (89.0625) loss_ce 0.4489 (0.4671) lr 4.5382e-03 eta 0:01:24
epoch [260/300] batch [1/6] time 0.969 (0.969) data 0.879 (0.879) loss 0.4113 (0.4113) acc 89.8438 (89.8438) loss_ce 0.4113 (0.4113) lr 4.5382e-03 eta 0:03:57
epoch [260/300] batch [2/6] time 0.089 (0.529) data 0.001 (0.440) loss 0.4753 (0.4433) acc 87.1094 (88.4766) loss_ce 0.4753 (0.4433) lr 4.5382e-03 eta 0:02:09
epoch [260/300] batch [3/6] time 0.123 (0.394) data 0.034 (0.305) loss 0.5631 (0.4832) acc 87.8906 (88.2812) loss_ce 0.5631 (0.4832) lr 4.5382e-03 eta 0:01:35
epoch [260/300] batch [4/6] time 0.089 (0.318) data 0.000 (0.228) loss 0.4370 (0.4717) acc 88.6719 (88.3789) loss_ce 0.4370 (0.4717) lr 4.5382e-03 eta 0:01:16
epoch [260/300] batch [5/6] time 0.595 (0.373) data 0.320 (0.247) loss 0.4079 (0.4589) acc 89.4531 (88.5938) loss_ce 0.4079 (0.4589) lr 4.5382e-03 eta 0:01:29
epoch [260/300] batch [6/6] time 0.274 (0.356) data 0.000 (0.206) loss 0.4548 (0.4582) acc 89.4531 (88.7370) loss_ce 0.4548 (0.4582) lr 4.3227e-03 eta 0:01:25
epoch [261/300] batch [1/6] time 1.015 (1.015) data 0.922 (0.922) loss 0.3815 (0.3815) acc 89.4531 (89.4531) loss_ce 0.3815 (0.3815) lr 4.3227e-03 eta 0:04:02
epoch [261/300] batch [2/6] time 0.236 (0.625) data 0.147 (0.534) loss 0.4042 (0.3928) acc 89.8438 (89.6484) loss_ce 0.4042 (0.3928) lr 4.3227e-03 eta 0:02:28
epoch [261/300] batch [3/6] time 0.089 (0.446) data 0.000 (0.356) loss 0.5045 (0.4301) acc 87.5000 (88.9323) loss_ce 0.5045 (0.4301) lr 4.3227e-03 eta 0:01:45
epoch [261/300] batch [4/6] time 0.089 (0.357) data 0.000 (0.267) loss 0.3975 (0.4219) acc 88.2812 (88.7695) loss_ce 0.3975 (0.4219) lr 4.3227e-03 eta 0:01:24
epoch [261/300] batch [5/6] time 0.444 (0.374) data 0.166 (0.247) loss 0.4112 (0.4198) acc 89.4531 (88.9062) loss_ce 0.4112 (0.4198) lr 4.3227e-03 eta 0:01:27
epoch [261/300] batch [6/6] time 0.278 (0.358) data 0.000 (0.206) loss 0.4956 (0.4324) acc 86.7188 (88.5417) loss_ce 0.4956 (0.4324) lr 4.1123e-03 eta 0:01:23
epoch [262/300] batch [1/6] time 1.006 (1.006) data 0.916 (0.916) loss 0.3602 (0.3602) acc 91.7969 (91.7969) loss_ce 0.3602 (0.3602) lr 4.1123e-03 eta 0:03:54
epoch [262/300] batch [2/6] time 0.107 (0.556) data 0.000 (0.458) loss 0.4337 (0.3970) acc 88.6719 (90.2344) loss_ce 0.4337 (0.3970) lr 4.1123e-03 eta 0:02:09
epoch [262/300] batch [3/6] time 0.089 (0.400) data 0.000 (0.305) loss 0.3510 (0.3816) acc 91.0156 (90.4948) loss_ce 0.3510 (0.3816) lr 4.1123e-03 eta 0:01:32
epoch [262/300] batch [4/6] time 0.089 (0.323) data 0.000 (0.229) loss 0.5991 (0.4360) acc 85.1562 (89.1602) loss_ce 0.5991 (0.4360) lr 4.1123e-03 eta 0:01:14
epoch [262/300] batch [5/6] time 0.476 (0.353) data 0.256 (0.235) loss 0.4938 (0.4476) acc 86.7188 (88.6719) loss_ce 0.4938 (0.4476) lr 4.1123e-03 eta 0:01:20
epoch [262/300] batch [6/6] time 0.281 (0.341) data 0.000 (0.196) loss 0.3875 (0.4375) acc 90.6250 (88.9974) loss_ce 0.3875 (0.4375) lr 3.9068e-03 eta 0:01:17
epoch [263/300] batch [1/6] time 1.109 (1.109) data 1.019 (1.019) loss 0.4753 (0.4753) acc 87.5000 (87.5000) loss_ce 0.4753 (0.4753) lr 3.9068e-03 eta 0:04:11
epoch [263/300] batch [2/6] time 0.089 (0.599) data 0.000 (0.510) loss 0.3986 (0.4370) acc 89.4531 (88.4766) loss_ce 0.3986 (0.4370) lr 3.9068e-03 eta 0:02:15
epoch [263/300] batch [3/6] time 0.089 (0.429) data 0.000 (0.340) loss 0.5511 (0.4750) acc 85.9375 (87.6302) loss_ce 0.5511 (0.4750) lr 3.9068e-03 eta 0:01:36
epoch [263/300] batch [4/6] time 0.089 (0.344) data 0.000 (0.255) loss 0.4552 (0.4701) acc 89.8438 (88.1836) loss_ce 0.4552 (0.4701) lr 3.9068e-03 eta 0:01:17
epoch [263/300] batch [5/6] time 0.457 (0.367) data 0.237 (0.251) loss 0.5556 (0.4872) acc 86.3281 (87.8125) loss_ce 0.5556 (0.4872) lr 3.9068e-03 eta 0:01:21
epoch [263/300] batch [6/6] time 0.278 (0.352) data 0.000 (0.209) loss 0.4236 (0.4766) acc 89.8438 (88.1510) loss_ce 0.4236 (0.4766) lr 3.7065e-03 eta 0:01:18
epoch [264/300] batch [1/6] time 1.134 (1.134) data 1.044 (1.044) loss 0.4878 (0.4878) acc 87.8906 (87.8906) loss_ce 0.4878 (0.4878) lr 3.7065e-03 eta 0:04:10
epoch [264/300] batch [2/6] time 0.089 (0.612) data 0.000 (0.522) loss 0.3909 (0.4393) acc 91.7969 (89.8438) loss_ce 0.3909 (0.4393) lr 3.7065e-03 eta 0:02:14
epoch [264/300] batch [3/6] time 0.089 (0.437) data 0.000 (0.348) loss 0.3698 (0.4161) acc 90.2344 (89.9740) loss_ce 0.3698 (0.4161) lr 3.7065e-03 eta 0:01:35
epoch [264/300] batch [4/6] time 0.089 (0.350) data 0.000 (0.261) loss 0.4933 (0.4354) acc 88.2812 (89.5508) loss_ce 0.4933 (0.4354) lr 3.7065e-03 eta 0:01:16
epoch [264/300] batch [5/6] time 0.574 (0.395) data 0.341 (0.277) loss 0.4585 (0.4400) acc 88.2812 (89.2969) loss_ce 0.4585 (0.4400) lr 3.7065e-03 eta 0:01:25
epoch [264/300] batch [6/6] time 0.278 (0.376) data 0.000 (0.231) loss 0.4796 (0.4466) acc 88.6719 (89.1927) loss_ce 0.4796 (0.4466) lr 3.5112e-03 eta 0:01:21
epoch [265/300] batch [1/6] time 1.088 (1.088) data 0.998 (0.998) loss 0.5770 (0.5770) acc 87.1094 (87.1094) loss_ce 0.5770 (0.5770) lr 3.5112e-03 eta 0:03:54
epoch [265/300] batch [2/6] time 0.089 (0.589) data 0.000 (0.499) loss 0.4438 (0.5104) acc 88.6719 (87.8906) loss_ce 0.4438 (0.5104) lr 3.5112e-03 eta 0:02:05
epoch [265/300] batch [3/6] time 0.089 (0.422) data 0.000 (0.333) loss 0.3909 (0.4705) acc 89.0625 (88.2812) loss_ce 0.3909 (0.4705) lr 3.5112e-03 eta 0:01:29
epoch [265/300] batch [4/6] time 0.089 (0.339) data 0.000 (0.250) loss 0.4036 (0.4538) acc 90.2344 (88.7695) loss_ce 0.4036 (0.4538) lr 3.5112e-03 eta 0:01:11
epoch [265/300] batch [5/6] time 0.457 (0.363) data 0.237 (0.247) loss 0.4052 (0.4441) acc 92.1875 (89.4531) loss_ce 0.4052 (0.4441) lr 3.5112e-03 eta 0:01:16
epoch [265/300] batch [6/6] time 0.273 (0.348) data 0.000 (0.206) loss 0.5319 (0.4587) acc 86.3281 (88.9323) loss_ce 0.5319 (0.4587) lr 3.3210e-03 eta 0:01:13
epoch [266/300] batch [1/6] time 1.026 (1.026) data 0.936 (0.936) loss 0.4799 (0.4799) acc 89.8438 (89.8438) loss_ce 0.4799 (0.4799) lr 3.3210e-03 eta 0:03:34
epoch [266/300] batch [2/6] time 0.089 (0.558) data 0.000 (0.468) loss 0.3836 (0.4318) acc 92.5781 (91.2109) loss_ce 0.3836 (0.4318) lr 3.3210e-03 eta 0:01:56
epoch [266/300] batch [3/6] time 0.089 (0.401) data 0.000 (0.312) loss 0.4033 (0.4223) acc 88.6719 (90.3646) loss_ce 0.4033 (0.4223) lr 3.3210e-03 eta 0:01:23
epoch [266/300] batch [4/6] time 0.089 (0.323) data 0.000 (0.234) loss 0.4895 (0.4391) acc 89.0625 (90.0391) loss_ce 0.4895 (0.4391) lr 3.3210e-03 eta 0:01:06
epoch [266/300] batch [5/6] time 0.286 (0.316) data 0.197 (0.227) loss 0.4344 (0.4382) acc 89.4531 (89.9219) loss_ce 0.4344 (0.4382) lr 3.3210e-03 eta 0:01:04
epoch [266/300] batch [6/6] time 0.089 (0.278) data 0.000 (0.189) loss 0.5029 (0.4489) acc 88.2812 (89.6484) loss_ce 0.5029 (0.4489) lr 3.1359e-03 eta 0:00:56
epoch [267/300] batch [1/6] time 1.172 (1.172) data 0.892 (0.892) loss 0.3431 (0.3431) acc 91.4062 (91.4062) loss_ce 0.3431 (0.3431) lr 3.1359e-03 eta 0:03:57
epoch [267/300] batch [2/6] time 0.167 (0.670) data 0.000 (0.446) loss 0.3965 (0.3698) acc 86.7188 (89.0625) loss_ce 0.3965 (0.3698) lr 3.1359e-03 eta 0:02:15
epoch [267/300] batch [3/6] time 0.089 (0.476) data 0.000 (0.297) loss 0.5550 (0.4315) acc 85.5469 (87.8906) loss_ce 0.5550 (0.4315) lr 3.1359e-03 eta 0:01:35
epoch [267/300] batch [4/6] time 0.089 (0.379) data 0.000 (0.223) loss 0.3893 (0.4210) acc 91.7969 (88.8672) loss_ce 0.3893 (0.4210) lr 3.1359e-03 eta 0:01:15
epoch [267/300] batch [5/6] time 0.089 (0.321) data 0.000 (0.179) loss 0.4222 (0.4212) acc 89.8438 (89.0625) loss_ce 0.4222 (0.4212) lr 3.1359e-03 eta 0:01:03
epoch [267/300] batch [6/6] time 0.158 (0.294) data 0.069 (0.160) loss 0.5312 (0.4395) acc 86.3281 (88.6068) loss_ce 0.5312 (0.4395) lr 2.9560e-03 eta 0:00:58
epoch [268/300] batch [1/6] time 1.156 (1.156) data 0.890 (0.890) loss 0.4687 (0.4687) acc 87.8906 (87.8906) loss_ce 0.4687 (0.4687) lr 2.9560e-03 eta 0:03:47
epoch [268/300] batch [2/6] time 0.278 (0.717) data 0.000 (0.445) loss 0.4185 (0.4436) acc 89.0625 (88.4766) loss_ce 0.4185 (0.4436) lr 2.9560e-03 eta 0:02:20
epoch [268/300] batch [3/6] time 0.279 (0.571) data 0.000 (0.297) loss 0.4263 (0.4378) acc 89.4531 (88.8021) loss_ce 0.4263 (0.4378) lr 2.9560e-03 eta 0:01:51
epoch [268/300] batch [4/6] time 0.270 (0.496) data 0.000 (0.223) loss 0.4244 (0.4345) acc 86.7188 (88.2812) loss_ce 0.4244 (0.4345) lr 2.9560e-03 eta 0:01:36
epoch [268/300] batch [5/6] time 0.117 (0.420) data 0.000 (0.178) loss 0.5021 (0.4480) acc 88.6719 (88.3594) loss_ce 0.5021 (0.4480) lr 2.9560e-03 eta 0:01:21
epoch [268/300] batch [6/6] time 0.090 (0.365) data 0.000 (0.148) loss 0.3854 (0.4376) acc 90.6250 (88.7370) loss_ce 0.3854 (0.4376) lr 2.7812e-03 eta 0:01:10
epoch [269/300] batch [1/6] time 1.206 (1.206) data 0.928 (0.928) loss 0.4654 (0.4654) acc 87.5000 (87.5000) loss_ce 0.4654 (0.4654) lr 2.7812e-03 eta 0:03:50
epoch [269/300] batch [2/6] time 0.272 (0.739) data 0.001 (0.464) loss 0.4068 (0.4361) acc 91.7969 (89.6484) loss_ce 0.4068 (0.4361) lr 2.7812e-03 eta 0:02:20
epoch [269/300] batch [3/6] time 0.310 (0.596) data 0.000 (0.310) loss 0.4880 (0.4534) acc 87.5000 (88.9323) loss_ce 0.4880 (0.4534) lr 2.7812e-03 eta 0:01:52
epoch [269/300] batch [4/6] time 0.279 (0.516) data 0.000 (0.232) loss 0.5355 (0.4739) acc 85.9375 (88.1836) loss_ce 0.5355 (0.4739) lr 2.7812e-03 eta 0:01:37
epoch [269/300] batch [5/6] time 0.205 (0.454) data 0.000 (0.186) loss 0.4783 (0.4748) acc 88.2812 (88.2031) loss_ce 0.4783 (0.4748) lr 2.7812e-03 eta 0:01:24
epoch [269/300] batch [6/6] time 0.126 (0.400) data 0.000 (0.155) loss 0.4404 (0.4691) acc 85.9375 (87.8255) loss_ce 0.4404 (0.4691) lr 2.6116e-03 eta 0:01:14
epoch [270/300] batch [1/6] time 1.266 (1.266) data 0.985 (0.985) loss 0.4277 (0.4277) acc 90.6250 (90.6250) loss_ce 0.4277 (0.4277) lr 2.6116e-03 eta 0:03:54
epoch [270/300] batch [2/6] time 0.295 (0.780) data 0.000 (0.493) loss 0.5110 (0.4693) acc 87.5000 (89.0625) loss_ce 0.5110 (0.4693) lr 2.6116e-03 eta 0:02:23
epoch [270/300] batch [3/6] time 0.279 (0.613) data 0.000 (0.329) loss 0.4270 (0.4552) acc 91.4062 (89.8438) loss_ce 0.4270 (0.4552) lr 2.6116e-03 eta 0:01:52
epoch [270/300] batch [4/6] time 0.238 (0.519) data 0.000 (0.246) loss 0.4405 (0.4515) acc 89.8438 (89.8438) loss_ce 0.4405 (0.4515) lr 2.6116e-03 eta 0:01:34
epoch [270/300] batch [5/6] time 0.176 (0.451) data 0.000 (0.197) loss 0.4228 (0.4458) acc 89.8438 (89.8438) loss_ce 0.4228 (0.4458) lr 2.6116e-03 eta 0:01:21
epoch [270/300] batch [6/6] time 0.089 (0.391) data 0.000 (0.164) loss 0.4496 (0.4464) acc 89.0625 (89.7135) loss_ce 0.4496 (0.4464) lr 2.4472e-03 eta 0:01:10
epoch [271/300] batch [1/6] time 1.221 (1.221) data 0.957 (0.957) loss 0.5330 (0.5330) acc 87.5000 (87.5000) loss_ce 0.5330 (0.5330) lr 2.4472e-03 eta 0:03:38
epoch [271/300] batch [2/6] time 0.276 (0.749) data 0.000 (0.479) loss 0.3679 (0.4504) acc 87.8906 (87.6953) loss_ce 0.3679 (0.4504) lr 2.4472e-03 eta 0:02:13
epoch [271/300] batch [3/6] time 0.279 (0.592) data 0.000 (0.319) loss 0.4144 (0.4384) acc 89.8438 (88.4115) loss_ce 0.4144 (0.4384) lr 2.4472e-03 eta 0:01:44
epoch [271/300] batch [4/6] time 0.187 (0.491) data 0.000 (0.239) loss 0.4490 (0.4411) acc 88.6719 (88.4766) loss_ce 0.4490 (0.4411) lr 2.4472e-03 eta 0:01:26
epoch [271/300] batch [5/6] time 0.185 (0.430) data 0.000 (0.192) loss 0.3796 (0.4288) acc 91.0156 (88.9844) loss_ce 0.3796 (0.4288) lr 2.4472e-03 eta 0:01:15
epoch [271/300] batch [6/6] time 0.138 (0.381) data 0.000 (0.160) loss 0.4228 (0.4278) acc 89.8438 (89.1276) loss_ce 0.4228 (0.4278) lr 2.2880e-03 eta 0:01:06
epoch [272/300] batch [1/6] time 1.063 (1.063) data 0.870 (0.870) loss 0.3307 (0.3307) acc 91.4062 (91.4062) loss_ce 0.3307 (0.3307) lr 2.2880e-03 eta 0:03:03
epoch [272/300] batch [2/6] time 0.244 (0.653) data 0.000 (0.435) loss 0.3934 (0.3620) acc 88.6719 (90.0391) loss_ce 0.3934 (0.3620) lr 2.2880e-03 eta 0:01:52
epoch [272/300] batch [3/6] time 0.278 (0.528) data 0.000 (0.290) loss 0.5096 (0.4112) acc 88.2812 (89.4531) loss_ce 0.5096 (0.4112) lr 2.2880e-03 eta 0:01:30
epoch [272/300] batch [4/6] time 0.218 (0.451) data 0.000 (0.218) loss 0.3890 (0.4057) acc 90.6250 (89.7461) loss_ce 0.3890 (0.4057) lr 2.2880e-03 eta 0:01:16
epoch [272/300] batch [5/6] time 0.185 (0.398) data 0.000 (0.174) loss 0.4564 (0.4158) acc 89.0625 (89.6094) loss_ce 0.4564 (0.4158) lr 2.2880e-03 eta 0:01:07
epoch [272/300] batch [6/6] time 0.179 (0.361) data 0.000 (0.145) loss 0.4564 (0.4226) acc 86.7188 (89.1276) loss_ce 0.4564 (0.4226) lr 2.1340e-03 eta 0:01:00
epoch [273/300] batch [1/6] time 1.202 (1.202) data 1.003 (1.003) loss 0.4494 (0.4494) acc 88.2812 (88.2812) loss_ce 0.4494 (0.4494) lr 2.1340e-03 eta 0:03:20
epoch [273/300] batch [2/6] time 0.278 (0.740) data 0.000 (0.501) loss 0.4428 (0.4461) acc 89.0625 (88.6719) loss_ce 0.4428 (0.4461) lr 2.1340e-03 eta 0:02:02
epoch [273/300] batch [3/6] time 0.259 (0.579) data 0.000 (0.334) loss 0.3533 (0.4152) acc 90.2344 (89.1927) loss_ce 0.3533 (0.4152) lr 2.1340e-03 eta 0:01:35
epoch [273/300] batch [4/6] time 0.185 (0.481) data 0.000 (0.251) loss 0.4881 (0.4334) acc 85.5469 (88.2812) loss_ce 0.4881 (0.4334) lr 2.1340e-03 eta 0:01:18
epoch [273/300] batch [5/6] time 0.100 (0.405) data 0.000 (0.201) loss 0.4887 (0.4445) acc 89.4531 (88.5156) loss_ce 0.4887 (0.4445) lr 2.1340e-03 eta 0:01:05
epoch [273/300] batch [6/6] time 0.089 (0.352) data 0.000 (0.167) loss 0.4938 (0.4527) acc 87.5000 (88.3464) loss_ce 0.4938 (0.4527) lr 1.9853e-03 eta 0:00:57
epoch [274/300] batch [1/6] time 1.246 (1.246) data 0.977 (0.977) loss 0.4242 (0.4242) acc 89.8438 (89.8438) loss_ce 0.4242 (0.4242) lr 1.9853e-03 eta 0:03:20
epoch [274/300] batch [2/6] time 0.292 (0.769) data 0.000 (0.489) loss 0.3803 (0.4023) acc 91.0156 (90.4297) loss_ce 0.3803 (0.4023) lr 1.9853e-03 eta 0:02:03
epoch [274/300] batch [3/6] time 0.279 (0.606) data 0.000 (0.326) loss 0.5065 (0.4370) acc 89.4531 (90.1042) loss_ce 0.5065 (0.4370) lr 1.9853e-03 eta 0:01:36
epoch [274/300] batch [4/6] time 0.185 (0.500) data 0.000 (0.245) loss 0.5233 (0.4586) acc 83.9844 (88.5742) loss_ce 0.5233 (0.4586) lr 1.9853e-03 eta 0:01:19
epoch [274/300] batch [5/6] time 0.185 (0.437) data 0.000 (0.196) loss 0.4251 (0.4519) acc 89.4531 (88.7500) loss_ce 0.4251 (0.4519) lr 1.9853e-03 eta 0:01:08
epoch [274/300] batch [6/6] time 0.131 (0.386) data 0.000 (0.163) loss 0.4538 (0.4522) acc 87.5000 (88.5417) loss_ce 0.4538 (0.4522) lr 1.8419e-03 eta 0:01:00
epoch [275/300] batch [1/6] time 1.236 (1.236) data 0.997 (0.997) loss 0.4551 (0.4551) acc 89.8438 (89.8438) loss_ce 0.4551 (0.4551) lr 1.8419e-03 eta 0:03:11
epoch [275/300] batch [2/6] time 0.300 (0.768) data 0.001 (0.499) loss 0.5193 (0.4872) acc 85.9375 (87.8906) loss_ce 0.5193 (0.4872) lr 1.8419e-03 eta 0:01:58
epoch [275/300] batch [3/6] time 0.203 (0.580) data 0.000 (0.333) loss 0.3092 (0.4278) acc 92.5781 (89.4531) loss_ce 0.3092 (0.4278) lr 1.8419e-03 eta 0:01:28
epoch [275/300] batch [4/6] time 0.185 (0.481) data 0.000 (0.250) loss 0.4741 (0.4394) acc 87.8906 (89.0625) loss_ce 0.4741 (0.4394) lr 1.8419e-03 eta 0:01:13
epoch [275/300] batch [5/6] time 0.102 (0.405) data 0.000 (0.200) loss 0.5210 (0.4557) acc 88.2812 (88.9062) loss_ce 0.5210 (0.4557) lr 1.8419e-03 eta 0:01:01
epoch [275/300] batch [6/6] time 0.089 (0.353) data 0.000 (0.166) loss 0.3740 (0.4421) acc 89.0625 (88.9323) loss_ce 0.3740 (0.4421) lr 1.7037e-03 eta 0:00:52
epoch [276/300] batch [1/6] time 1.106 (1.106) data 0.916 (0.916) loss 0.4920 (0.4920) acc 88.6719 (88.6719) loss_ce 0.4920 (0.4920) lr 1.7037e-03 eta 0:02:44
epoch [276/300] batch [2/6] time 0.280 (0.693) data 0.000 (0.458) loss 0.5495 (0.5208) acc 86.7188 (87.6953) loss_ce 0.5495 (0.5208) lr 1.7037e-03 eta 0:01:42
epoch [276/300] batch [3/6] time 0.281 (0.555) data 0.000 (0.305) loss 0.4188 (0.4868) acc 89.0625 (88.1510) loss_ce 0.4188 (0.4868) lr 1.7037e-03 eta 0:01:21
epoch [276/300] batch [4/6] time 0.185 (0.463) data 0.000 (0.229) loss 0.4880 (0.4871) acc 87.1094 (87.8906) loss_ce 0.4880 (0.4871) lr 1.7037e-03 eta 0:01:07
epoch [276/300] batch [5/6] time 0.157 (0.402) data 0.000 (0.183) loss 0.4975 (0.4891) acc 88.6719 (88.0469) loss_ce 0.4975 (0.4891) lr 1.7037e-03 eta 0:00:58
epoch [276/300] batch [6/6] time 0.089 (0.350) data 0.000 (0.153) loss 0.4382 (0.4807) acc 89.0625 (88.2161) loss_ce 0.4382 (0.4807) lr 1.5708e-03 eta 0:00:50
epoch [277/300] batch [1/6] time 1.178 (1.178) data 0.992 (0.992) loss 0.4622 (0.4622) acc 89.4531 (89.4531) loss_ce 0.4622 (0.4622) lr 1.5708e-03 eta 0:02:48
epoch [277/300] batch [2/6] time 0.281 (0.730) data 0.000 (0.496) loss 0.4265 (0.4444) acc 89.4531 (89.4531) loss_ce 0.4265 (0.4444) lr 1.5708e-03 eta 0:01:43
epoch [277/300] batch [3/6] time 0.281 (0.580) data 0.000 (0.331) loss 0.5043 (0.4643) acc 87.8906 (88.9323) loss_ce 0.5043 (0.4643) lr 1.5708e-03 eta 0:01:21
epoch [277/300] batch [4/6] time 0.185 (0.481) data 0.000 (0.248) loss 0.5133 (0.4766) acc 87.8906 (88.6719) loss_ce 0.5133 (0.4766) lr 1.5708e-03 eta 0:01:07
epoch [277/300] batch [5/6] time 0.097 (0.405) data 0.000 (0.199) loss 0.4285 (0.4670) acc 91.4062 (89.2188) loss_ce 0.4285 (0.4670) lr 1.5708e-03 eta 0:00:56
epoch [277/300] batch [6/6] time 0.089 (0.352) data 0.000 (0.165) loss 0.4822 (0.4695) acc 87.1094 (88.8672) loss_ce 0.4822 (0.4695) lr 1.4433e-03 eta 0:00:48
epoch [278/300] batch [1/6] time 1.257 (1.257) data 0.975 (0.975) loss 0.3207 (0.3207) acc 92.1875 (92.1875) loss_ce 0.3207 (0.3207) lr 1.4433e-03 eta 0:02:52
epoch [278/300] batch [2/6] time 0.282 (0.770) data 0.000 (0.488) loss 0.4213 (0.3710) acc 89.4531 (90.8203) loss_ce 0.4213 (0.3710) lr 1.4433e-03 eta 0:01:44
epoch [278/300] batch [3/6] time 0.278 (0.606) data 0.000 (0.325) loss 0.4304 (0.3908) acc 89.8438 (90.4948) loss_ce 0.4304 (0.3908) lr 1.4433e-03 eta 0:01:21
epoch [278/300] batch [4/6] time 0.234 (0.513) data 0.000 (0.244) loss 0.3704 (0.3857) acc 89.8438 (90.3320) loss_ce 0.3704 (0.3857) lr 1.4433e-03 eta 0:01:08
epoch [278/300] batch [5/6] time 0.185 (0.447) data 0.000 (0.195) loss 0.4592 (0.4004) acc 87.8906 (89.8438) loss_ce 0.4592 (0.4004) lr 1.4433e-03 eta 0:00:59
epoch [278/300] batch [6/6] time 0.100 (0.389) data 0.000 (0.163) loss 0.2886 (0.3818) acc 92.9688 (90.3646) loss_ce 0.2886 (0.3818) lr 1.3211e-03 eta 0:00:51
epoch [279/300] batch [1/6] time 1.046 (1.046) data 0.891 (0.891) loss 0.3954 (0.3954) acc 90.6250 (90.6250) loss_ce 0.3954 (0.3954) lr 1.3211e-03 eta 0:02:17
epoch [279/300] batch [2/6] time 0.185 (0.616) data 0.001 (0.446) loss 0.4567 (0.4261) acc 88.6719 (89.6484) loss_ce 0.4567 (0.4261) lr 1.3211e-03 eta 0:01:20
epoch [279/300] batch [3/6] time 0.276 (0.502) data 0.000 (0.297) loss 0.4754 (0.4425) acc 89.0625 (89.4531) loss_ce 0.4754 (0.4425) lr 1.3211e-03 eta 0:01:04
epoch [279/300] batch [4/6] time 0.278 (0.446) data 0.000 (0.223) loss 0.4475 (0.4437) acc 87.5000 (88.9648) loss_ce 0.4475 (0.4437) lr 1.3211e-03 eta 0:00:57
epoch [279/300] batch [5/6] time 0.187 (0.395) data 0.000 (0.178) loss 0.4478 (0.4446) acc 88.2812 (88.8281) loss_ce 0.4478 (0.4446) lr 1.3211e-03 eta 0:00:50
epoch [279/300] batch [6/6] time 0.185 (0.360) data 0.000 (0.149) loss 0.3989 (0.4369) acc 89.8438 (88.9974) loss_ce 0.3989 (0.4369) lr 1.2042e-03 eta 0:00:45
epoch [280/300] batch [1/6] time 1.114 (1.114) data 0.875 (0.875) loss 0.4465 (0.4465) acc 87.1094 (87.1094) loss_ce 0.4465 (0.4465) lr 1.2042e-03 eta 0:02:19
epoch [280/300] batch [2/6] time 0.236 (0.675) data 0.000 (0.438) loss 0.3967 (0.4216) acc 91.4062 (89.2578) loss_ce 0.3967 (0.4216) lr 1.2042e-03 eta 0:01:23
epoch [280/300] batch [3/6] time 0.274 (0.541) data 0.000 (0.292) loss 0.4089 (0.4174) acc 89.8438 (89.4531) loss_ce 0.4089 (0.4174) lr 1.2042e-03 eta 0:01:06
epoch [280/300] batch [4/6] time 0.222 (0.461) data 0.000 (0.219) loss 0.4310 (0.4208) acc 89.0625 (89.3555) loss_ce 0.4310 (0.4208) lr 1.2042e-03 eta 0:00:56
epoch [280/300] batch [5/6] time 0.185 (0.406) data 0.000 (0.175) loss 0.3948 (0.4156) acc 89.0625 (89.2969) loss_ce 0.3948 (0.4156) lr 1.2042e-03 eta 0:00:49
epoch [280/300] batch [6/6] time 0.185 (0.369) data 0.000 (0.146) loss 0.5546 (0.4387) acc 84.7656 (88.5417) loss_ce 0.5546 (0.4387) lr 1.0926e-03 eta 0:00:44
epoch [281/300] batch [1/6] time 1.037 (1.037) data 0.904 (0.904) loss 0.3758 (0.3758) acc 90.2344 (90.2344) loss_ce 0.3758 (0.3758) lr 1.0926e-03 eta 0:02:03
epoch [281/300] batch [2/6] time 0.165 (0.601) data 0.000 (0.452) loss 0.4175 (0.3967) acc 89.8438 (90.0391) loss_ce 0.4175 (0.3967) lr 1.0926e-03 eta 0:01:10
epoch [281/300] batch [3/6] time 0.285 (0.496) data 0.000 (0.302) loss 0.4319 (0.4084) acc 89.0625 (89.7135) loss_ce 0.4319 (0.4084) lr 1.0926e-03 eta 0:00:57
epoch [281/300] batch [4/6] time 0.270 (0.439) data 0.000 (0.226) loss 0.3989 (0.4060) acc 91.0156 (90.0391) loss_ce 0.3989 (0.4060) lr 1.0926e-03 eta 0:00:50
epoch [281/300] batch [5/6] time 0.185 (0.388) data 0.000 (0.181) loss 0.4864 (0.4221) acc 89.8438 (90.0000) loss_ce 0.4864 (0.4221) lr 1.0926e-03 eta 0:00:44
epoch [281/300] batch [6/6] time 0.185 (0.354) data 0.000 (0.151) loss 0.4486 (0.4265) acc 89.8438 (89.9740) loss_ce 0.4486 (0.4265) lr 9.8644e-04 eta 0:00:40
epoch [282/300] batch [1/6] time 1.118 (1.118) data 0.993 (0.993) loss 0.4932 (0.4932) acc 89.8438 (89.8438) loss_ce 0.4932 (0.4932) lr 9.8644e-04 eta 0:02:06
epoch [282/300] batch [2/6] time 0.195 (0.656) data 0.000 (0.497) loss 0.4899 (0.4915) acc 85.1562 (87.5000) loss_ce 0.4899 (0.4915) lr 9.8644e-04 eta 0:01:13
epoch [282/300] batch [3/6] time 0.278 (0.530) data 0.000 (0.331) loss 0.5326 (0.5052) acc 86.7188 (87.2396) loss_ce 0.5326 (0.5052) lr 9.8644e-04 eta 0:00:58
epoch [282/300] batch [4/6] time 0.267 (0.465) data 0.000 (0.249) loss 0.4244 (0.4850) acc 86.7188 (87.1094) loss_ce 0.4244 (0.4850) lr 9.8644e-04 eta 0:00:51
epoch [282/300] batch [5/6] time 0.185 (0.409) data 0.000 (0.199) loss 0.5323 (0.4945) acc 86.7188 (87.0312) loss_ce 0.5323 (0.4945) lr 9.8644e-04 eta 0:00:44
epoch [282/300] batch [6/6] time 0.185 (0.371) data 0.000 (0.166) loss 0.3818 (0.4757) acc 89.8438 (87.5000) loss_ce 0.3818 (0.4757) lr 8.8564e-04 eta 0:00:40
epoch [283/300] batch [1/6] time 1.004 (1.004) data 0.893 (0.893) loss 0.4588 (0.4588) acc 88.6719 (88.6719) loss_ce 0.4588 (0.4588) lr 8.8564e-04 eta 0:01:47
epoch [283/300] batch [2/6] time 0.218 (0.611) data 0.000 (0.447) loss 0.5606 (0.5097) acc 86.3281 (87.5000) loss_ce 0.5606 (0.5097) lr 8.8564e-04 eta 0:01:04
epoch [283/300] batch [3/6] time 0.278 (0.500) data 0.000 (0.298) loss 0.3639 (0.4611) acc 90.6250 (88.5417) loss_ce 0.3639 (0.4611) lr 8.8564e-04 eta 0:00:52
epoch [283/300] batch [4/6] time 0.247 (0.437) data 0.000 (0.224) loss 0.4439 (0.4568) acc 89.4531 (88.7695) loss_ce 0.4439 (0.4568) lr 8.8564e-04 eta 0:00:45
epoch [283/300] batch [5/6] time 0.187 (0.387) data 0.000 (0.179) loss 0.4618 (0.4578) acc 88.6719 (88.7500) loss_ce 0.4618 (0.4578) lr 8.8564e-04 eta 0:00:39
epoch [283/300] batch [6/6] time 0.187 (0.354) data 0.000 (0.149) loss 0.5401 (0.4715) acc 87.8906 (88.6068) loss_ce 0.5401 (0.4715) lr 7.9022e-04 eta 0:00:36
epoch [284/300] batch [1/6] time 1.093 (1.093) data 1.002 (1.002) loss 0.4156 (0.4156) acc 88.6719 (88.6719) loss_ce 0.4156 (0.4156) lr 7.9022e-04 eta 0:01:50
epoch [284/300] batch [2/6] time 0.185 (0.639) data 0.001 (0.501) loss 0.4695 (0.4426) acc 89.0625 (88.8672) loss_ce 0.4695 (0.4426) lr 7.9022e-04 eta 0:01:03
epoch [284/300] batch [3/6] time 0.267 (0.515) data 0.000 (0.334) loss 0.3375 (0.4075) acc 88.6719 (88.8021) loss_ce 0.3375 (0.4075) lr 7.9022e-04 eta 0:00:50
epoch [284/300] batch [4/6] time 0.274 (0.455) data 0.000 (0.251) loss 0.4841 (0.4267) acc 88.2812 (88.6719) loss_ce 0.4841 (0.4267) lr 7.9022e-04 eta 0:00:44
epoch [284/300] batch [5/6] time 0.191 (0.402) data 0.000 (0.201) loss 0.4554 (0.4324) acc 88.6719 (88.6719) loss_ce 0.4554 (0.4324) lr 7.9022e-04 eta 0:00:38
epoch [284/300] batch [6/6] time 0.186 (0.366) data 0.000 (0.167) loss 0.4800 (0.4404) acc 88.2812 (88.6068) loss_ce 0.4800 (0.4404) lr 7.0020e-04 eta 0:00:35
epoch [285/300] batch [1/6] time 1.066 (1.066) data 0.976 (0.976) loss 0.4022 (0.4022) acc 90.2344 (90.2344) loss_ce 0.4022 (0.4022) lr 7.0020e-04 eta 0:01:41
epoch [285/300] batch [2/6] time 0.098 (0.582) data 0.000 (0.488) loss 0.4560 (0.4291) acc 85.5469 (87.8906) loss_ce 0.4560 (0.4291) lr 7.0020e-04 eta 0:00:54
epoch [285/300] batch [3/6] time 0.250 (0.471) data 0.000 (0.325) loss 0.6243 (0.4942) acc 83.5938 (86.4583) loss_ce 0.6243 (0.4942) lr 7.0020e-04 eta 0:00:43
epoch [285/300] batch [4/6] time 0.279 (0.423) data 0.000 (0.244) loss 0.4442 (0.4817) acc 87.5000 (86.7188) loss_ce 0.4442 (0.4817) lr 7.0020e-04 eta 0:00:38
epoch [285/300] batch [5/6] time 0.214 (0.381) data 0.000 (0.195) loss 0.3756 (0.4605) acc 91.7969 (87.7344) loss_ce 0.3756 (0.4605) lr 7.0020e-04 eta 0:00:34
epoch [285/300] batch [6/6] time 0.185 (0.349) data 0.000 (0.163) loss 0.4850 (0.4646) acc 87.8906 (87.7604) loss_ce 0.4850 (0.4646) lr 6.1558e-04 eta 0:00:31
epoch [286/300] batch [1/6] time 1.071 (1.071) data 0.937 (0.937) loss 0.4103 (0.4103) acc 90.6250 (90.6250) loss_ce 0.4103 (0.4103) lr 6.1558e-04 eta 0:01:35
epoch [286/300] batch [2/6] time 0.089 (0.580) data 0.000 (0.468) loss 0.4932 (0.4518) acc 89.4531 (90.0391) loss_ce 0.4932 (0.4518) lr 6.1558e-04 eta 0:00:51
epoch [286/300] batch [3/6] time 0.191 (0.450) data 0.000 (0.312) loss 0.5300 (0.4778) acc 85.5469 (88.5417) loss_ce 0.5300 (0.4778) lr 6.1558e-04 eta 0:00:39
epoch [286/300] batch [4/6] time 0.278 (0.407) data 0.000 (0.234) loss 0.3809 (0.4536) acc 87.8906 (88.3789) loss_ce 0.3809 (0.4536) lr 6.1558e-04 eta 0:00:35
epoch [286/300] batch [5/6] time 0.274 (0.381) data 0.059 (0.199) loss 0.4161 (0.4461) acc 91.0156 (88.9062) loss_ce 0.4161 (0.4461) lr 6.1558e-04 eta 0:00:32
epoch [286/300] batch [6/6] time 0.187 (0.348) data 0.000 (0.166) loss 0.4279 (0.4431) acc 88.2812 (88.8021) loss_ce 0.4279 (0.4431) lr 5.3638e-04 eta 0:00:29
epoch [287/300] batch [1/6] time 1.079 (1.079) data 0.950 (0.950) loss 0.4718 (0.4718) acc 87.5000 (87.5000) loss_ce 0.4718 (0.4718) lr 5.3638e-04 eta 0:01:29
epoch [287/300] batch [2/6] time 0.163 (0.621) data 0.000 (0.475) loss 0.3492 (0.4105) acc 91.7969 (89.6484) loss_ce 0.3492 (0.4105) lr 5.3638e-04 eta 0:00:50
epoch [287/300] batch [3/6] time 0.285 (0.509) data 0.000 (0.317) loss 0.3613 (0.3941) acc 90.6250 (89.9740) loss_ce 0.3613 (0.3941) lr 5.3638e-04 eta 0:00:41
epoch [287/300] batch [4/6] time 0.283 (0.452) data 0.000 (0.238) loss 0.3253 (0.3769) acc 89.8438 (89.9414) loss_ce 0.3253 (0.3769) lr 5.3638e-04 eta 0:00:36
epoch [287/300] batch [5/6] time 0.185 (0.399) data 0.000 (0.190) loss 0.5156 (0.4046) acc 87.1094 (89.3750) loss_ce 0.5156 (0.4046) lr 5.3638e-04 eta 0:00:31
epoch [287/300] batch [6/6] time 0.185 (0.363) data 0.000 (0.159) loss 0.4157 (0.4065) acc 89.0625 (89.3229) loss_ce 0.4157 (0.4065) lr 4.6261e-04 eta 0:00:28
epoch [288/300] batch [1/6] time 1.129 (1.129) data 1.006 (1.006) loss 0.4179 (0.4179) acc 91.7969 (91.7969) loss_ce 0.4179 (0.4179) lr 4.6261e-04 eta 0:01:26
epoch [288/300] batch [2/6] time 0.168 (0.648) data 0.000 (0.503) loss 0.4791 (0.4485) acc 90.2344 (91.0156) loss_ce 0.4791 (0.4485) lr 4.6261e-04 eta 0:00:49
epoch [288/300] batch [3/6] time 0.279 (0.525) data 0.000 (0.336) loss 0.4807 (0.4592) acc 87.5000 (89.8438) loss_ce 0.4807 (0.4592) lr 4.6261e-04 eta 0:00:39
epoch [288/300] batch [4/6] time 0.278 (0.464) data 0.000 (0.252) loss 0.3119 (0.4224) acc 92.1875 (90.4297) loss_ce 0.3119 (0.4224) lr 4.6261e-04 eta 0:00:34
epoch [288/300] batch [5/6] time 0.185 (0.408) data 0.000 (0.201) loss 0.4041 (0.4187) acc 90.6250 (90.4688) loss_ce 0.4041 (0.4187) lr 4.6261e-04 eta 0:00:29
epoch [288/300] batch [6/6] time 0.185 (0.371) data 0.000 (0.168) loss 0.2832 (0.3961) acc 94.1406 (91.0807) loss_ce 0.2832 (0.3961) lr 3.9426e-04 eta 0:00:26
epoch [289/300] batch [1/6] time 1.099 (1.099) data 0.924 (0.924) loss 0.4744 (0.4744) acc 86.3281 (86.3281) loss_ce 0.4744 (0.4744) lr 3.9426e-04 eta 0:01:18
epoch [289/300] batch [2/6] time 0.238 (0.668) data 0.000 (0.462) loss 0.2969 (0.3857) acc 94.5312 (90.4297) loss_ce 0.2969 (0.3857) lr 3.9426e-04 eta 0:00:46
epoch [289/300] batch [3/6] time 0.296 (0.544) data 0.000 (0.308) loss 0.5895 (0.4536) acc 86.7188 (89.1927) loss_ce 0.5895 (0.4536) lr 3.9426e-04 eta 0:00:37
epoch [289/300] batch [4/6] time 0.214 (0.462) data 0.000 (0.231) loss 0.5215 (0.4706) acc 87.1094 (88.6719) loss_ce 0.5215 (0.4706) lr 3.9426e-04 eta 0:00:31
epoch [289/300] batch [5/6] time 0.185 (0.407) data 0.000 (0.185) loss 0.4382 (0.4641) acc 89.0625 (88.7500) loss_ce 0.4382 (0.4641) lr 3.9426e-04 eta 0:00:27
epoch [289/300] batch [6/6] time 0.186 (0.370) data 0.000 (0.154) loss 0.4538 (0.4624) acc 89.4531 (88.8672) loss_ce 0.4538 (0.4624) lr 3.3136e-04 eta 0:00:24
epoch [290/300] batch [1/6] time 1.182 (1.182) data 0.942 (0.942) loss 0.4424 (0.4424) acc 87.5000 (87.5000) loss_ce 0.4424 (0.4424) lr 3.3136e-04 eta 0:01:16
epoch [290/300] batch [2/6] time 0.278 (0.730) data 0.000 (0.471) loss 0.3726 (0.4075) acc 92.1875 (89.8438) loss_ce 0.3726 (0.4075) lr 3.3136e-04 eta 0:00:46
epoch [290/300] batch [3/6] time 0.222 (0.561) data 0.000 (0.314) loss 0.3993 (0.4048) acc 91.0156 (90.2344) loss_ce 0.3993 (0.4048) lr 3.3136e-04 eta 0:00:35
epoch [290/300] batch [4/6] time 0.185 (0.467) data 0.000 (0.236) loss 0.4107 (0.4063) acc 90.6250 (90.3320) loss_ce 0.4107 (0.4063) lr 3.3136e-04 eta 0:00:28
epoch [290/300] batch [5/6] time 0.186 (0.411) data 0.000 (0.188) loss 0.5129 (0.4276) acc 86.7188 (89.6094) loss_ce 0.5129 (0.4276) lr 3.3136e-04 eta 0:00:25
epoch [290/300] batch [6/6] time 0.142 (0.366) data 0.000 (0.157) loss 0.5466 (0.4474) acc 84.7656 (88.8021) loss_ce 0.5466 (0.4474) lr 2.7391e-04 eta 0:00:21
epoch [291/300] batch [1/6] time 1.220 (1.220) data 0.958 (0.958) loss 0.4554 (0.4554) acc 87.8906 (87.8906) loss_ce 0.4554 (0.4554) lr 2.7391e-04 eta 0:01:11
epoch [291/300] batch [2/6] time 0.278 (0.749) data 0.000 (0.479) loss 0.3566 (0.4060) acc 91.4062 (89.6484) loss_ce 0.3566 (0.4060) lr 2.7391e-04 eta 0:00:43
epoch [291/300] batch [3/6] time 0.200 (0.566) data 0.000 (0.320) loss 0.4239 (0.4120) acc 87.5000 (88.9323) loss_ce 0.4239 (0.4120) lr 2.7391e-04 eta 0:00:32
epoch [291/300] batch [4/6] time 0.185 (0.471) data 0.000 (0.240) loss 0.4757 (0.4279) acc 87.5000 (88.5742) loss_ce 0.4757 (0.4279) lr 2.7391e-04 eta 0:00:26
epoch [291/300] batch [5/6] time 0.155 (0.408) data 0.000 (0.192) loss 0.4424 (0.4308) acc 89.8438 (88.8281) loss_ce 0.4424 (0.4308) lr 2.7391e-04 eta 0:00:22
epoch [291/300] batch [6/6] time 0.089 (0.355) data 0.000 (0.160) loss 0.4612 (0.4359) acc 87.1094 (88.5417) loss_ce 0.4612 (0.4359) lr 2.2190e-04 eta 0:00:19
epoch [292/300] batch [1/6] time 1.215 (1.215) data 0.966 (0.966) loss 0.4489 (0.4489) acc 89.4531 (89.4531) loss_ce 0.4489 (0.4489) lr 2.2190e-04 eta 0:01:04
epoch [292/300] batch [2/6] time 0.277 (0.746) data 0.000 (0.483) loss 0.3344 (0.3916) acc 89.4531 (89.4531) loss_ce 0.3344 (0.3916) lr 2.2190e-04 eta 0:00:38
epoch [292/300] batch [3/6] time 0.226 (0.573) data 0.000 (0.322) loss 0.4295 (0.4042) acc 88.2812 (89.0625) loss_ce 0.4295 (0.4042) lr 2.2190e-04 eta 0:00:29
epoch [292/300] batch [4/6] time 0.185 (0.476) data 0.000 (0.242) loss 0.4730 (0.4214) acc 88.2812 (88.8672) loss_ce 0.4730 (0.4214) lr 2.2190e-04 eta 0:00:23
epoch [292/300] batch [5/6] time 0.181 (0.417) data 0.000 (0.193) loss 0.4780 (0.4328) acc 88.2812 (88.7500) loss_ce 0.4780 (0.4328) lr 2.2190e-04 eta 0:00:20
epoch [292/300] batch [6/6] time 0.089 (0.362) data 0.000 (0.161) loss 0.4283 (0.4320) acc 90.2344 (88.9974) loss_ce 0.4283 (0.4320) lr 1.7536e-04 eta 0:00:17
epoch [293/300] batch [1/6] time 1.293 (1.293) data 1.021 (1.021) loss 0.4063 (0.4063) acc 89.8438 (89.8438) loss_ce 0.4063 (0.4063) lr 1.7536e-04 eta 0:01:00
epoch [293/300] batch [2/6] time 0.193 (0.743) data 0.000 (0.511) loss 0.4551 (0.4307) acc 88.6719 (89.2578) loss_ce 0.4551 (0.4307) lr 1.7536e-04 eta 0:00:34
epoch [293/300] batch [3/6] time 0.185 (0.557) data 0.000 (0.341) loss 0.4639 (0.4418) acc 88.2812 (88.9323) loss_ce 0.4639 (0.4418) lr 1.7536e-04 eta 0:00:25
epoch [293/300] batch [4/6] time 0.206 (0.469) data 0.000 (0.255) loss 0.4579 (0.4458) acc 88.2812 (88.7695) loss_ce 0.4579 (0.4458) lr 1.7536e-04 eta 0:00:20
epoch [293/300] batch [5/6] time 0.185 (0.412) data 0.000 (0.204) loss 0.3188 (0.4204) acc 92.5781 (89.5312) loss_ce 0.3188 (0.4204) lr 1.7536e-04 eta 0:00:17
epoch [293/300] batch [6/6] time 0.174 (0.373) data 0.000 (0.170) loss 0.4692 (0.4285) acc 87.5000 (89.1927) loss_ce 0.4692 (0.4285) lr 1.3428e-04 eta 0:00:15
epoch [294/300] batch [1/6] time 1.069 (1.069) data 0.878 (0.878) loss 0.3727 (0.3727) acc 90.6250 (90.6250) loss_ce 0.3727 (0.3727) lr 1.3428e-04 eta 0:00:43
epoch [294/300] batch [2/6] time 0.190 (0.629) data 0.000 (0.439) loss 0.5574 (0.4651) acc 84.7656 (87.6953) loss_ce 0.5574 (0.4651) lr 1.3428e-04 eta 0:00:25
epoch [294/300] batch [3/6] time 0.212 (0.490) data 0.000 (0.293) loss 0.4212 (0.4505) acc 91.4062 (88.9323) loss_ce 0.4212 (0.4505) lr 1.3428e-04 eta 0:00:19
epoch [294/300] batch [4/6] time 0.175 (0.411) data 0.000 (0.220) loss 0.4080 (0.4398) acc 89.4531 (89.0625) loss_ce 0.4080 (0.4398) lr 1.3428e-04 eta 0:00:15
epoch [294/300] batch [5/6] time 0.194 (0.368) data 0.000 (0.176) loss 0.4674 (0.4454) acc 88.2812 (88.9062) loss_ce 0.4674 (0.4454) lr 1.3428e-04 eta 0:00:13
epoch [294/300] batch [6/6] time 0.265 (0.351) data 0.000 (0.147) loss 0.4916 (0.4531) acc 88.2812 (88.8021) loss_ce 0.4916 (0.4531) lr 9.8664e-05 eta 0:00:12
epoch [295/300] batch [1/6] time 1.134 (1.134) data 0.946 (0.946) loss 0.4100 (0.4100) acc 89.0625 (89.0625) loss_ce 0.4100 (0.4100) lr 9.8664e-05 eta 0:00:39
epoch [295/300] batch [2/6] time 0.187 (0.660) data 0.000 (0.473) loss 0.3904 (0.4002) acc 90.2344 (89.6484) loss_ce 0.3904 (0.4002) lr 9.8664e-05 eta 0:00:22
epoch [295/300] batch [3/6] time 0.189 (0.503) data 0.000 (0.316) loss 0.4582 (0.4195) acc 87.1094 (88.8021) loss_ce 0.4582 (0.4195) lr 9.8664e-05 eta 0:00:16
epoch [295/300] batch [4/6] time 0.274 (0.446) data 0.000 (0.237) loss 0.4997 (0.4396) acc 86.7188 (88.2812) loss_ce 0.4997 (0.4396) lr 9.8664e-05 eta 0:00:14
epoch [295/300] batch [5/6] time 0.280 (0.413) data 0.000 (0.189) loss 0.4668 (0.4450) acc 87.5000 (88.1250) loss_ce 0.4668 (0.4450) lr 9.8664e-05 eta 0:00:12
epoch [295/300] batch [6/6] time 0.149 (0.369) data 0.000 (0.158) loss 0.3591 (0.4307) acc 90.6250 (88.5417) loss_ce 0.3591 (0.4307) lr 6.8523e-05 eta 0:00:11
epoch [296/300] batch [1/6] time 1.029 (1.029) data 0.838 (0.838) loss 0.3121 (0.3121) acc 91.4062 (91.4062) loss_ce 0.3121 (0.3121) lr 6.8523e-05 eta 0:00:29
epoch [296/300] batch [2/6] time 0.185 (0.607) data 0.000 (0.419) loss 0.4252 (0.3686) acc 88.2812 (89.8438) loss_ce 0.4252 (0.3686) lr 6.8523e-05 eta 0:00:17
epoch [296/300] batch [3/6] time 0.196 (0.470) data 0.000 (0.280) loss 0.4479 (0.3951) acc 88.6719 (89.4531) loss_ce 0.4479 (0.3951) lr 6.8523e-05 eta 0:00:12
epoch [296/300] batch [4/6] time 0.276 (0.422) data 0.000 (0.210) loss 0.4254 (0.4026) acc 88.6719 (89.2578) loss_ce 0.4254 (0.4026) lr 6.8523e-05 eta 0:00:10
epoch [296/300] batch [5/6] time 0.278 (0.393) data 0.000 (0.168) loss 0.5262 (0.4273) acc 87.1094 (88.8281) loss_ce 0.5262 (0.4273) lr 6.8523e-05 eta 0:00:09
epoch [296/300] batch [6/6] time 0.279 (0.374) data 0.000 (0.140) loss 0.3446 (0.4136) acc 93.3594 (89.5833) loss_ce 0.3446 (0.4136) lr 4.3858e-05 eta 0:00:08
epoch [297/300] batch [1/6] time 1.016 (1.016) data 0.869 (0.869) loss 0.3755 (0.3755) acc 91.0156 (91.0156) loss_ce 0.3755 (0.3755) lr 4.3858e-05 eta 0:00:23
epoch [297/300] batch [2/6] time 0.184 (0.600) data 0.000 (0.435) loss 0.4752 (0.4254) acc 87.8906 (89.4531) loss_ce 0.4752 (0.4254) lr 4.3858e-05 eta 0:00:13
epoch [297/300] batch [3/6] time 0.280 (0.493) data 0.000 (0.290) loss 0.4332 (0.4280) acc 89.4531 (89.4531) loss_ce 0.4332 (0.4280) lr 4.3858e-05 eta 0:00:10
epoch [297/300] batch [4/6] time 0.277 (0.439) data 0.000 (0.217) loss 0.4637 (0.4369) acc 86.7188 (88.7695) loss_ce 0.4637 (0.4369) lr 4.3858e-05 eta 0:00:08
epoch [297/300] batch [5/6] time 0.279 (0.407) data 0.000 (0.174) loss 0.4831 (0.4461) acc 86.7188 (88.3594) loss_ce 0.4831 (0.4461) lr 4.3858e-05 eta 0:00:07
epoch [297/300] batch [6/6] time 0.279 (0.386) data 0.000 (0.145) loss 0.4475 (0.4464) acc 87.8906 (88.2812) loss_ce 0.4475 (0.4464) lr 2.4672e-05 eta 0:00:06
epoch [298/300] batch [1/6] time 0.959 (0.959) data 0.869 (0.869) loss 0.4050 (0.4050) acc 91.0156 (91.0156) loss_ce 0.4050 (0.4050) lr 2.4672e-05 eta 0:00:16
epoch [298/300] batch [2/6] time 0.165 (0.562) data 0.000 (0.435) loss 0.4214 (0.4132) acc 90.6250 (90.8203) loss_ce 0.4214 (0.4132) lr 2.4672e-05 eta 0:00:08
epoch [298/300] batch [3/6] time 0.249 (0.458) data 0.000 (0.290) loss 0.5948 (0.4737) acc 85.1562 (88.9323) loss_ce 0.5948 (0.4737) lr 2.4672e-05 eta 0:00:06
epoch [298/300] batch [4/6] time 0.274 (0.412) data 0.000 (0.217) loss 0.3642 (0.4463) acc 89.8438 (89.1602) loss_ce 0.3642 (0.4463) lr 2.4672e-05 eta 0:00:05
epoch [298/300] batch [5/6] time 0.274 (0.384) data 0.000 (0.174) loss 0.4230 (0.4417) acc 91.0156 (89.5312) loss_ce 0.4230 (0.4417) lr 2.4672e-05 eta 0:00:04
epoch [298/300] batch [6/6] time 0.274 (0.366) data 0.000 (0.145) loss 0.4957 (0.4507) acc 88.2812 (89.3229) loss_ce 0.4957 (0.4507) lr 1.0966e-05 eta 0:00:04
epoch [299/300] batch [1/6] time 1.035 (1.035) data 0.944 (0.944) loss 0.5055 (0.5055) acc 87.5000 (87.5000) loss_ce 0.5055 (0.5055) lr 1.0966e-05 eta 0:00:11
epoch [299/300] batch [2/6] time 0.090 (0.562) data 0.001 (0.472) loss 0.4164 (0.4609) acc 89.0625 (88.2812) loss_ce 0.4164 (0.4609) lr 1.0966e-05 eta 0:00:05
epoch [299/300] batch [3/6] time 0.166 (0.430) data 0.000 (0.315) loss 0.4218 (0.4479) acc 86.7188 (87.7604) loss_ce 0.4218 (0.4479) lr 1.0966e-05 eta 0:00:03
epoch [299/300] batch [4/6] time 0.273 (0.391) data 0.000 (0.236) loss 0.5248 (0.4671) acc 88.2812 (87.8906) loss_ce 0.5248 (0.4671) lr 1.0966e-05 eta 0:00:03
epoch [299/300] batch [5/6] time 0.350 (0.383) data 0.107 (0.210) loss 0.4450 (0.4627) acc 88.6719 (88.0469) loss_ce 0.4450 (0.4627) lr 1.0966e-05 eta 0:00:02
epoch [299/300] batch [6/6] time 0.274 (0.365) data 0.000 (0.175) loss 0.4364 (0.4583) acc 89.4531 (88.2812) loss_ce 0.4364 (0.4583) lr 2.7415e-06 eta 0:00:02
epoch [300/300] batch [1/6] time 1.071 (1.071) data 0.978 (0.978) loss 0.4368 (0.4368) acc 89.8438 (89.8438) loss_ce 0.4368 (0.4368) lr 2.7415e-06 eta 0:00:05
epoch [300/300] batch [2/6] time 0.089 (0.580) data 0.000 (0.489) loss 0.4719 (0.4543) acc 87.8906 (88.8672) loss_ce 0.4719 (0.4543) lr 2.7415e-06 eta 0:00:02
epoch [300/300] batch [3/6] time 0.096 (0.419) data 0.000 (0.326) loss 0.4762 (0.4616) acc 87.8906 (88.5417) loss_ce 0.4762 (0.4616) lr 2.7415e-06 eta 0:00:01
epoch [300/300] batch [4/6] time 0.243 (0.375) data 0.000 (0.245) loss 0.4840 (0.4672) acc 87.5000 (88.2812) loss_ce 0.4840 (0.4672) lr 2.7415e-06 eta 0:00:00
epoch [300/300] batch [5/6] time 0.384 (0.377) data 0.106 (0.217) loss 0.4821 (0.4702) acc 88.6719 (88.3594) loss_ce 0.4821 (0.4702) lr 2.7415e-06 eta 0:00:00
epoch [300/300] batch [6/6] time 0.268 (0.358) data 0.000 (0.181) loss 0.3689 (0.4533) acc 89.8438 (88.6068) loss_ce 0.3689 (0.4533) lr 0.0000e+00 eta 0:00:00
[LightweightCheckpoint] filtered state_dict: 5/158 tensors, 0.39 MB / 329.19 MB
[LightweightCheckpoint] saved to output_refactor/ClipAdapters/TR/FS/fewshot_train/caltech101/shots_16/ViT-B-16/seed3/hpo_candidates/candidate_001_hpo001__lr-0.1__tr_alpha-0.5/refactor_model/model.pth.tar-300
Finish training
Elapsed: 0:10:56
[HPO] candidate 1 ACC=96.0000 ECE=3.0505 AECE=2.9212
================================================================================
[HPO] selector=acc
[HPO] selection_rule=max ACC; tie-break lower ECE, lower AECE
[HPO] best={'candidate': 1, 'tag': 'hpo001__lr-0.1__tr_alpha-0.5', 'split': 'val', 'output_dir': 'output_refactor/ClipAdapters/TR/FS/fewshot_train/caltech101/shots_16/ViT-B-16/seed3/hpo_candidates/candidate_001_hpo001__lr-0.1__tr_alpha-0.5', 'params': {'OPTIM.LR': 0.1, 'CLIP_ADAPTERS.TR_ALPHA': 0.5}, 'accuracy': 95.99999785423279, 'ece': 3.050451308488846, 'aece': 2.921159267425537, 'OPTIM.LR': 0.1, 'CLIP_ADAPTERS.TR_ALPHA': 0.5, '_selection_rule': 'max ACC; tie-break lower ECE, lower AECE', '_selection_score': 95.99999785423279}
[HPO] saved summary to output_refactor/ClipAdapters/TR/FS/fewshot_train/caltech101/shots_16/ViT-B-16/seed3/hpo_summary.json
[HPO] saved summary csv to output_refactor/ClipAdapters/TR/FS/fewshot_train/caltech101/shots_16/ViT-B-16/seed3/hpo_summary.csv
[HPO] saved best opts to output_refactor/ClipAdapters/TR/FS/fewshot_train/caltech101/shots_16/ViT-B-16/seed3/hpo_best_opts.json
[HPO] copied best model directory: output_refactor/ClipAdapters/TR/FS/fewshot_train/caltech101/shots_16/ViT-B-16/seed3/hpo_candidates/candidate_001_hpo001__lr-0.1__tr_alpha-0.5/refactor_model -> output_refactor/ClipAdapters/TR/FS/fewshot_train/caltech101/shots_16/ViT-B-16/seed3/refactor_model
[HPO] cleanup candidate models: deleted=0, kept_best=1
[HPO] Setting fixed seed for final best test: 3
[HPO] Final test with selected best candidate weights
[HPO] best params = {'OPTIM.LR': 0.1, 'CLIP_ADAPTERS.TR_ALPHA': 0.5}
[HPO] loading best candidate from output_refactor/ClipAdapters/TR/FS/fewshot_train/caltech101/shots_16/ViT-B-16/seed3/hpo_candidates/candidate_001_hpo001__lr-0.1__tr_alpha-0.5
[HPO] writing final test metrics to output_refactor/ClipAdapters/TR/FS/fewshot_train/caltech101/shots_16/ViT-B-16/seed3
Loading trainer: RefactorRunner
Loading dataset: Caltech101
Reading split from /root/autodl-tmp/MMRL/DATASETS/caltech-101/split_zhou_Caltech101.json
Loading preprocessed few-shot data from /root/autodl-tmp/MMRL/DATASETS/caltech-101/split_fewshot/shot_16-seed_3.pkl
Building transform_train
+ random resized crop (size=(224, 224), scale=(0.08, 1.0))
+ random flip
+ to torch tensor of range [0, 1]
+ normalization (mean=[0.48145466, 0.4578275, 0.40821073], std=[0.26862954, 0.26130258, 0.27577711])
Building transform_test
+ resize the smaller edge to 224
+ 224x224 center crop
+ to torch tensor of range [0, 1]
+ normalization (mean=[0.48145466, 0.4578275, 0.40821073], std=[0.26862954, 0.26130258, 0.27577711])
---------  ----------
Dataset    Caltech101
# classes  100
# train_x  1,600
# val      400
# test     2,465
---------  ----------
Using TaskRes-Adapter
[ClipAdapters] trainable params before cache hooks: {'adapter.residual'}
Loading evaluator: Classification
Loading weights to refactor_model from "output_refactor/ClipAdapters/TR/FS/fewshot_train/caltech101/shots_16/ViT-B-16/seed3/hpo_candidates/candidate_001_hpo001__lr-0.1__tr_alpha-0.5/refactor_model/model.pth.tar-300" (epoch = 300)
[LightweightCheckpoint] ignored expected missing frozen/backbone keys: 153
Evaluate on the *test* set
=> result
* total: 2,465
* correct: 2,363
* accuracy: 95.9%
* error: 4.1%
* macro_f1: 93.8%
=> structured result
* accuracy: 95.8621
* error: 4.1379
* macro_f1: 93.7617
* nll: 0.1260
* brier: 0.0618
* ece: 1.5018
* least_confidence_aurc: 0.0028
* least_confidence_eaurc: 0.0019
* least_confidence_error_auroc: 0.9562
* entropy_aurc: 0.0031
* entropy_eaurc: 0.0022
* entropy_error_auroc: 0.9493
* margin_uncertainty_aurc: 0.0028
* margin_uncertainty_eaurc: 0.0019
* margin_uncertainty_error_auroc: 0.9565
=> temperature scaling: T = 0.825385
* accuracy_calibrated: 95.8621
* error_calibrated: 4.1379
* macro_f1_calibrated: 93.7617
* nll_calibrated: 0.1193
* brier_calibrated: 0.0612
* ece_calibrated: 0.9842
* least_confidence_aurc_calibrated: 0.0027
* least_confidence_eaurc_calibrated: 0.0019
* least_confidence_error_auroc_calibrated: 0.9566
* entropy_aurc_calibrated: 0.0028
* entropy_eaurc_calibrated: 0.0019
* entropy_error_auroc_calibrated: 0.9552
* margin_uncertainty_aurc_calibrated: 0.0028
* margin_uncertainty_eaurc_calibrated: 0.0019
* margin_uncertainty_error_auroc_calibrated: 0.9562
Saved metrics JSON to output_refactor/ClipAdapters/TR/FS/fewshot_train/caltech101/shots_16/ViT-B-16/seed3/test_metrics.json
Saved metrics CSV to output_refactor/ClipAdapters/TR/FS/fewshot_train/caltech101/shots_16/ViT-B-16/seed3/test_metrics.csv
Saved calibration bins CSV to output_refactor/ClipAdapters/TR/FS/fewshot_train/caltech101/shots_16/ViT-B-16/seed3/test_calibration_bins.csv
Saved calibrated metrics CSV to output_refactor/ClipAdapters/TR/FS/fewshot_train/caltech101/shots_16/ViT-B-16/seed3/test_metrics_calibrated.csv
Saved calibrated calibration bins CSV to output_refactor/ClipAdapters/TR/FS/fewshot_train/caltech101/shots_16/ViT-B-16/seed3/test_calibration_bins_calibrated.csv
Saved risk-coverage curve CSV to output_refactor/ClipAdapters/TR/FS/fewshot_train/caltech101/shots_16/ViT-B-16/seed3/test_risk_coverage_curve.csv
Saved selective summary CSV to output_refactor/ClipAdapters/TR/FS/fewshot_train/caltech101/shots_16/ViT-B-16/seed3/test_selective_summary.csv
Saved calibrated risk-coverage curve CSV to output_refactor/ClipAdapters/TR/FS/fewshot_train/caltech101/shots_16/ViT-B-16/seed3/test_risk_coverage_curve_calibrated.csv
Saved calibrated selective summary CSV to output_refactor/ClipAdapters/TR/FS/fewshot_train/caltech101/shots_16/ViT-B-16/seed3/test_selective_summary_calibrated.csv

============================================================
END: 2026-05-16 23:15:37
STATUS: SUCCESS
============================================================
