case_root,split,num_seeds,seeds,accuracy_mean,accuracy_std,brier_mean,brier_std,ece_mean,ece_std,error_mean,error_std,macro_f1_mean,macro_f1_std,nll_mean,nll_std
.,test,3,1 2 3,92.16861923535664,0.25600089008631255,0.11671794205904007,0.003593347129462637,1.6866510494848987,0.4428713447025244,7.8313807646433515,0.25600089008631255,92.0535339692872,0.34096894518786114,0.2318420559167862,0.0029689537270013995
