case_root,split,num_seeds,seeds,accuracy_mean,accuracy_std,brier_mean,brier_std,ece_mean,ece_std,error_mean,error_std,macro_f1_mean,macro_f1_std,nll_mean,nll_std
fewshot_train/caltech101/shots_1/ViT-B-16/default,test,3,1 2 3,94.11764740943909,0.3489795519983077,0.0858366663257281,0.0032801337310708347,1.5073621906768315,0.3487924993658193,5.882352590560913,0.3489795519983077,91.38335479484083,0.19297603892042647,0.17244370778401694,0.007815374597824186
fewshot_train/caltech101/shots_16/ViT-B-16/default,test,3,1 2 3,97.05206354459126,0.2656785632947368,0.045486061523358025,0.0032591257613816967,1.035387719136948,0.2365544167900404,2.947936455408732,0.2656785632947368,95.54514382307104,0.38317926321231177,0.09514646232128143,0.004672885612157442
fewshot_train/caltech101/shots_2/ViT-B-16/default,test,3,1 2 3,94.78025635083516,0.4803872183226545,0.07685614625612895,0.008603948550359035,1.259818096431709,0.18997394830637113,5.219743649164836,0.4803872183226545,92.29164446564661,0.21277001329648632,0.15243776142597198,0.017015009590836874
fewshot_train/caltech101/shots_4/ViT-B-16/default,test,3,1 2 3,96.05138699213664,0.06895323519730728,0.06006176148851713,0.0009047620197973155,0.9378351991526415,0.12559484067333845,3.948613007863363,0.06895323519730728,94.09483011293592,0.14390397637248184,0.11899711688359578,0.0016308843967414958
fewshot_train/caltech101/shots_8/ViT-B-16/default,test,3,1 2 3,96.2271789709727,0.11942848203569252,0.054908947398265205,0.001094338739772545,1.0659053986180544,0.11113364326131843,3.772821029027303,0.11942848203569252,94.35540010804635,0.30779596359814904,0.10882826894521713,0.004315799224431231
