case_root,split,num_seeds,seeds,accuracy_mean,accuracy_std,brier_mean,brier_std,ece_mean,ece_std,error_mean,error_std,macro_f1_mean,macro_f1_std,nll_mean,nll_std
.,test,3,1 2 3,99.05315240224202,0.16103542310455862,0.016777714093526203,0.0007482493738828134,1.117646769218248,0.09883470081858096,0.9468475977579752,0.16103542310455862,98.27876808305564,0.3771512697987,0.03552146255970001,0.000518884988968257
