case_root,split,num_seeds,seeds,accuracy_mean,accuracy_std,brier_mean,brier_std,ece_mean,ece_std,error_mean,error_std,macro_f1_mean,macro_f1_std,nll_mean,nll_std
.,test,3,1 2 3,97.39012718200684,0.13790374285539417,0.040463817616303764,0.0015946926231103617,1.0505343261322837,0.10828941782766859,2.609872817993164,0.13790374285539417,96.03835487988593,0.20611402082512895,0.0830128937959671,0.0011130052405497527
