case_root,split,num_seeds,seeds,accuracy_mean,accuracy_std,brier_mean,brier_std,ece_mean,ece_std,error_mean,error_std,macro_f1_mean,macro_f1_std,nll_mean,nll_std
.,test,3,1 2 3,84.69468553860982,0.5300010955894007,0.22362291316191354,0.006932402806374819,4.073872763644821,0.4962137429411652,15.305314461390177,0.5300010955894007,83.97230353059945,0.6261329958911445,0.5643092393875122,0.0315057215678436
