case_root,split,num_seeds,seeds,accuracy_mean,accuracy_std,brier_mean,brier_std,ece_mean,ece_std,error_mean,error_std,macro_f1_mean,macro_f1_std,nll_mean,nll_std
.,test,2,1 2,93.7721461057663,0.5587369203567505,0.09487571939826012,0.006188403815031052,1.1097669674545063,0.35199791834704663,6.227853894233704,0.5587369203567505,93.71580040010468,0.5784091887329197,0.1981291100382805,0.015444107353687286
