case_root,split,num_seeds,seeds,accuracy_mean,accuracy_std,brier_mean,brier_std,ece_mean,ece_std,error_mean,error_std,macro_f1_mean,macro_f1_std,nll_mean,nll_std
.,test,3,1 2 3,98.62276713053386,0.4420624544326267,0.02281017415225506,0.0015048963220918902,1.5227888157053715,0.21567675218956145,1.3772328694661458,0.4420624544326267,97.39030383042032,1.0059616846579413,0.047250126798947654,0.001877477320982615
