case_root,split,num_seeds,seeds,accuracy_mean,accuracy_std,brier_mean,brier_std,ece_mean,ece_std,error_mean,error_std,macro_f1_mean,macro_f1_std,nll_mean,nll_std
.,test,3,1 2 3,98.42909375826518,0.3088595364938691,0.0274250078946352,0.0020449294665378023,1.9984827564689764,0.016131077426883723,1.5709062417348225,0.3088595364938691,97.00536011874166,0.672725338167189,0.05819247290492058,0.004932656578119029
