case_root,split,num_seeds,seeds,accuracy_mean,accuracy_std,brier_mean,brier_std,ece_mean,ece_std,error_mean,error_std,macro_f1_mean,macro_f1_std,nll_mean,nll_std
.,test,3,1 2 3,97.1602459748586,0.11474339017595864,0.044088600824276604,0.0021478643839305386,0.840444749799268,0.1642341213553677,2.839754025141398,0.11474339017595864,95.7224037417966,0.11394591761985676,0.09155995647112529,0.0025448142146671238
