case_root,split,num_seeds,seeds,accuracy_mean,accuracy_std,brier_mean,brier_std,ece_mean,ece_std,error_mean,error_std,macro_f1_mean,macro_f1_std,nll_mean,nll_std
.,test,3,1 2 3,86.88871264457703,0.10791418066913722,0.19160028795401254,0.0009606745261638792,3.194935983333286,0.06815382815069596,13.111287355422974,0.10791418066913722,86.42716000688975,0.1852133781656688,0.47064992785453796,0.007403264003778457
