case_root,split,num_seeds,seeds,accuracy_mean,accuracy_std,brier_mean,brier_std,ece_mean,ece_std,error_mean,error_std,macro_f1_mean,macro_f1_std,nll_mean,nll_std
.,test,3,1 2 3,95.0912634531657,0.3286767284642575,0.07386280347903569,0.00506039451501126,2.60076237082925,0.4693690916450331,4.90873654683431,0.3286767284642575,95.07265964723517,0.34567572733915164,0.14413625995318094,0.009274865157582503
