case_root,split,num_seeds,seeds,accuracy_mean,accuracy_std,brier_mean,brier_std,ece_mean,ece_std,error_mean,error_std,macro_f1_mean,macro_f1_std,nll_mean,nll_std
.,test,3,1 2 3,73.90959461530049,0.6146501909132904,0.3401857614517212,0.005363828315761417,2.4723209814090636,0.21142971454154055,26.090405384699505,0.6146501909132904,72.38197657990857,0.6008752230642875,0.8288013140360514,0.01563274961864202
