case_root,split,num_seeds,seeds,accuracy_mean,accuracy_std,brier_mean,brier_std,ece_mean,ece_std,error_mean,error_std,macro_f1_mean,macro_f1_std,nll_mean,nll_std
.,test,2,1 2,96.32860124111176,0.06085336208343506,0.05442902632057667,0.001072155311703682,1.4304280643772644,0.037804050087686836,3.6713987588882446,0.06085336208343506,94.58154073663931,0.30317976191224005,0.11368799954652786,0.0030208155512809753
