case_root,split,num_seeds,seeds,accuracy_mean,accuracy_std,brier_mean,brier_std,ece_mean,ece_std,error_mean,error_std,macro_f1_mean,macro_f1_std,nll_mean,nll_std
.,test,3,1 2 3,86.22888724009196,0.45142435923965235,0.19758345186710358,0.0037005945230533938,2.3264682447548695,0.22197107922698958,13.771112759908041,0.45142435923965235,85.30693418707162,0.5131694255110206,0.4565006693204244,0.018315374249636775
