case_root,split,num_seeds,seeds,accuracy_mean,accuracy_std,brier_mean,brier_std,ece_mean,ece_std,error_mean,error_std,macro_f1_mean,macro_f1_std,nll_mean,nll_std
.,test,3,1 2 3,94.49441035588582,0.3469050905133673,0.08250309278567632,0.0027634533319205274,1.225540134522726,0.22504762832730263,5.505589644114177,0.3469050905133673,94.44728384894158,0.3370753743117432,0.17017350097497305,0.0052919409792486485
