case_root,split,num_seeds,seeds,accuracy_mean,accuracy_std,brier_mean,brier_std,ece_mean,ece_std,error_mean,error_std,macro_f1_mean,macro_f1_std,nll_mean,nll_std
.,test,3,1 2 3,97.45774070421855,0.21551497381103094,0.038476504385471344,0.002374899329324127,0.8013883152469096,0.14406324474464424,2.5422592957814536,0.21551497381103094,96.20396667406445,0.28263285681100364,0.07704511533180873,0.004583048680093709
