case_root,split,num_seeds,seeds,accuracy_mean,accuracy_std,brier_mean,brier_std,ece_mean,ece_std,error_mean,error_std,macro_f1_mean,macro_f1_std,nll_mean,nll_std
.,test,3,1 2 3,74.95691180229187,0.6108239506391779,0.33993323644002277,0.0035663916331862286,7.856849163914499,0.47582715374515,25.04308819770813,0.6108239506391779,73.33306503494765,0.623602416868287,0.7718663016955057,0.015567615581838633
