case_root,split,num_seeds,seeds,accuracy_mean,accuracy_std,brier_mean,brier_std,ece_mean,ece_std,error_mean,error_std,macro_f1_mean,macro_f1_std,nll_mean,nll_std
.,test,2,1 2,87.33808994293213,0.2114713191986084,0.18413617461919785,0.0020299330353736877,2.8466031294066916,0.41140370738591403,12.661910057067871,0.2114713191986084,86.8067342497126,0.3236773881974102,0.4427856355905533,0.005226001143455505
