case_root,split,num_seeds,seeds,accuracy_mean,accuracy_std,brier_mean,brier_std,ece_mean,ece_std,error_mean,error_std,macro_f1_mean,macro_f1_std,nll_mean,nll_std
.,test,3,1 2 3,94.41264669100444,0.16801244277304098,0.08510634551445644,0.0014919316982269744,1.741763253952552,0.1826889460973608,5.5873533089955645,0.16801244277304098,94.36565825830877,0.15634536909654068,0.18030902743339539,0.005223612872398605
