case_root,split,num_seeds,seeds,accuracy_mean,accuracy_std,brier_mean,brier_std,ece_mean,ece_std,error_mean,error_std,macro_f1_mean,macro_f1_std,nll_mean,nll_std
.,test,3,1 2 3,94.42866841952006,0.2777894767121777,0.07983028640349706,0.0008747853567374364,2.6570857757043806,0.37368126065033036,5.5713315804799395,0.2777894767121777,91.91134465557491,0.27758993302772883,0.16193616390228271,0.0017813494823936053
