case_root,split,num_seeds,seeds,accuracy_mean,accuracy_std,brier_mean,brier_std,ece_mean,ece_std,error_mean,error_std,macro_f1_mean,macro_f1_std,nll_mean,nll_std
.,test,3,1 2 3,93.04079214731853,0.4584167629116534,0.10557758311430614,0.0043843313476504536,1.1565832136718561,0.19747170649952095,6.959207852681478,0.4584167629116534,92.95579452936285,0.4857993157764436,0.21190058688322702,0.008334394688853377
