case_root,split,num_seeds,seeds,accuracy_mean,accuracy_std,brier_mean,brier_std,ece_mean,ece_std,error_mean,error_std,macro_f1_mean,macro_f1_std,nll_mean,nll_std
.,test,3,1 2 3,98.62276713053386,0.2704929489484148,0.02298847958445549,0.0011091758768355922,1.537068121813435,0.30316924346912416,1.3772328694661458,0.2704929489484148,97.41860359997,0.6184022623001088,0.047590957333644233,0.0010920773571711053
