case_root,split,num_seeds,seeds,accuracy_mean,accuracy_std,brier_mean,brier_std,ece_mean,ece_std,error_mean,error_std,macro_f1_mean,macro_f1_std,nll_mean,nll_std
.,test,3,1 2 3,89.21490907669067,0.05710539221254758,0.16119741400082907,0.0016549470168179532,3.3101039500170963,0.12770921808019672,10.785090923309326,0.05710539221254758,88.83288468960184,0.11084881311650338,0.4028492073218028,0.005154840668174831
