case_root,split,num_seeds,seeds,accuracy_mean,accuracy_std,brier_mean,brier_std,ece_mean,ece_std,error_mean,error_std,macro_f1_mean,macro_f1_std,nll_mean,nll_std
.,test,3,1 2 3,95.87099154790242,0.26522300757553957,0.061399864653746285,0.0017486459216245176,0.7320121028375567,0.05529892088071958,4.129008452097575,0.26522300757553957,95.88286113511363,0.2658112795140143,0.12136230617761612,0.0022541904184565763
