case_root,split,num_seeds,seeds,accuracy_mean,accuracy_std,brier_mean,brier_std,ece_mean,ece_std,error_mean,error_std,macro_f1_mean,macro_f1_std,nll_mean,nll_std
.,test,3,1 2 3,97.28194872538249,0.15179017549904647,0.0392862061659495,0.0013058930614245406,0.5221148902214081,0.13810399977350699,2.718051274617513,0.15179017549904647,95.81315040145712,0.1891318176107949,0.07632618397474289,0.0017107244684409215
