case_root,split,num_seeds,seeds,accuracy_mean,accuracy_std,brier_mean,brier_std,ece_mean,ece_std,error_mean,error_std,macro_f1_mean,macro_f1_std,nll_mean,nll_std
.,test,3,1 2 3,75.74974099795024,0.8433039455724622,0.3225700557231903,0.006879398246890071,3.3120160978268194,0.7852614106890168,24.250259002049763,0.8433039455724622,74.04671664310452,1.001946926168296,0.7043715914090475,0.017471073064717912
