case_root,split,num_seeds,seeds,accuracy_mean,accuracy_std,brier_mean,brier_std,ece_mean,ece_std,error_mean,error_std,macro_f1_mean,macro_f1_std,nll_mean,nll_std
.,test,3,1 2 3,86.65961821873982,0.21619266700961462,0.19524253904819489,0.0009950900576155596,3.1393915213922208,0.305576114262268,13.340381781260172,0.21619266700961462,86.15583948150785,0.2806509912419784,0.4832097093264262,0.004771940807901602
