case_root,split,num_seeds,seeds,accuracy_mean,accuracy_std,brier_mean,brier_std,ece_mean,ece_std,error_mean,error_std,macro_f1_mean,macro_f1_std,nll_mean,nll_std
.,test,3,1 2 3,88.79196445147197,0.3744550004138772,0.16347160935401917,0.0034853947079774546,2.7158175989577122,0.2745893711550535,11.208035548528036,0.3744550004138772,88.3772133978015,0.42430571155753155,0.3959893087546031,0.007283486341368911
