case_root,split,num_seeds,seeds,accuracy_mean,accuracy_std,brier_mean,brier_std,ece_mean,ece_std,error_mean,error_std,macro_f1_mean,macro_f1_std,nll_mean,nll_std
.,test,2,1 2,93.74489188194275,0.23167133331298828,0.09777053445577621,0.004435218870639801,1.9891471771330949,0.3296160777539834,6.255108118057251,0.23167133331298828,93.7204458873497,0.2463596814433231,0.21063490211963654,0.012704133987426758
