case_root,split,num_seeds,seeds,accuracy_mean,accuracy_std,brier_mean,brier_std,ece_mean,ece_std,error_mean,error_std,macro_f1_mean,macro_f1_std,nll_mean,nll_std
.,test,3,1 2 3,97.07910617192586,0.250078710328778,0.04522251089413961,0.00401512002521244,1.0654296975348592,0.2016059792019051,2.920893828074137,0.250078710328778,95.62346641639246,0.31359603785283247,0.09471624592940013,0.007023352817259277
