case_root,split,num_seeds,seeds,accuracy_mean,accuracy_std,brier_mean,brier_std,ece_mean,ece_std,error_mean,error_std,macro_f1_mean,macro_f1_std,nll_mean,nll_std
.,test,3,1 2 3,94.42866841952006,0.2777894767121777,0.07982878635327022,0.000870693630505805,2.695872983552057,0.3574684105956006,5.5713315804799395,0.2777894767121777,91.91134465557491,0.27758993302772883,0.1618917683760325,0.001803872618292809
