case_root,split,num_seeds,seeds,accuracy_mean,accuracy_std,brier_mean,brier_std,ece_mean,ece_std,error_mean,error_std,macro_f1_mean,macro_f1_std,nll_mean,nll_std
.,test,3,1 2 3,94.49441234270732,0.29100776194134914,0.08234160145123799,0.0028072696487257912,1.2887303605492935,0.17690603542666178,5.505587657292684,0.29100776194134914,94.44675365173913,0.28157258950520836,0.16993874311447144,0.005469201224165181
