case_root,split,num_seeds,seeds,accuracy_mean,accuracy_std,brier_mean,brier_std,ece_mean,ece_std,error_mean,error_std,macro_f1_mean,macro_f1_std,nll_mean,nll_std
.,test,2,1 2,94.00381445884705,0.2725541591644287,0.09275731071829796,0.005324523895978928,1.2597458239601107,0.4125311986956229,5.996185541152954,0.2725541591644287,93.95297537873819,0.30010753989969174,0.19541624933481216,0.01567152887582779
