case_root,split,num_seeds,seeds,accuracy_mean,accuracy_std,brier_mean,brier_std,ece_mean,ece_std,error_mean,error_std,macro_f1_mean,macro_f1_std,nll_mean,nll_std
.,test,3,1 2 3,96.34888370831807,0.23186482934797717,0.05354588106274605,0.0027992822064982557,0.9646037027511829,0.13161032394880248,3.6511162916819253,0.23186482934797717,94.537804108425,0.5083468795001544,0.10455155620972316,0.004300778586822177
