case_root,split,num_seeds,seeds,accuracy_mean,accuracy_std,brier_mean,brier_std,ece_mean,ece_std,error_mean,error_std,macro_f1_mean,macro_f1_std,nll_mean,nll_std
.,test,3,1 2 3,97.14672168095906,0.3350779823965604,0.0442716379960378,0.003904861770282998,0.8366883292723701,0.13134560451326446,2.853278319040934,0.3350779823965604,95.71798860554391,0.4610740885324148,0.0882981742421786,0.004902624553356201
