case_root,split,num_seeds,seeds,accuracy_mean,accuracy_std,brier_mean,brier_std,ece_mean,ece_std,error_mean,error_std,macro_f1_mean,macro_f1_std,nll_mean,nll_std
.,test,2,1 2,96.75456285476685,0.04056692123413086,0.05001353658735752,0.0002869274467229843,0.586836206260124,0.006593953039776723,3.2454371452331543,0.04056692123413086,95.1909123935038,0.001670764516653378,0.10379387810826302,0.0004450790584087372
