case_root,split,num_seeds,seeds,accuracy_mean,accuracy_std,brier_mean,brier_std,ece_mean,ece_std,error_mean,error_std,macro_f1_mean,macro_f1_std,nll_mean,nll_std
.,test,3,1 2 3,99.03163313865662,0.05271121542470575,0.015107972547411919,0.0003247420215639276,0.9571616768144345,0.052916638011657725,0.9683668613433838,0.05271121542470575,98.1700133027793,0.16263318019768758,0.031059949348370235,0.001747329328340148
