case_root,split,num_seeds,seeds,accuracy_mean,accuracy_std,brier_mean,brier_std,ece_mean,ece_std,error_mean,error_std,macro_f1_mean,macro_f1_std,nll_mean,nll_std
.,test,3,1 2 3,73.86553883552551,0.11075682069499405,0.3474053641160329,0.003910849746278197,2.9264998947122423,0.33300295564233806,26.134461164474487,0.11075682069499405,72.12579677911228,0.3464515405899445,0.8612902561823527,0.008208890390433272
