case_root,split,num_seeds,seeds,accuracy_mean,accuracy_std,brier_mean,brier_std,ece_mean,ece_std,error_mean,error_std,macro_f1_mean,macro_f1_std,nll_mean,nll_std
.,test,3,1 2 3,93.90387932459514,0.10516760254727402,0.0921479935447375,0.002568029161433445,1.3039973621051297,0.06817620901832402,6.096120675404866,0.10516760254727402,93.8615555516061,0.11487532934829459,0.18722776571909586,0.006488619438007113
