case_root,split,num_seeds,seeds,accuracy_mean,accuracy_std,brier_mean,brier_std,ece_mean,ece_std,error_mean,error_std,macro_f1_mean,macro_f1_std,nll_mean,nll_std
.,test,3,1 2 3,97.30899333953857,0.16339345341209613,0.040027434627215065,0.0016488037667307862,0.5894675193967813,0.04864915138007718,2.691006660461426,0.16339345341209613,95.86515617558152,0.22092961368132744,0.07802051305770874,0.002285743632304194
