case_root,split,num_seeds,seeds,accuracy_mean,accuracy_std,brier_mean,brier_std,ece_mean,ece_std,error_mean,error_std,macro_f1_mean,macro_f1_std,nll_mean,nll_std
.,test,3,1 2 3,96.37593030929565,0.2893974359102539,0.05320654188593229,0.0013531442423527175,0.8654907853559839,0.12188013648710916,3.6240696907043457,0.2893974359102539,94.65307770304246,0.41711088990361106,0.10306483755509059,0.0009669673703848417
