case_root,split,num_seeds,seeds,accuracy_mean,accuracy_std,brier_mean,brier_std,ece_mean,ece_std,error_mean,error_std,macro_f1_mean,macro_f1_std,nll_mean,nll_std
.,test,3,1 2 3,97.37660686175029,0.1996593156971211,0.039254163702329,0.0015205346439684285,0.6900185171295614,0.23534885067656613,2.6233931382497153,0.1996593156971211,95.95714180261805,0.26532927393077366,0.07612302899360657,0.0022578705002584847
