case_root,split,num_seeds,seeds,accuracy_mean,accuracy_std,brier_mean,brier_std,ece_mean,ece_std,error_mean,error_std,macro_f1_mean,macro_f1_std,nll_mean,nll_std
.,test,3,1 2 3,92.63196190198262,0.6684837369864025,0.11425666759411494,0.008213602906927504,3.928886776216524,0.8520573183132231,7.368038098017375,0.6684837369864025,92.52076786469223,0.7631393575505868,0.23047481973965964,0.011015747709128396
