case_root,split,num_seeds,seeds,accuracy_mean,accuracy_std,brier_mean,brier_std,ece_mean,ece_std,error_mean,error_std,macro_f1_mean,macro_f1_std,nll_mean,nll_std
.,test,3,1 2 3,95.11832197507222,0.1699775062322782,0.07091351846853892,0.002173836869464526,1.6837545342748432,0.3215053159647715,4.881678024927775,0.1699775062322782,92.9585770771441,0.17944992718203423,0.13616756598154703,0.0039566300267189145
