case_root,split,num_seeds,seeds,accuracy_mean,accuracy_std,brier_mean,brier_std,ece_mean,ece_std,error_mean,error_std,macro_f1_mean,macro_f1_std,nll_mean,nll_std
.,test,3,1 2 3,86.87108953793843,0.3239884440830439,0.19263731439908346,0.0032889191005812724,3.3576450462708527,0.37507785803725674,13.128910462061564,0.3239884440830439,86.42061772584628,0.329692868825104,0.47251391410827637,0.013858937596177534
