case_root,split,num_seeds,seeds,accuracy_mean,accuracy_std,brier_mean,brier_std,ece_mean,ece_std,error_mean,error_std,macro_f1_mean,macro_f1_std,nll_mean,nll_std
.,test,3,1 2 3,88.79196445147197,0.3836720601269332,0.16617192327976227,0.006228730739221766,2.65988250016767,0.33883218819915045,11.208035548528036,0.3836720601269332,88.42194825427023,0.3923189341498351,0.40060890714327496,0.01344406429246828
