case_root,split,num_seeds,seeds,accuracy_mean,accuracy_std,brier_mean,brier_std,ece_mean,ece_std,error_mean,error_std,macro_f1_mean,macro_f1_std,nll_mean,nll_std
.,test,3,1 2 3,92.64104564984639,0.674628206855853,0.1142011930545171,0.008230636483393882,3.9353959876314604,0.829669800297382,7.358954350153605,0.674628206855853,92.52969174401133,0.7687788180483481,0.23036150137583414,0.011039802909179025
