case_root,split,num_seeds,seeds,accuracy_mean,accuracy_std,brier_mean,brier_std,ece_mean,ece_std,error_mean,error_std,macro_f1_mean,macro_f1_std,nll_mean,nll_std
.,test,3,1 2 3,93.80394419034322,0.3086273997833627,0.0922219529747963,0.001444978645238337,2.1709162311732872,0.3309429632985129,6.196055809656779,0.3086273997833627,93.76358622970679,0.29978955872975876,0.18242847422758737,0.0026473236093225105
