case_root,split,num_seeds,seeds,accuracy_mean,accuracy_std,brier_mean,brier_std,ece_mean,ece_std,error_mean,error_std,macro_f1_mean,macro_f1_std,nll_mean,nll_std
.,test,3,1 2 3,94.34698025385539,0.4433814335040054,0.09482141832510631,0.006742622628180521,5.561123689860713,0.5617323109098401,5.653019746144612,0.4433814335040054,94.322517491396,0.4366540642715106,0.19372273484865823,0.010484909410795929
