case_root,split,num_seeds,seeds,accuracy_mean,accuracy_std,brier_mean,brier_std,ece_mean,ece_std,error_mean,error_std,macro_f1_mean,macro_f1_std,nll_mean,nll_std
.,test,3,1 2 3,94.2799190680186,0.17527189079380492,0.08580085386832555,0.00221764351549535,1.3959331733903182,0.11658726396436268,5.720080931981404,0.17527189079380492,91.46684652813816,0.10801378942549669,0.17031480371952057,0.004746931932458771
