case_root,split,num_seeds,seeds,accuracy_mean,accuracy_std,brier_mean,brier_std,ece_mean,ece_std,error_mean,error_std,macro_f1_mean,macro_f1_std,nll_mean,nll_std
.,test,3,1 2 3,96.47058844566345,0.4306055157213521,0.054023747642834984,0.0026035079098743353,1.0771019824297545,0.043896548455029584,3.529411554336548,0.4306055157213521,94.80972215099537,0.5777227368939558,0.10365717361370723,0.002734540302435907
