case_root,split,num_seeds,seeds,accuracy_mean,accuracy_std,brier_mean,brier_std,ece_mean,ece_std,error_mean,error_std,macro_f1_mean,macro_f1_std,nll_mean,nll_std
.,test,3,1 2 3,92.98628171284993,0.5361001533950274,0.10464364538590114,0.007543311342756784,1.9471219851057244,0.5089121811776093,7.013718287150065,0.5361001533950274,92.87514442676911,0.6350272527547833,0.22079352537790933,0.017141641738233734
