case_root,split,num_seeds,seeds,accuracy_mean,accuracy_std,brier_mean,brier_std,ece_mean,ece_std,error_mean,error_std,macro_f1_mean,macro_f1_std,nll_mean,nll_std
.,test,3,1 2 3,74.03295437494914,0.6494154541009584,0.33922435839970905,0.004798939225166925,2.771843441867316,0.46742225794692743,25.96704562505086,0.6494154541009584,72.43931150417328,0.6601037275316095,0.8311470548311869,0.012641232522320434
