case_root,split,num_seeds,seeds,accuracy_mean,accuracy_std,brier_mean,brier_std,ece_mean,ece_std,error_mean,error_std,macro_f1_mean,macro_f1_std,nll_mean,nll_std
.,test,3,1 2 3,86.86659733454387,0.2193715367093027,0.19319644570350647,0.006582942453168642,2.4469728787390785,0.4816888373354951,13.133402665456137,0.2193715367093027,85.86600524284694,0.19052709051608832,0.4531332850456238,0.020511874580663756
