case_root,split,num_seeds,seeds,accuracy_mean,accuracy_std,brier_mean,brier_std,ece_mean,ece_std,error_mean,error_std,macro_f1_mean,macro_f1_std,nll_mean,nll_std
.,test,3,1 2 3,81.71645005544026,0.5719902876206547,0.2542371054490407,0.005340558163244367,2.587726993010489,0.5081180823597562,18.283549944559734,0.5719902876206547,80.73149439179824,0.4866339173888309,0.6385862231254578,0.01583823672924571
