case_root,split,num_seeds,seeds,accuracy_mean,accuracy_std,brier_mean,brier_std,ece_mean,ece_std,error_mean,error_std,macro_f1_mean,macro_f1_std,nll_mean,nll_std
.,test,3,1 2 3,81.93673292795818,0.5323391937000395,0.2534628063440323,0.004461552202301182,2.611653780777535,0.43101382332038934,18.06326707204183,0.5323391937000395,80.99160798028242,0.37939314212227543,0.6417991121610006,0.022496613833303526
