case_root,split,num_seeds,seeds,accuracy_mean,accuracy_std,brier_mean,brier_std,ece_mean,ece_std,error_mean,error_std,macro_f1_mean,macro_f1_std,nll_mean,nll_std
.,test,3,1 2 3,84.09551580746968,0.20399757402286095,0.2260505606730779,0.0028992029465011375,4.074661897839886,0.4345704984371754,15.904484192530314,0.20399757402286095,83.4178105441334,0.31950130812084926,0.5671334067980448,0.019796356852654837
