case_root,split,num_seeds,seeds,accuracy_mean,accuracy_std,brier_mean,brier_std,ece_mean,ece_std,error_mean,error_std,macro_f1_mean,macro_f1_std,nll_mean,nll_std
.,test,3,1 2 3,92.63196190198262,0.2579281960388167,0.11758426576852798,0.0025089038378337787,5.8436762007801,0.4543107728419344,7.368038098017375,0.2579281960388167,92.51316208760043,0.25265904137561085,0.24260792632897696,0.0038763080964546934
