case_root,split,num_seeds,seeds,accuracy_mean,accuracy_std,brier_mean,brier_std,ece_mean,ece_std,error_mean,error_std,macro_f1_mean,macro_f1_std,nll_mean,nll_std
.,test,3,1 2 3,93.84936690330505,0.33479693384192283,0.09220252186059952,0.0038390179526080178,1.4947361374996313,0.08171992480940223,6.150633096694946,0.33479693384192283,93.78541790811452,0.3799794947023941,0.1818664868672689,0.005902326797556123
