case_root,split,num_seeds,seeds,accuracy_mean,accuracy_std,brier_mean,brier_std,ece_mean,ece_std,error_mean,error_std,macro_f1_mean,macro_f1_std,nll_mean,nll_std
.,test,3,1 2 3,95.99729379018147,0.10119433533565217,0.05857866505781809,0.0011271800604355025,1.4359869051817868,0.25451822148040576,4.002706209818522,0.10119433533565217,94.01135984121994,0.23632689207513738,0.1151202991604805,0.0023542387881561617
