case_root,split,num_seeds,seeds,accuracy_mean,accuracy_std,brier_mean,brier_std,ece_mean,ece_std,error_mean,error_std,macro_f1_mean,macro_f1_std,nll_mean,nll_std
.,test,3,1 2 3,98.9885946114858,0.16103542310455862,0.016739053651690483,0.0008866207783123081,1.1369737096440287,0.20729011364737812,1.011405388514201,0.16103542310455862,98.14178936276386,0.3874306377722218,0.03522817169626554,0.00029034107796898056
