case_root,split,num_seeds,seeds,accuracy_mean,accuracy_std,brier_mean,brier_std,ece_mean,ece_std,error_mean,error_std,macro_f1_mean,macro_f1_std,nll_mean,nll_std
.,test,3,1 2 3,95.81782619158427,0.1807194068270864,0.06442530080676079,0.002919520610374126,1.1909815487911488,0.3360256804356847,4.1821738084157305,0.1807194068270864,95.8049825786816,0.18548666836607663,0.12296418100595474,0.004117509563846528
