case_root,split,num_seeds,seeds,accuracy_mean,accuracy_std,brier_mean,brier_std,ece_mean,ece_std,error_mean,error_std,macro_f1_mean,macro_f1_std,nll_mean,nll_std
.,test,3,1 2 3,73.30161333084106,0.29197550588571436,0.3521096309026082,0.0021175911950597082,2.484674118304948,0.4709489821883563,26.698386669158936,0.29197550588571436,71.68053221662257,0.21682120808588734,0.8579193552335104,0.003178797329669657
