case_root,split,num_seeds,seeds,accuracy_mean,accuracy_std,brier_mean,brier_std,ece_mean,ece_std,error_mean,error_std,macro_f1_mean,macro_f1_std,nll_mean,nll_std
.,test,3,1 2 3,99.03163313865662,0.19005299000580492,0.01665252074599266,0.0008607791560169637,1.20679092536774,0.182487484558027,0.9683668613433838,0.19005299000580492,98.21396995647024,0.46251326704731394,0.03498270238439242,0.00036852377566005284
