fold,delta_auroc,delta_eaurc
1,-0.000647548566142353,1.862598706476367e-05
2,-0.025675195451314692,0.0016047881245429617
3,0.00035536602700791953,-2.0130679446051652e-05
4,0.0002665245202557731,-1.5962061907006872e-05
5,0.0008884150675194658,-5.3966738301526596e-05
