{
  "method_alias": "CLAP",
  "run_tag": "CLAP",
  "dataset": "caltech101",
  "shots": 16,
  "seed": 1,
  "n_samples": 2465,
  "adapter_accuracy": 0.9517241379310345,
  "heldout_confidence_only_auroc": 0.9563210227272727,
  "heldout_confidence_plus_js_auroc": 0.9562026515151516,
  "heldout_delta_auroc": -0.00011837121212110446,
  "heldout_confidence_only_eaurc": 0.00220683435862762,
  "heldout_confidence_plus_js_eaurc": 0.0022100122145809267,
  "heldout_delta_eaurc": 3.177855953306538e-06,
  "cv_mean_delta_auroc": -0.004962487680534778,
  "cv_mean_delta_eaurc": 0.00030667092639062804,
  "cv_js_coef_positive_fraction": 0.0,
  "preliminary_decision": "KILL_OR_PAUSE",
  "reasons": [
    "held-out AUROC gain from JS is < 0.01",
    "held-out E-AURC did not decrease",
    "JS coefficient sign is not stable across CV folds"
  ]
}