features,n_train,n_test,test_error_rate,heldout_auroc,heldout_aurc,heldout_eaurc,model_name,delta_vs_conf_auroc,delta_vs_conf_eaurc
"['entropy_ad', 'margin_ad', 'msp_ad']",1725,740,0.04864864864864865,0.9563210227272727,0.0034427056275409887,0.00220683435862762,confidence_only,0.0,0.0
"['entropy_ad', 'margin_ad', 'msp_ad', 'js_zs_ad']",1725,740,0.04864864864864865,0.9562026515151516,0.0034458834834942952,0.0022100122145809267,confidence_plus_js,-0.00011837121212110446,3.177855953306538e-06
