case_root,split,num_seeds,seeds,accuracy_mean,accuracy_std,brier_mean,brier_std,ece_mean,ece_std,error_mean,error_std,macro_f1_mean,macro_f1_std,nll_mean,nll_std
.,test,3,1 2 3,93.81302793820699,0.3676953393080374,0.0925201028585434,0.0038471727199560885,1.534156171848504,0.09974821038059156,6.18697206179301,0.3676953393080374,93.74618158481728,0.4169814674862264,0.18233382205168405,0.005795922815500469
