case_root,split,num_seeds,seeds,accuracy_mean,accuracy_std,brier_mean,brier_std,ece_mean,ece_std,error_mean,error_std,macro_f1_mean,macro_f1_std,nll_mean,nll_std
.,test,3,1 2 3,97.14672168095906,0.20238813966465552,0.04132433235645294,0.0013646915267184164,0.8144141134174391,0.06827353854337108,2.853278319040934,0.20238813966465552,95.70968121548599,0.2998083552897279,0.0810997262597084,0.0019156106519782248
