case_root,split,num_seeds,seeds,accuracy_mean,accuracy_std,brier_mean,brier_std,ece_mean,ece_std,error_mean,error_std,macro_f1_mean,macro_f1_std,nll_mean,nll_std
.,test,3,1 2 3,84.02275045712788,0.7469134649670772,0.2324637621641159,0.006856652674724123,1.8144718090426055,0.425288782068423,15.97724954287211,0.7469134649670772,82.92447063631606,0.5336613716476282,0.534095843633016,0.014296106560021858
