case_root,split,num_seeds,seeds,accuracy_mean,accuracy_std,brier_mean,brier_std,ece_mean,ece_std,error_mean,error_std,macro_f1_mean,macro_f1_std,nll_mean,nll_std
.,test,3,1 2 3,92.64104564984639,0.674628206855853,0.11425279825925827,0.00821127828251453,3.9334181000667163,0.8666357871085737,7.358954350153605,0.674628206855853,92.52990892646487,0.7689181332180558,0.23047709465026855,0.011012774579014171
