case_root,split,num_seeds,seeds,accuracy_mean,accuracy_std,brier_mean,brier_std,ece_mean,ece_std,error_mean,error_std,macro_f1_mean,macro_f1_std,nll_mean,nll_std
.,test,3,1 2 3,83.67804090181987,0.9116859532758855,0.23375838001569113,0.00765855654448549,1.949422377470196,0.1601728431209511,16.321959098180134,0.9116859532758855,82.55023183982324,0.6902747243231905,0.5375349720319113,0.014605843775463269
