case_root,split,num_seeds,seeds,accuracy_mean,accuracy_std,brier_mean,brier_std,ece_mean,ece_std,error_mean,error_std,macro_f1_mean,macro_f1_std,nll_mean,nll_std
.,test,3,1 2 3,95.94320456186931,0.0876364052820576,0.06207828844587008,0.00188339202933778,0.8959872276094655,0.13050076259948326,4.056795438130696,0.0876364052820576,93.97833168693182,0.21852408326796402,0.12394506732622783,0.0039783284278202494
