case_root,split,num_seeds,seeds,accuracy_mean,accuracy_std,brier_mean,brier_std,ece_mean,ece_std,error_mean,error_std,macro_f1_mean,macro_f1_std,nll_mean,nll_std
.,test,3,1 2 3,86.02206110954285,0.3054141617134566,0.19965066015720367,0.0038343642350165525,2.2853248745911863,0.3926874281163911,13.977938890457153,0.3054141617134566,85.11156895227552,0.36295456893503597,0.4602173368136088,0.018240452964918222
