case_root,split,num_seeds,seeds,accuracy_mean,accuracy_std,brier_mean,brier_std,ece_mean,ece_std,error_mean,error_std,macro_f1_mean,macro_f1_std,nll_mean,nll_std
.,test,2,1 2,86.32037937641144,0.27755796909332275,0.19690942019224167,0.0034707114100456238,4.383069600002998,0.3973422636517512,13.679620623588562,0.27755796909332275,85.6035352645352,0.362984992965373,0.49531368911266327,0.007550135254859924
