case_root,split,num_seeds,seeds,accuracy_mean,accuracy_std,brier_mean,brier_std,ece_mean,ece_std,error_mean,error_std,macro_f1_mean,macro_f1_std,nll_mean,nll_std
.,test,3,1 2 3,94.71912185351054,0.18072135506206746,0.08629072209199269,0.0008907084186403357,4.274518407872018,0.7079297408944883,5.280878146489461,0.18072135506206746,94.67310669844564,0.20613894598124335,0.1758956958850225,0.0033327122902342627
