case_root,split,num_seeds,seeds,accuracy_mean,accuracy_std,brier_mean,brier_std,ece_mean,ece_std,error_mean,error_std,macro_f1_mean,macro_f1_std,nll_mean,nll_std
.,test,3,1 2 3,74.06820058822632,0.4674193533131113,0.3465318779150645,0.0023427011908245692,3.785437564577696,0.6881357610584602,25.93179941177368,0.4674193533131113,72.26192563490115,0.4688775006450823,0.8484952847162882,0.009107716401776631
