case_root,split,num_seeds,seeds,accuracy_mean,accuracy_std,brier_mean,brier_std,ece_mean,ece_std,error_mean,error_std,macro_f1_mean,macro_f1_std,nll_mean,nll_std
.,test,3,1 2 3,97.84807364145915,0.12173133765906487,0.03477893148859342,0.001360669222806342,2.592325459084307,0.14352625222385607,2.151926358540853,0.12173133765906487,95.63099836706002,0.31205452796224503,0.07561171054840088,0.002168808316854629
