case_root,split,num_seeds,seeds,accuracy_mean,accuracy_std,brier_mean,brier_std,ece_mean,ece_std,error_mean,error_std,macro_f1_mean,macro_f1_std,nll_mean,nll_std
.,test,3,1 2 3,81.76050782203674,0.18815882264489273,0.2546616693337758,0.0038066906023938316,1.8884464858103263,0.06463878288779715,18.239492177963257,0.18815882264489273,80.79654666962504,0.15656347554484829,0.6228981018066406,0.013898379619646914
