case_root,split,num_seeds,seeds,accuracy_mean,accuracy_std,brier_mean,brier_std,ece_mean,ece_std,error_mean,error_std,macro_f1_mean,macro_f1_std,nll_mean,nll_std
.,test,3,1 2 3,98.38605523109436,0.15813364627411725,0.027814490720629692,0.001189352697784944,1.9850386296622802,0.27782677858453725,1.6139447689056396,0.15813364627411725,96.95666717616551,0.35998641944418164,0.05732867121696472,0.000998892597522025
