case_root,split,num_seeds,seeds,accuracy_mean,accuracy_std,brier_mean,brier_std,ece_mean,ece_std,error_mean,error_std,macro_f1_mean,macro_f1_std,nll_mean,nll_std
.,test,3,1 2 3,94.86139019330342,0.48266579969042206,0.07139987995227177,0.005610808208492531,1.057687324797325,0.12022234971532443,5.138609806696574,0.48266579969042206,92.38327884342492,0.32925069523738176,0.13828328748544058,0.007052124620073427
