case_root,split,num_seeds,seeds,accuracy_mean,accuracy_std,brier_mean,brier_std,ece_mean,ece_std,error_mean,error_std,macro_f1_mean,macro_f1_std,nll_mean,nll_std
.,test,2,1 2,85.21015048027039,0.039649009704589844,0.21760012954473495,0.002953164279460907,5.78029145351989,0.13534139320864869,14.789849519729614,0.039649009704589844,84.43553506458082,0.019096083925596474,0.5881078541278839,0.019949406385421753
