case_root,split,num_seeds,seeds,accuracy_mean,accuracy_std,brier_mean,brier_std,ece_mean,ece_std,error_mean,error_std,macro_f1_mean,macro_f1_std,nll_mean,nll_std
.,test,3,1 2 3,95.25075356165569,0.239069451042306,0.07468460003534953,0.0052715309742366444,3.468882175924591,0.4016257542435777,4.749246438344319,0.239069451042306,95.23080887095384,0.2502036739883127,0.14989547928174338,0.009153510633445995
