case_root,split,num_seeds,seeds,accuracy_mean,accuracy_std,brier_mean,brier_std,ece_mean,ece_std,error_mean,error_std,macro_f1_mean,macro_f1_std,nll_mean,nll_std
.,test,3,1 2 3,94.14917627970378,0.1413296222166306,0.08793409913778305,0.0008576378581826739,0.6685604594909843,0.2240157123281998,5.850823720296224,0.1413296222166306,94.11681452098634,0.158285205627785,0.17386648058891296,0.0018858515836262905
