case_root,split,num_seeds,seeds,accuracy_mean,accuracy_std,brier_mean,brier_std,ece_mean,ece_std,error_mean,error_std,macro_f1_mean,macro_f1_std,nll_mean,nll_std
.,test,3,1 2 3,95.44568459192912,0.2468248773155191,0.07027133057514827,0.004172567921724016,1.941199251339196,0.2968808244376761,4.554315408070882,0.2468248773155191,95.44032190849886,0.24362479786445393,0.13838650286197662,0.005484673837206406
