method,acc,nll,ece15,beta_beta_u,beta_beta_m,beta_beta_d
C_only,0.9275,0.19620101435806028,0.02167896515993807,,,
R_only,0.015,7.538577651643691,0.3352816103181531,,,
orig_prob_0.7C_0.3R,0.9275,0.5369449566293248,0.26886942206107467,,,
no_beta,0.9275,0.19813493068041438,0.026009288566091592,,,
beta_tuned,0.9275,0.2032094589528649,0.026751437543760838,2.0,2.0,2.0
