method,acc,nll,ece15,beta_beta_u,beta_beta_m,beta_beta_d
C_only,0.9525,0.17114456944655895,0.014860225478733603,,,
R_only,0.0075,7.590006937559371,0.36325350135015494,,,
orig_prob_0.7C_0.3R,0.9525,0.5138112667772323,0.283019177094353,,,
no_beta,0.9525,0.1727179977930949,0.0099847528805612,,,
beta_tuned,0.9525,0.1786532192353596,0.014387044476788765,2.0,2.0,2.0
