case_root,split,num_seeds,seeds,accuracy_mean,accuracy_std,brier_mean,brier_std,ece_mean,ece_std,error_mean,error_std,macro_f1_mean,macro_f1_std,nll_mean,nll_std,accuracy_calibrated_mean,accuracy_calibrated_std,brier_calibrated_mean,brier_calibrated_std,ece_calibrated_mean,ece_calibrated_std,error_calibrated_mean,error_calibrated_std,macro_f1_calibrated_mean,macro_f1_calibrated_std,nll_calibrated_mean,nll_calibrated_std,temperature_mean,temperature_std
fewshot_train/caltech101/shots_1/ViT-B-16,test,3,1 2 3,88.16768129666646,1.9888878432541746,0.9799224336942037,8.006755529546775e-05,86.64395188291867,1.989293877566361,11.832318703333536,1.9888878432541746,82.25507360400468,2.541737866189838,4.205949942270915,0.0032677273978758206,88.16768129666646,1.9888878432541746,0.18706023196379343,0.030830526720766357,4.447553160123682,0.9735311436538835,11.832318703333536,1.9888878432541746,82.25507360400468,2.541737866189838,0.4977516531944275,0.08540340828429965,0.040344598392645516,0.0016466397595925292
