case_root,split,num_seeds,seeds,accuracy_mean,accuracy_std,brier_mean,brier_std,ece_mean,ece_std,error_mean,error_std,macro_f1_mean,macro_f1_std,nll_mean,nll_std,accuracy_calibrated_mean,accuracy_calibrated_std,brier_calibrated_mean,brier_calibrated_std,ece_calibrated_mean,ece_calibrated_std,error_calibrated_mean,error_calibrated_std,macro_f1_calibrated_mean,macro_f1_calibrated_std,nll_calibrated_mean,nll_calibrated_std,temperature_mean,temperature_std
fewshot_train/caltech101/shots_1/ViT-B-16,test,3,1 2 3,93.10344854990642,0.4306070131673742,0.987419327100118,2.8316214484087413e-06,91.9728225717942,0.43050653922844895,6.896551450093587,0.4306070131673742,90.11619067860165,0.45303631501803404,4.483840306599935,0.00012485021848706977,93.10344854990642,0.4306070131673742,0.10485983391602834,0.003046201852308574,1.8354398834294285,0.41849679673494994,6.896551450093587,0.4306070131673742,90.11619067860165,0.45303631501803404,0.21800858279069266,0.005054778631207301,0.008110550542672476,0.0009870655611726692
