case_root,split,num_seeds,seeds,accuracy_mean,accuracy_std,brier_mean,brier_std,ece_mean,ece_std,error_mean,error_std,macro_f1_mean,macro_f1_std,nll_mean,nll_std
.,test,3,1 2 3,84.53981280326843,0.7504816075084088,0.2227619687716166,0.00511540362955076,1.855158851947796,0.08828211025561539,15.460187196731567,0.7504816075084088,83.40019926882319,0.5504862020824381,0.5172117749849955,0.011413196208862188
