case_root,split,num_seeds,seeds,accuracy_mean,accuracy_std,brier_mean,brier_std,ece_mean,ece_std,error_mean,error_std,macro_f1_mean,macro_f1_std,nll_mean,nll_std
.,test,3,1 2 3,97.17376629511516,0.37230297698440595,0.0440355638662974,0.002308184275343798,0.8459093646877437,0.13579783611536017,2.826233704884847,0.37230297698440595,95.74286267691002,0.611123442698486,0.08674241105715434,0.0022661578690714584
