case_root,split,num_seeds,seeds,accuracy_mean,accuracy_std,brier_mean,brier_std,ece_mean,ece_std,error_mean,error_std,macro_f1_mean,macro_f1_std,nll_mean,nll_std
.,test,3,1 2 3,96.34888569513957,0.30358247499403845,0.05324521784981092,0.001285718029935991,1.004549568371647,0.17816163477923594,3.651114304860433,0.30358247499403845,94.6132821512667,0.4388201943728663,0.10311752061049144,0.0009045609774416899
