case_root,split,num_seeds,seeds,accuracy_mean,accuracy_std,brier_mean,brier_std,ece_mean,ece_std,error_mean,error_std,macro_f1_mean,macro_f1_std,nll_mean,nll_std
.,test,3,1 2 3,94.2672848701477,0.1784943295994518,0.0862678090731303,0.0021577386344472484,1.7752564043020524,0.12116408756700578,5.732715129852295,0.1784943295994518,94.2092363380855,0.16155675183303336,0.18319041530291238,0.005692429744021863
