case_root,split,num_seeds,seeds,accuracy_mean,accuracy_std,brier_mean,brier_std,ece_mean,ece_std,error_mean,error_std,macro_f1_mean,macro_f1_std,nll_mean,nll_std
.,test,3,1 2 3,78.14785440762837,0.4690762900130377,0.30197038253148395,0.0059919151605743026,1.7943274488752872,0.21654767671907635,21.852145592371624,0.4690762900130377,76.81450071850998,0.544024601005541,0.7449894547462463,0.022602749295490814
