case_root,split,num_seeds,seeds,accuracy_mean,accuracy_std,brier_mean,brier_std,ece_mean,ece_std,error_mean,error_std,macro_f1_mean,macro_f1_std,nll_mean,nll_std
.,test,3,1 2 3,79.31747635205586,0.9543507957441755,0.2835656901200612,0.01200812673282464,2.015503089116056,0.31631072090216394,20.682523647944134,0.9543507957441755,77.75071917669581,1.0606098895187557,0.638042688369751,0.03656937811442257
