case_root,split,num_seeds,seeds,accuracy_mean,accuracy_std,brier_mean,brier_std,ece_mean,ece_std,error_mean,error_std,macro_f1_mean,macro_f1_std,nll_mean,nll_std
.,test,3,1 2 3,83.31609765688579,0.8146349899719383,0.23969912032286325,0.007969728400273731,2.239152836243846,0.6768993606475061,16.683902343114216,0.8146349899719383,82.10848447313816,0.8205738577734687,0.532038410504659,0.020886154131784823
