case_root,split,num_seeds,seeds,accuracy_mean,accuracy_std,brier_mean,brier_std,ece_mean,ece_std,error_mean,error_std,macro_f1_mean,macro_f1_std,nll_mean,nll_std
.,test,3,1 2 3,97.05206354459126,0.22546739676396388,0.046391925464073815,0.0027867356890681058,0.984186697159368,0.12364081603085476,2.947936455408732,0.22546739676396388,95.62458717843268,0.338449495533273,0.09784800559282303,0.0048974361263550035
