case_root,split,num_seeds,seeds,accuracy_mean,accuracy_std,brier_mean,brier_std,ece_mean,ece_std,error_mean,error_std,macro_f1_mean,macro_f1_std,nll_mean,nll_std
.,test,3,1 2 3,97.91263143221538,0.13265364977947272,0.03433971355358759,0.0018192770888294024,2.867611218504375,0.29858568506230154,2.0873685677846274,0.13265364977947272,95.9421555233895,0.34715403437479286,0.07482079416513443,0.004267352190628331
