case_root,split,num_seeds,seeds,accuracy_mean,accuracy_std,brier_mean,brier_std,ece_mean,ece_std,error_mean,error_std,macro_f1_mean,macro_f1_std,nll_mean,nll_std
.,test,3,1 2 3,96.40297492345174,0.16671677665246415,0.053063008934259415,0.00258428304907527,0.9085152683586909,0.1758874687417755,3.5970250765482583,0.16671677665246415,94.64675953023676,0.3392504914228884,0.10512035588423412,0.004985938522021474
