case_name,method,n,acc,acc_main,acc_rep,nll,brier,conf,entropy,margin,branch_same_pred,js_main_rep,symkl_main_rep,ece,mc_acc,mc_predictive_entropy,mc_expected_entropy,mc_mutual_info,mc_sample_agreement,mc_variation_ratio,mc_vote_entropy
BayesMMRL_caltech101_16shot_seed1,MMRL,2465,0.9699797160243407,0.9655172413793104,0.9594320486815415,0.10347294366744339,0.04968906180400336,0.9767981320196426,0.07319975073921937,0.9585826813751496,0.9671399594320487,0.017523655975917988,0.12958418602565294,0.014354371465742588,,,,,,,
MMRL_caltech101_16shot_seed1,BayesMMRL,2465,0.9614604462474645,0.9496957403651115,0.9525354969574037,0.09870068200941738,0.05194439352275585,0.9679098716251265,0.0953820167572235,0.9418030470609665,0.9488843813387424,0.0267269006374708,0.224485828792221,0.00908017996698618,0.9691683569979715,0.1093450585430121,0.10048640755864698,0.008858650984365125,0.9867748482957573,0.013225151704242698,0.02830262905927507
