case_root,split,num_seeds,seeds,accuracy_mean,accuracy_std,brier_mean,brier_std,ece_mean,ece_std,error_mean,error_std,macro_f1_mean,macro_f1_std,nll_mean,nll_std
.,test,3,1 2 3,94.276096423467,0.22275016847614648,0.09249807645877202,0.0057010352873608505,3.9904353689602368,0.14897094939919248,5.723903576533,0.22275016847614648,94.22650789299658,0.23141357909991142,0.18362036844094595,0.011781603733391518
