case_root,split,num_seeds,seeds,accuracy_mean,accuracy_std,brier_mean,brier_std,ece_mean,ece_std,error_mean,error_std,macro_f1_mean,macro_f1_std,nll_mean,nll_std
.,test,3,1 2 3,96.88978989919026,0.13386661954508514,0.04847918699185053,0.0007530461541207481,0.7694850284719564,0.09192173721178469,3.110210100809733,0.13386661954508514,95.23705518616882,0.21106745517758813,0.09964700291554134,0.0019749199532489692
