case_root,split,num_seeds,seeds,accuracy_mean,accuracy_std,brier_mean,brier_std,ece_mean,ece_std,error_mean,error_std,macro_f1_mean,macro_f1_std,nll_mean,nll_std
.,test,3,1 2 3,79.43812410036723,1.0832279227016275,0.2774273157119751,0.010498261644181564,2.2536066583890992,0.6041093174353558,20.56187589963277,1.0832279227016275,77.84377347065977,1.2814396447346208,0.6225877404212952,0.034400815953761626
