case_root,split,num_seeds,seeds,accuracy_mean,accuracy_std,brier_mean,brier_std,ece_mean,ece_std,error_mean,error_std,macro_f1_mean,macro_f1_std,nll_mean,nll_std
.,test,3,1 2 3,77.25790739059448,0.620057316181157,0.30825740098953247,0.010057281413668774,3.1331130014830135,0.4237633365840366,22.742092609405518,0.620057316181157,75.94641304767418,0.7768498670216262,0.7677453955014547,0.03187404971313265
