case_root,split,num_seeds,seeds,accuracy_mean,accuracy_std,brier_mean,brier_std,ece_mean,ece_std,error_mean,error_std,macro_f1_mean,macro_f1_std,nll_mean,nll_std
.,test,3,1 2 3,84.47440266609192,0.18100975041178688,0.22216699024041495,0.00510293982576008,3.387820440611132,0.19227835020425468,15.525597333908081,0.18100975041178688,83.82761327282489,0.22311562143074531,0.5473336378733317,0.025348443962991265
