case_root,split,num_seeds,seeds,accuracy_mean,accuracy_std,brier_mean,brier_std,ece_mean,ece_std,error_mean,error_std,macro_f1_mean,macro_f1_std,nll_mean,nll_std
.,test,3,1 2 3,94.47624286015828,0.34211431113293267,0.08234186718861262,0.0027615802790037763,1.3131431350539489,0.19792926618447157,5.523757139841716,0.34211431113293267,94.42968310979248,0.33347261010302975,0.16993015011151633,0.0052943089936226834
