case_root,split,num_seeds,seeds,accuracy_mean,accuracy_std,brier_mean,brier_std,ece_mean,ece_std,error_mean,error_std,macro_f1_mean,macro_f1_std,nll_mean,nll_std
.,test,3,1 2 3,94.50349609057109,0.16098841653303783,0.07948297013839085,0.0019209300596396838,0.8407126566234571,0.3560343158245677,5.496503909428914,0.16098841653303783,94.46788243523815,0.15810280213160594,0.15997535487016043,0.00455891944786815
