case_root,split,num_seeds,seeds,accuracy_mean,accuracy_std,brier_mean,brier_std,ece_mean,ece_std,error_mean,error_std,macro_f1_mean,macro_f1_std,nll_mean,nll_std
.,test,3,1 2 3,91.38729770978291,0.9904870211203495,0.12562754998604456,0.010984127524295874,1.2581132895898632,0.1945496442488564,8.612702290217081,0.9904870211203495,91.27622537309135,1.037502625744813,0.2477248708407084,0.023326657462749582
