case_name,logits_rep_agree,logits_fusion_agree,rep_fusion_agree,all_three_agree
case_A,0.9536105394363403,0.9777281880378723,0.9747869968414307,0.9536105394363403
