case_name,logits_rep_agree,logits_fusion_agree,rep_fusion_agree,all_three_agree
case_A,0.8022997379302979,0.9095030426979065,0.873909592628479,0.8022997379302979
