case_root,split,num_seeds,seeds,accuracy_mean,accuracy_std,brier_mean,brier_std,ece_mean,ece_std,error_mean,error_std,macro_f1_mean,macro_f1_std,nll_mean,nll_std
.,test,3,1 2 3,96.9979723294576,0.14438431330816764,0.047615294655164085,0.0016240298014107172,0.9791244245042987,0.18357539444654297,3.002027670542399,0.14438431330816764,95.51583263819649,0.22147711025675573,0.09877946724494298,0.0038708709410521947
