case_root,split,num_seeds,seeds,accuracy_mean,accuracy_std,brier_mean,brier_std,ece_mean,ece_std,error_mean,error_std,macro_f1_mean,macro_f1_std,nll_mean,nll_std
.,test,3,1 2 3,81.36399586995442,0.6821815385594754,0.2604362666606903,0.0073460781095559475,2.285687126208112,0.39440972176082956,18.636004130045574,0.6821815385594754,80.40336811185335,0.5834348267028181,0.6564797957738241,0.026787350630624186
