case_root,split,num_seeds,seeds,accuracy_mean,accuracy_std,brier_mean,brier_std,ece_mean,ece_std,error_mean,error_std,macro_f1_mean,macro_f1_std,nll_mean,nll_std
.,test,3,1 2 3,94.17643348375957,0.16098841653303783,0.08798318356275558,0.0009905660462995783,0.65078303898844,0.29410310430609776,5.8235665162404375,0.16098841653303783,94.1477126290406,0.1810961372840835,0.17390762766202292,0.0018884510688997403
