case_root,split,num_seeds,seeds,accuracy_mean,accuracy_std,brier_mean,brier_std,ece_mean,ece_std,error_mean,error_std,macro_f1_mean,macro_f1_std,nll_mean,nll_std
.,test,3,1 2 3,93.45870812733968,0.41214752253961506,0.09766297787427902,0.004200434137497561,0.9837879464835771,0.30254473519582387,6.541291872660319,0.41214752253961506,93.38412855828926,0.46309725354020725,0.19680951038996378,0.007580185344119546
