case_root,split,num_seeds,seeds,accuracy_mean,accuracy_std,brier_mean,brier_std,ece_mean,ece_std,error_mean,error_std,macro_f1_mean,macro_f1_std,nll_mean,nll_std
.,test,3,1 2 3,99.09619092941284,0.09129850324429865,0.01478788691262404,0.0005250959779025379,0.874813382974973,0.10728564995914508,0.9038090705871582,0.09129850324429865,98.31961301114748,0.20745260762650536,0.030827782427271206,0.0017870873367141027
