case_root,split,num_seeds,seeds,accuracy_mean,accuracy_std,brier_mean,brier_std,ece_mean,ece_std,error_mean,error_std,macro_f1_mean,macro_f1_std,nll_mean,nll_std
.,test,3,1 2 3,97.13319738705952,0.2817129639385399,0.044104114174842834,0.003812686171527759,0.753257883771841,0.14067425945171672,2.8668026129404702,0.2817129639385399,95.69552712985835,0.3851459629928415,0.09098507463932037,0.006281254304368391
