case_root,split,num_seeds,seeds,accuracy_mean,accuracy_std,brier_mean,brier_std,ece_mean,ece_std,error_mean,error_std,macro_f1_mean,macro_f1_std,nll_mean,nll_std
.,test,3,1 2 3,82.10415045420329,0.33506346182708874,0.2562024345000585,0.00695717610105427,3.082998975171309,0.18692785982068366,17.89584954579671,0.33506346182708874,81.14643138904556,0.32438368912419396,0.6528812050819397,0.03122492199664145
