{
  "pairwise_cosine_summary": {
    "mean": -0.044173695147037506,
    "std": 0.032463572919368744,
    "min": -0.09893098473548889,
    "max": 0.013933135196566582
  },
  "effective_rank": 4.953028202056885,
  "posterior_sigma": 0.06262669712305069,
  "sample_R_std_mean": 0.060674626380205154,
  "sample_R_std_max": 0.11988196521997452
}