{
  "pairwise_cosine_summary": {
    "mean": -0.07239129394292831,
    "std": 0.06097329780459404,
    "min": -0.1819872260093689,
    "max": 0.07250835746526718
  },
  "effective_rank": 4.8959126472473145
}