case_root,split,num_seeds,seeds,accuracy_mean,accuracy_std,brier_mean,brier_std,ece_mean,ece_std,error_mean,error_std,macro_f1_mean,macro_f1_std,nll_mean,nll_std
.,test,3,1 2 3,90.84218939145406,0.6147086384302117,0.13515556355317435,0.0074918078678435415,2.407936680903928,0.6121559403517942,9.157810608545939,0.6147086384302117,90.78169941977275,0.6739528071493149,0.26636521021525067,0.015020269917890927
