case_root,split,num_seeds,seeds,accuracy_mean,accuracy_std,brier_mean,brier_std,ece_mean,ece_std,error_mean,error_std,macro_f1_mean,macro_f1_std,nll_mean,nll_std
.,test,3,1 2 3,91.02389415105183,0.6295667720093151,0.13372345765431723,0.007957433460140733,2.8368493659008727,0.5610642919735167,8.97610584894816,0.6295667720093151,90.93868384366492,0.6493296312315713,0.2635725935300191,0.010801543057093726
