case_root,split,num_seeds,seeds,accuracy_mean,accuracy_std,brier_mean,brier_std,ece_mean,ece_std,error_mean,error_std,macro_f1_mean,macro_f1_std,nll_mean,nll_std
.,test,3,1 2 3,97.40365147590637,0.18442448836140932,0.03897081936399142,0.0015110035041913362,0.7169402681386816,0.3137688759646281,2.596348524093628,0.18442448836140932,96.02497598311679,0.22532902790514758,0.07565548767646153,0.0021365536869986717
