case_root,split,num_seeds,seeds,accuracy_mean,accuracy_std,brier_mean,brier_std,ece_mean,ece_std,error_mean,error_std,macro_f1_mean,macro_f1_std,nll_mean,nll_std
.,test,3,1 2 3,95.88871002197266,0.23907048195240496,0.061348276833693184,0.0016003439793898548,0.6991929684085836,0.08073114378885773,4.111289978027344,0.23907048195240496,95.90024764217935,0.23913000875329196,0.12128953138987224,0.0018858407376927421
