case_root,split,num_seeds,seeds,accuracy_mean,accuracy_std,brier_mean,brier_std,ece_mean,ece_std,error_mean,error_std,macro_f1_mean,macro_f1_std,nll_mean,nll_std
.,test,3,1 2 3,84.60657397905986,0.1648442888296173,0.2151852697134018,0.0038703133887405023,2.0614493159034493,0.10701328351374392,15.393426020940145,0.1648442888296173,83.90752516501567,0.12121200280586843,0.5172703464825948,0.017252273699505563
