case_root,split,num_seeds,seeds,accuracy_mean,accuracy_std,brier_mean,brier_std,ece_mean,ece_std,error_mean,error_std,macro_f1_mean,macro_f1_std,nll_mean,nll_std
.,test,3,1 2 3,94.09466783205669,0.14817385905587233,0.08860552807648976,0.000661618094141178,0.7909712570937634,0.14857254456881883,5.905332167943318,0.14817385905587233,94.06215949274578,0.1558903952530531,0.17398503919442496,0.00311504061443535
