case_root,split,num_seeds,seeds,accuracy_mean,accuracy_std,brier_mean,brier_std,ece_mean,ece_std,error_mean,error_std,macro_f1_mean,macro_f1_std,nll_mean,nll_std
.,test,3,1 2 3,95.11832197507222,0.1699775062322782,0.0709163968761762,0.0021773173536101865,1.6853628888413905,0.3194243951738698,4.881678024927775,0.1699775062322782,92.9585770771441,0.17944992718203423,0.13616598645846048,0.00395313013634744
