case_root,split,num_seeds,seeds,accuracy_mean,accuracy_std,brier_mean,brier_std,ece_mean,ece_std,error_mean,error_std,macro_f1_mean,macro_f1_std,nll_mean,nll_std
.,test,3,1 2 3,96.4570661385854,0.1996593156971211,0.05243676279981931,0.0008635145247182595,0.9001094054498731,0.06845872129571247,3.5429338614145913,0.1996593156971211,94.74874590551498,0.28146414061415637,0.10180427134037018,0.0002797051893788878
