case_root,split,num_seeds,seeds,accuracy_mean,accuracy_std,brier_mean,brier_std,ece_mean,ece_std,error_mean,error_std,macro_f1_mean,macro_f1_std,nll_mean,nll_std
.,test,3,1 2 3,94.276096423467,0.22275016847614648,0.09247768173615138,0.005685378379936571,3.985489216992434,0.15096086011031343,5.723903576533,0.22275016847614648,94.22650789299658,0.23141357909991142,0.1835805078347524,0.011773172330193819
