case_root,split,num_seeds,seeds,accuracy_mean,accuracy_std,brier_mean,brier_std,ece_mean,ece_std,error_mean,error_std,macro_f1_mean,macro_f1_std,nll_mean,nll_std
.,test,3,1 2 3,97.15945720672607,0.534960409609555,0.06701596577962239,0.015202987459480049,8.661830540540425,1.4468488407457754,2.840542793273926,0.534960409609555,94.39963319285373,0.7751054764732475,0.1716507226228714,0.03971352688768128
