case_root,split,num_seeds,seeds,accuracy_mean,accuracy_std,brier_mean,brier_std,ece_mean,ece_std,error_mean,error_std,macro_f1_mean,macro_f1_std,nll_mean,nll_std
.,test,3,1 2 3,94.78025635083516,0.4803872183226545,0.07685614625612895,0.008603948550359035,1.259818096431709,0.18997394830637113,5.219743649164836,0.4803872183226545,92.29164446564661,0.21277001329648632,0.15243776142597198,0.017015009590836874
