case_root,split,num_seeds,seeds,accuracy_mean,accuracy_std,brier_mean,brier_std,ece_mean,ece_std,error_mean,error_std,macro_f1_mean,macro_f1_std,nll_mean,nll_std
.,test,3,1 2 3,91.83246890703838,0.26920162079515986,0.12765202671289444,0.002075487596514016,3.789437939866834,0.7339649308904874,8.16753109296163,0.26920162079515986,91.80033063088142,0.2727808978105239,0.2546886106332143,0.0035353443706820217
