case_root,split,num_seeds,seeds,accuracy_mean,accuracy_std,brier_mean,brier_std,ece_mean,ece_std,error_mean,error_std,macro_f1_mean,macro_f1_std,nll_mean,nll_std
.,test,3,1 2 3,95.58745225270589,0.44053853760599065,0.06829392164945602,0.004172586572512076,2.761504363025014,0.19395659152598263,4.412547747294108,0.44053853760599065,95.58470021672171,0.44143556690964425,0.1369899461666743,0.004605304332401097
