case_root,split,num_seeds,seeds,accuracy_mean,accuracy_std,brier_mean,brier_std,ece_mean,ece_std,error_mean,error_std,macro_f1_mean,macro_f1_std,nll_mean,nll_std
.,test,3,1 2 3,97.15945720672607,0.5869672535262657,0.0671714258690675,0.015210508147767596,8.685856242128052,1.4046664223041054,2.840542793273926,0.5869672535262657,94.42277310712664,0.8815572065152006,0.1721154103676478,0.03974325201106635
