case_root,split,num_seeds,seeds,accuracy_mean,accuracy_std,brier_mean,brier_std,ece_mean,ece_std,error_mean,error_std,macro_f1_mean,macro_f1_std,nll_mean,nll_std
.,test,3,1 2 3,79.93795275688171,1.0546077480567655,0.27478425701459247,0.010004421906024493,2.449396859516731,0.12382098914612974,20.062047243118286,1.0546077480567655,78.34032764233459,1.189001105950206,0.6198984185854594,0.03051527614212349
