case_root,split,num_seeds,seeds,accuracy_mean,accuracy_std,brier_mean,brier_std,ece_mean,ece_std,error_mean,error_std,macro_f1_mean,macro_f1_std,nll_mean,nll_std
.,test,3,1 2 3,75.74974099795024,0.6304510005725512,0.31906938552856445,0.0038926950633110533,3.04554064547202,0.6160852655479758,24.250259002049763,0.6304510005725512,74.05761720329477,0.7788440281014551,0.6989167133967081,0.013924595256722705
