Mon Jun  1 21:17:44 CST 2026 current conda env: mmrl5090
Mon Jun  1 21:17:44 CST 2026 python: /root/miniconda3/envs/mmrl5090/bin/python
Python 3.10.20
Mon Jun  1 21:17:44 CST 2026 waiting for PID 574511 to finish...
Tue Jun  2 04:47:45 CST 2026 old sweep finished/gone. Starting MAX_EPOCH_LIST=80 sweep...
[config] PROJECT_DIR=/root/autodl-tmp/MMRL
[config] OUTPUT_ROOT=output_sweeps/det_bayesrt_two_stage_80
[config] METHOD=DetBayesRTMMRL METHOD_CFG=configs/methods/det_bayesrt_mmrl.yaml
[config] RUNTIME_CFG=configs/runtime/mmrl_family.yaml PROTOCOL_CFG=configs/protocols/fs.yaml
[config] TUNE_DATASETS=caltech101 dtd eurosat fgvc_aircraft stanford_cars 
[config] TUNE_SHOTS=1  4 8 16 TUNE_SEEDS=1
[config] stage1 epoch candidates per dataset/shot/seed=1
[config] stage2 core candidates per dataset/shot/seed=81
[config] confirm datasets=caltech101 dtd eurosat fgvc_aircraft stanford_cars 
[config] confirm shots=1 2 4 8 16 32 confirm seeds=1 2 3 mode=global
[config] estimated sweep jobs=1640
[config] estimated confirm jobs=90
[config] estimated total jobs=1730
[config] ACC_DROP=0.8 (selection: candidates within best_acc-ACC_DROP, then lowest ECE)
[config] HPO.ENABLED is forced false for every run
[config] cleanup after result json: refactor_model/tensorboard=1, weight_files=1
[GPU] physical: 0 1 2
[GPU] jobs_per_gpu: 3
[stage1] sweep MAX_EPOCH with default DetBayesRTMMRL hyperparameters: 80
[launch] stage=epoch dataset=caltech101 shot=1 seed=1 tag=detbayesrt_epoch-80_defaults gpu=0
[launch] stage=epoch dataset=caltech101 shot=4 seed=1 tag=detbayesrt_epoch-80_defaults gpu=0
[launch] stage=epoch dataset=caltech101 shot=8 seed=1 tag=detbayesrt_epoch-80_defaults gpu=0
[launch] stage=epoch dataset=caltech101 shot=16 seed=1 tag=detbayesrt_epoch-80_defaults gpu=1
[launch] stage=epoch dataset=dtd shot=1 seed=1 tag=detbayesrt_epoch-80_defaults gpu=1
[launch] stage=epoch dataset=dtd shot=4 seed=1 tag=detbayesrt_epoch-80_defaults gpu=1
[launch] stage=epoch dataset=dtd shot=8 seed=1 tag=detbayesrt_epoch-80_defaults gpu=2
[launch] stage=epoch dataset=dtd shot=16 seed=1 tag=detbayesrt_epoch-80_defaults gpu=2
[launch] stage=epoch dataset=eurosat shot=1 seed=1 tag=detbayesrt_epoch-80_defaults gpu=2
[done] stage=epoch dataset=eurosat shot=1 seed=1 tag=detbayesrt_epoch-80_defaults gpu=2
[launch] stage=epoch dataset=eurosat shot=4 seed=1 tag=detbayesrt_epoch-80_defaults gpu=2
[done] stage=epoch dataset=dtd shot=1 seed=1 tag=detbayesrt_epoch-80_defaults gpu=1
[launch] stage=epoch dataset=eurosat shot=8 seed=1 tag=detbayesrt_epoch-80_defaults gpu=1
[done] stage=epoch dataset=caltech101 shot=1 seed=1 tag=detbayesrt_epoch-80_defaults gpu=0
[launch] stage=epoch dataset=eurosat shot=16 seed=1 tag=detbayesrt_epoch-80_defaults gpu=0
[done] stage=epoch dataset=dtd shot=4 seed=1 tag=detbayesrt_epoch-80_defaults gpu=1
[launch] stage=epoch dataset=fgvc_aircraft shot=1 seed=1 tag=detbayesrt_epoch-80_defaults gpu=1
[done] stage=epoch dataset=dtd shot=8 seed=1 tag=detbayesrt_epoch-80_defaults gpu=2
[done] stage=epoch dataset=eurosat shot=4 seed=1 tag=detbayesrt_epoch-80_defaults gpu=2
[launch] stage=epoch dataset=fgvc_aircraft shot=4 seed=1 tag=detbayesrt_epoch-80_defaults gpu=2
[launch] stage=epoch dataset=fgvc_aircraft shot=8 seed=1 tag=detbayesrt_epoch-80_defaults gpu=2
[done] stage=epoch dataset=eurosat shot=8 seed=1 tag=detbayesrt_epoch-80_defaults gpu=1
[launch] stage=epoch dataset=fgvc_aircraft shot=16 seed=1 tag=detbayesrt_epoch-80_defaults gpu=1
[done] stage=epoch dataset=caltech101 shot=4 seed=1 tag=detbayesrt_epoch-80_defaults gpu=0
[launch] stage=epoch dataset=stanford_cars shot=1 seed=1 tag=detbayesrt_epoch-80_defaults gpu=0
[done] stage=epoch dataset=eurosat shot=16 seed=1 tag=detbayesrt_epoch-80_defaults gpu=0
[launch] stage=epoch dataset=stanford_cars shot=4 seed=1 tag=detbayesrt_epoch-80_defaults gpu=0
[done] stage=epoch dataset=fgvc_aircraft shot=1 seed=1 tag=detbayesrt_epoch-80_defaults gpu=1
[launch] stage=epoch dataset=stanford_cars shot=8 seed=1 tag=detbayesrt_epoch-80_defaults gpu=1
[done] stage=epoch dataset=dtd shot=16 seed=1 tag=detbayesrt_epoch-80_defaults gpu=2
[launch] stage=epoch dataset=stanford_cars shot=16 seed=1 tag=detbayesrt_epoch-80_defaults gpu=2
[done] stage=epoch dataset=stanford_cars shot=4 seed=1 tag=detbayesrt_epoch-80_defaults gpu=0
[done] stage=epoch dataset=stanford_cars shot=1 seed=1 tag=detbayesrt_epoch-80_defaults gpu=0
[done] stage=epoch dataset=caltech101 shot=8 seed=1 tag=detbayesrt_epoch-80_defaults gpu=0
[done] stage=epoch dataset=caltech101 shot=16 seed=1 tag=detbayesrt_epoch-80_defaults gpu=1
[done] stage=epoch dataset=fgvc_aircraft shot=16 seed=1 tag=detbayesrt_epoch-80_defaults gpu=1
[done] stage=epoch dataset=stanford_cars shot=8 seed=1 tag=detbayesrt_epoch-80_defaults gpu=1
[done] stage=epoch dataset=fgvc_aircraft shot=4 seed=1 tag=detbayesrt_epoch-80_defaults gpu=2
[done] stage=epoch dataset=stanford_cars shot=16 seed=1 tag=detbayesrt_epoch-80_defaults gpu=2
[done] stage=epoch dataset=fgvc_aircraft shot=8 seed=1 tag=detbayesrt_epoch-80_defaults gpu=2
[summary] wrote output_sweeps/det_bayesrt_two_stage_80/epoch_sweep_summary.csv rows=20
[select:max_epoch] mode=complete_only_acc_window_lowest_ece best=80 selected_acc=73.1905 selected_ece=5.0797 best_acc=73.1905 threshold=72.3905 acc_drop=0.8000
[select:max_epoch] wrote output_sweeps/det_bayesrt_two_stage_80/epoch_selection.csv
[select:max_epoch] wrote output_sweeps/det_bayesrt_two_stage_80/best_max_epoch.env
[stage2] sweep core DetBayesRTMMRL hyperparameters with BEST_MAX_EPOCH=80
[launch] stage=core dataset=caltech101 shot=1 seed=1 tag=detbayesrt_epoch-80_rpstd-0.1_rkl-1.0e-5_tpstd-0.1_tkl-5.0e-2_fusion-static_logit gpu=0
[launch] stage=core dataset=caltech101 shot=1 seed=1 tag=detbayesrt_epoch-80_rpstd-0.1_rkl-1.0e-5_tpstd-0.1_tkl-1.0e-2_fusion-static_logit gpu=0
[launch] stage=core dataset=caltech101 shot=1 seed=1 tag=detbayesrt_epoch-80_rpstd-0.1_rkl-1.0e-5_tpstd-0.1_tkl-1.0e-3_fusion-static_logit gpu=0
[launch] stage=core dataset=caltech101 shot=1 seed=1 tag=detbayesrt_epoch-80_rpstd-0.1_rkl-1.0e-5_tpstd-0.01_tkl-5.0e-2_fusion-static_logit gpu=1
[launch] stage=core dataset=caltech101 shot=1 seed=1 tag=detbayesrt_epoch-80_rpstd-0.1_rkl-1.0e-5_tpstd-0.01_tkl-1.0e-2_fusion-static_logit gpu=1
[launch] stage=core dataset=caltech101 shot=1 seed=1 tag=detbayesrt_epoch-80_rpstd-0.1_rkl-1.0e-5_tpstd-0.01_tkl-1.0e-3_fusion-static_logit gpu=1
[launch] stage=core dataset=caltech101 shot=1 seed=1 tag=detbayesrt_epoch-80_rpstd-0.1_rkl-1.0e-5_tpstd-0.001_tkl-5.0e-2_fusion-static_logit gpu=2
[launch] stage=core dataset=caltech101 shot=1 seed=1 tag=detbayesrt_epoch-80_rpstd-0.1_rkl-1.0e-5_tpstd-0.001_tkl-1.0e-2_fusion-static_logit gpu=2
[launch] stage=core dataset=caltech101 shot=1 seed=1 tag=detbayesrt_epoch-80_rpstd-0.1_rkl-1.0e-5_tpstd-0.001_tkl-1.0e-3_fusion-static_logit gpu=2
[done] stage=core dataset=caltech101 shot=1 seed=1 tag=detbayesrt_epoch-80_rpstd-0.1_rkl-1.0e-5_tpstd-0.001_tkl-5.0e-2_fusion-static_logit gpu=2
[launch] stage=core dataset=caltech101 shot=1 seed=1 tag=detbayesrt_epoch-80_rpstd-0.1_rkl-1.0e-4_tpstd-0.1_tkl-5.0e-2_fusion-static_logit gpu=2
[done] stage=core dataset=caltech101 shot=1 seed=1 tag=detbayesrt_epoch-80_rpstd-0.1_rkl-1.0e-5_tpstd-0.1_tkl-5.0e-2_fusion-static_logit gpu=0
[done] stage=core dataset=caltech101 shot=1 seed=1 tag=detbayesrt_epoch-80_rpstd-0.1_rkl-1.0e-5_tpstd-0.1_tkl-1.0e-2_fusion-static_logit gpu=0
[done] stage=core dataset=caltech101 shot=1 seed=1 tag=detbayesrt_epoch-80_rpstd-0.1_rkl-1.0e-5_tpstd-0.01_tkl-5.0e-2_fusion-static_logit gpu=1
[done] stage=core dataset=caltech101 shot=1 seed=1 tag=detbayesrt_epoch-80_rpstd-0.1_rkl-1.0e-5_tpstd-0.001_tkl-1.0e-2_fusion-static_logit gpu=2
[done] stage=core dataset=caltech101 shot=1 seed=1 tag=detbayesrt_epoch-80_rpstd-0.1_rkl-1.0e-5_tpstd-0.001_tkl-1.0e-3_fusion-static_logit gpu=2
[launch] stage=core dataset=caltech101 shot=1 seed=1 tag=detbayesrt_epoch-80_rpstd-0.1_rkl-1.0e-4_tpstd-0.1_tkl-1.0e-2_fusion-static_logit gpu=0
[launch] stage=core dataset=caltech101 shot=1 seed=1 tag=detbayesrt_epoch-80_rpstd-0.1_rkl-1.0e-4_tpstd-0.1_tkl-1.0e-3_fusion-static_logit gpu=0
[launch] stage=core dataset=caltech101 shot=1 seed=1 tag=detbayesrt_epoch-80_rpstd-0.1_rkl-1.0e-4_tpstd-0.01_tkl-5.0e-2_fusion-static_logit gpu=1
[launch] stage=core dataset=caltech101 shot=1 seed=1 tag=detbayesrt_epoch-80_rpstd-0.1_rkl-1.0e-4_tpstd-0.01_tkl-1.0e-2_fusion-static_logit gpu=2
[launch] stage=core dataset=caltech101 shot=1 seed=1 tag=detbayesrt_epoch-80_rpstd-0.1_rkl-1.0e-4_tpstd-0.01_tkl-1.0e-3_fusion-static_logit gpu=2
[done] stage=core dataset=caltech101 shot=1 seed=1 tag=detbayesrt_epoch-80_rpstd-0.1_rkl-1.0e-5_tpstd-0.1_tkl-1.0e-3_fusion-static_logit gpu=0
[done] stage=core dataset=caltech101 shot=1 seed=1 tag=detbayesrt_epoch-80_rpstd-0.1_rkl-1.0e-5_tpstd-0.01_tkl-1.0e-2_fusion-static_logit gpu=1
[done] stage=core dataset=caltech101 shot=1 seed=1 tag=detbayesrt_epoch-80_rpstd-0.1_rkl-1.0e-5_tpstd-0.01_tkl-1.0e-3_fusion-static_logit gpu=1
[launch] stage=core dataset=caltech101 shot=1 seed=1 tag=detbayesrt_epoch-80_rpstd-0.1_rkl-1.0e-4_tpstd-0.001_tkl-5.0e-2_fusion-static_logit gpu=0
[launch] stage=core dataset=caltech101 shot=1 seed=1 tag=detbayesrt_epoch-80_rpstd-0.1_rkl-1.0e-4_tpstd-0.001_tkl-1.0e-2_fusion-static_logit gpu=1
[launch] stage=core dataset=caltech101 shot=1 seed=1 tag=detbayesrt_epoch-80_rpstd-0.1_rkl-1.0e-4_tpstd-0.001_tkl-1.0e-3_fusion-static_logit gpu=1
[done] stage=core dataset=caltech101 shot=1 seed=1 tag=detbayesrt_epoch-80_rpstd-0.1_rkl-1.0e-4_tpstd-0.01_tkl-5.0e-2_fusion-static_logit gpu=1
[launch] stage=core dataset=caltech101 shot=1 seed=1 tag=detbayesrt_epoch-80_rpstd-0.1_rkl-1.0e-3_tpstd-0.1_tkl-5.0e-2_fusion-static_logit gpu=1
[done] stage=core dataset=caltech101 shot=1 seed=1 tag=detbayesrt_epoch-80_rpstd-0.1_rkl-1.0e-4_tpstd-0.1_tkl-1.0e-2_fusion-static_logit gpu=0
[done] stage=core dataset=caltech101 shot=1 seed=1 tag=detbayesrt_epoch-80_rpstd-0.1_rkl-1.0e-4_tpstd-0.1_tkl-1.0e-3_fusion-static_logit gpu=0
[done] stage=core dataset=caltech101 shot=1 seed=1 tag=detbayesrt_epoch-80_rpstd-0.1_rkl-1.0e-4_tpstd-0.001_tkl-5.0e-2_fusion-static_logit gpu=0
[done] stage=core dataset=caltech101 shot=1 seed=1 tag=detbayesrt_epoch-80_rpstd-0.1_rkl-1.0e-4_tpstd-0.001_tkl-1.0e-3_fusion-static_logit gpu=1
[launch] stage=core dataset=caltech101 shot=1 seed=1 tag=detbayesrt_epoch-80_rpstd-0.1_rkl-1.0e-3_tpstd-0.1_tkl-1.0e-2_fusion-static_logit gpu=0
[launch] stage=core dataset=caltech101 shot=1 seed=1 tag=detbayesrt_epoch-80_rpstd-0.1_rkl-1.0e-3_tpstd-0.1_tkl-1.0e-3_fusion-static_logit gpu=0
[launch] stage=core dataset=caltech101 shot=1 seed=1 tag=detbayesrt_epoch-80_rpstd-0.1_rkl-1.0e-3_tpstd-0.01_tkl-5.0e-2_fusion-static_logit gpu=0
[launch] stage=core dataset=caltech101 shot=1 seed=1 tag=detbayesrt_epoch-80_rpstd-0.1_rkl-1.0e-3_tpstd-0.01_tkl-1.0e-2_fusion-static_logit gpu=1
[done] stage=core dataset=caltech101 shot=1 seed=1 tag=detbayesrt_epoch-80_rpstd-0.1_rkl-1.0e-4_tpstd-0.001_tkl-1.0e-2_fusion-static_logit gpu=1
[done] stage=core dataset=caltech101 shot=1 seed=1 tag=detbayesrt_epoch-80_rpstd-0.1_rkl-1.0e-4_tpstd-0.1_tkl-5.0e-2_fusion-static_logit gpu=2
[done] stage=core dataset=caltech101 shot=1 seed=1 tag=detbayesrt_epoch-80_rpstd-0.1_rkl-1.0e-4_tpstd-0.01_tkl-1.0e-2_fusion-static_logit gpu=2
[done] stage=core dataset=caltech101 shot=1 seed=1 tag=detbayesrt_epoch-80_rpstd-0.1_rkl-1.0e-4_tpstd-0.01_tkl-1.0e-3_fusion-static_logit gpu=2
[launch] stage=core dataset=caltech101 shot=1 seed=1 tag=detbayesrt_epoch-80_rpstd-0.1_rkl-1.0e-3_tpstd-0.01_tkl-1.0e-3_fusion-static_logit gpu=1
[launch] stage=core dataset=caltech101 shot=1 seed=1 tag=detbayesrt_epoch-80_rpstd-0.1_rkl-1.0e-3_tpstd-0.001_tkl-5.0e-2_fusion-static_logit gpu=2
[launch] stage=core dataset=caltech101 shot=1 seed=1 tag=detbayesrt_epoch-80_rpstd-0.1_rkl-1.0e-3_tpstd-0.001_tkl-1.0e-2_fusion-static_logit gpu=2
[launch] stage=core dataset=caltech101 shot=1 seed=1 tag=detbayesrt_epoch-80_rpstd-0.1_rkl-1.0e-3_tpstd-0.001_tkl-1.0e-3_fusion-static_logit gpu=2
[done] stage=core dataset=caltech101 shot=1 seed=1 tag=detbayesrt_epoch-80_rpstd-0.1_rkl-1.0e-3_tpstd-0.1_tkl-1.0e-2_fusion-static_logit gpu=0
[launch] stage=core dataset=caltech101 shot=1 seed=1 tag=detbayesrt_epoch-80_rpstd-0.01_rkl-1.0e-5_tpstd-0.1_tkl-5.0e-2_fusion-static_logit gpu=0
[done] stage=core dataset=caltech101 shot=1 seed=1 tag=detbayesrt_epoch-80_rpstd-0.1_rkl-1.0e-3_tpstd-0.1_tkl-5.0e-2_fusion-static_logit gpu=1
[done] stage=core dataset=caltech101 shot=1 seed=1 tag=detbayesrt_epoch-80_rpstd-0.1_rkl-1.0e-3_tpstd-0.01_tkl-1.0e-2_fusion-static_logit gpu=1
[launch] stage=core dataset=caltech101 shot=1 seed=1 tag=detbayesrt_epoch-80_rpstd-0.01_rkl-1.0e-5_tpstd-0.1_tkl-1.0e-2_fusion-static_logit gpu=1
[launch] stage=core dataset=caltech101 shot=1 seed=1 tag=detbayesrt_epoch-80_rpstd-0.01_rkl-1.0e-5_tpstd-0.1_tkl-1.0e-3_fusion-static_logit gpu=1
[done] stage=core dataset=caltech101 shot=1 seed=1 tag=detbayesrt_epoch-80_rpstd-0.1_rkl-1.0e-3_tpstd-0.1_tkl-1.0e-3_fusion-static_logit gpu=0
[done] stage=core dataset=caltech101 shot=1 seed=1 tag=detbayesrt_epoch-80_rpstd-0.1_rkl-1.0e-3_tpstd-0.01_tkl-5.0e-2_fusion-static_logit gpu=0
[done] stage=core dataset=caltech101 shot=1 seed=1 tag=detbayesrt_epoch-80_rpstd-0.1_rkl-1.0e-3_tpstd-0.01_tkl-1.0e-3_fusion-static_logit gpu=1
[launch] stage=core dataset=caltech101 shot=1 seed=1 tag=detbayesrt_epoch-80_rpstd-0.01_rkl-1.0e-5_tpstd-0.01_tkl-5.0e-2_fusion-static_logit gpu=0
[launch] stage=core dataset=caltech101 shot=1 seed=1 tag=detbayesrt_epoch-80_rpstd-0.01_rkl-1.0e-5_tpstd-0.01_tkl-1.0e-2_fusion-static_logit gpu=0
[launch] stage=core dataset=caltech101 shot=1 seed=1 tag=detbayesrt_epoch-80_rpstd-0.01_rkl-1.0e-5_tpstd-0.01_tkl-1.0e-3_fusion-static_logit gpu=1
[done] stage=core dataset=caltech101 shot=1 seed=1 tag=detbayesrt_epoch-80_rpstd-0.1_rkl-1.0e-3_tpstd-0.001_tkl-5.0e-2_fusion-static_logit gpu=2
[done] stage=core dataset=caltech101 shot=1 seed=1 tag=detbayesrt_epoch-80_rpstd-0.1_rkl-1.0e-3_tpstd-0.001_tkl-1.0e-2_fusion-static_logit gpu=2
[done] stage=core dataset=caltech101 shot=1 seed=1 tag=detbayesrt_epoch-80_rpstd-0.1_rkl-1.0e-3_tpstd-0.001_tkl-1.0e-3_fusion-static_logit gpu=2
[launch] stage=core dataset=caltech101 shot=1 seed=1 tag=detbayesrt_epoch-80_rpstd-0.01_rkl-1.0e-5_tpstd-0.001_tkl-5.0e-2_fusion-static_logit gpu=2
[launch] stage=core dataset=caltech101 shot=1 seed=1 tag=detbayesrt_epoch-80_rpstd-0.01_rkl-1.0e-5_tpstd-0.001_tkl-1.0e-2_fusion-static_logit gpu=2
[launch] stage=core dataset=caltech101 shot=1 seed=1 tag=detbayesrt_epoch-80_rpstd-0.01_rkl-1.0e-5_tpstd-0.001_tkl-1.0e-3_fusion-static_logit gpu=2
[done] stage=core dataset=caltech101 shot=1 seed=1 tag=detbayesrt_epoch-80_rpstd-0.01_rkl-1.0e-5_tpstd-0.1_tkl-5.0e-2_fusion-static_logit gpu=0
[launch] stage=core dataset=caltech101 shot=1 seed=1 tag=detbayesrt_epoch-80_rpstd-0.01_rkl-1.0e-4_tpstd-0.1_tkl-5.0e-2_fusion-static_logit gpu=0
[done] stage=core dataset=caltech101 shot=1 seed=1 tag=detbayesrt_epoch-80_rpstd-0.01_rkl-1.0e-5_tpstd-0.1_tkl-1.0e-3_fusion-static_logit gpu=1
[launch] stage=core dataset=caltech101 shot=1 seed=1 tag=detbayesrt_epoch-80_rpstd-0.01_rkl-1.0e-4_tpstd-0.1_tkl-1.0e-2_fusion-static_logit gpu=1
[done] stage=core dataset=caltech101 shot=1 seed=1 tag=detbayesrt_epoch-80_rpstd-0.01_rkl-1.0e-5_tpstd-0.1_tkl-1.0e-2_fusion-static_logit gpu=1
[done] stage=core dataset=caltech101 shot=1 seed=1 tag=detbayesrt_epoch-80_rpstd-0.01_rkl-1.0e-5_tpstd-0.01_tkl-1.0e-3_fusion-static_logit gpu=1
[launch] stage=core dataset=caltech101 shot=1 seed=1 tag=detbayesrt_epoch-80_rpstd-0.01_rkl-1.0e-4_tpstd-0.1_tkl-1.0e-3_fusion-static_logit gpu=1
[launch] stage=core dataset=caltech101 shot=1 seed=1 tag=detbayesrt_epoch-80_rpstd-0.01_rkl-1.0e-4_tpstd-0.01_tkl-5.0e-2_fusion-static_logit gpu=1
[done] stage=core dataset=caltech101 shot=1 seed=1 tag=detbayesrt_epoch-80_rpstd-0.01_rkl-1.0e-5_tpstd-0.01_tkl-5.0e-2_fusion-static_logit gpu=0
[done] stage=core dataset=caltech101 shot=1 seed=1 tag=detbayesrt_epoch-80_rpstd-0.01_rkl-1.0e-5_tpstd-0.01_tkl-1.0e-2_fusion-static_logit gpu=0
[launch] stage=core dataset=caltech101 shot=1 seed=1 tag=detbayesrt_epoch-80_rpstd-0.01_rkl-1.0e-4_tpstd-0.01_tkl-1.0e-2_fusion-static_logit gpu=0
[launch] stage=core dataset=caltech101 shot=1 seed=1 tag=detbayesrt_epoch-80_rpstd-0.01_rkl-1.0e-4_tpstd-0.01_tkl-1.0e-3_fusion-static_logit gpu=0
[done] stage=core dataset=caltech101 shot=1 seed=1 tag=detbayesrt_epoch-80_rpstd-0.01_rkl-1.0e-5_tpstd-0.001_tkl-1.0e-2_fusion-static_logit gpu=2
[done] stage=core dataset=caltech101 shot=1 seed=1 tag=detbayesrt_epoch-80_rpstd-0.01_rkl-1.0e-5_tpstd-0.001_tkl-1.0e-3_fusion-static_logit gpu=2
[launch] stage=core dataset=caltech101 shot=1 seed=1 tag=detbayesrt_epoch-80_rpstd-0.01_rkl-1.0e-4_tpstd-0.001_tkl-5.0e-2_fusion-static_logit gpu=2
[launch] stage=core dataset=caltech101 shot=1 seed=1 tag=detbayesrt_epoch-80_rpstd-0.01_rkl-1.0e-4_tpstd-0.001_tkl-1.0e-2_fusion-static_logit gpu=2
[done] stage=core dataset=caltech101 shot=1 seed=1 tag=detbayesrt_epoch-80_rpstd-0.01_rkl-1.0e-5_tpstd-0.001_tkl-5.0e-2_fusion-static_logit gpu=2
[launch] stage=core dataset=caltech101 shot=1 seed=1 tag=detbayesrt_epoch-80_rpstd-0.01_rkl-1.0e-4_tpstd-0.001_tkl-1.0e-3_fusion-static_logit gpu=2
[done] stage=core dataset=caltech101 shot=1 seed=1 tag=detbayesrt_epoch-80_rpstd-0.01_rkl-1.0e-4_tpstd-0.1_tkl-5.0e-2_fusion-static_logit gpu=0
[launch] stage=core dataset=caltech101 shot=1 seed=1 tag=detbayesrt_epoch-80_rpstd-0.01_rkl-1.0e-3_tpstd-0.1_tkl-5.0e-2_fusion-static_logit gpu=0
[done] stage=core dataset=caltech101 shot=1 seed=1 tag=detbayesrt_epoch-80_rpstd-0.01_rkl-1.0e-4_tpstd-0.1_tkl-1.0e-2_fusion-static_logit gpu=1
[launch] stage=core dataset=caltech101 shot=1 seed=1 tag=detbayesrt_epoch-80_rpstd-0.01_rkl-1.0e-3_tpstd-0.1_tkl-1.0e-2_fusion-static_logit gpu=1
[done] stage=core dataset=caltech101 shot=1 seed=1 tag=detbayesrt_epoch-80_rpstd-0.01_rkl-1.0e-4_tpstd-0.01_tkl-1.0e-2_fusion-static_logit gpu=0
[done] stage=core dataset=caltech101 shot=1 seed=1 tag=detbayesrt_epoch-80_rpstd-0.01_rkl-1.0e-4_tpstd-0.1_tkl-1.0e-3_fusion-static_logit gpu=1
[launch] stage=core dataset=caltech101 shot=1 seed=1 tag=detbayesrt_epoch-80_rpstd-0.01_rkl-1.0e-3_tpstd-0.1_tkl-1.0e-3_fusion-static_logit gpu=0
[launch] stage=core dataset=caltech101 shot=1 seed=1 tag=detbayesrt_epoch-80_rpstd-0.01_rkl-1.0e-3_tpstd-0.01_tkl-5.0e-2_fusion-static_logit gpu=1
[done] stage=core dataset=caltech101 shot=1 seed=1 tag=detbayesrt_epoch-80_rpstd-0.01_rkl-1.0e-4_tpstd-0.01_tkl-1.0e-3_fusion-static_logit gpu=0
[done] stage=core dataset=caltech101 shot=1 seed=1 tag=detbayesrt_epoch-80_rpstd-0.01_rkl-1.0e-4_tpstd-0.01_tkl-5.0e-2_fusion-static_logit gpu=1
[launch] stage=core dataset=caltech101 shot=1 seed=1 tag=detbayesrt_epoch-80_rpstd-0.01_rkl-1.0e-3_tpstd-0.01_tkl-1.0e-2_fusion-static_logit gpu=0
[launch] stage=core dataset=caltech101 shot=1 seed=1 tag=detbayesrt_epoch-80_rpstd-0.01_rkl-1.0e-3_tpstd-0.01_tkl-1.0e-3_fusion-static_logit gpu=1
[done] stage=core dataset=caltech101 shot=1 seed=1 tag=detbayesrt_epoch-80_rpstd-0.01_rkl-1.0e-4_tpstd-0.001_tkl-5.0e-2_fusion-static_logit gpu=2
[launch] stage=core dataset=caltech101 shot=1 seed=1 tag=detbayesrt_epoch-80_rpstd-0.01_rkl-1.0e-3_tpstd-0.001_tkl-5.0e-2_fusion-static_logit gpu=2
[done] stage=core dataset=caltech101 shot=1 seed=1 tag=detbayesrt_epoch-80_rpstd-0.01_rkl-1.0e-4_tpstd-0.001_tkl-1.0e-3_fusion-static_logit gpu=2
[done] stage=core dataset=caltech101 shot=1 seed=1 tag=detbayesrt_epoch-80_rpstd-0.01_rkl-1.0e-4_tpstd-0.001_tkl-1.0e-2_fusion-static_logit gpu=2
[launch] stage=core dataset=caltech101 shot=1 seed=1 tag=detbayesrt_epoch-80_rpstd-0.01_rkl-1.0e-3_tpstd-0.001_tkl-1.0e-2_fusion-static_logit gpu=2
[launch] stage=core dataset=caltech101 shot=1 seed=1 tag=detbayesrt_epoch-80_rpstd-0.01_rkl-1.0e-3_tpstd-0.001_tkl-1.0e-3_fusion-static_logit gpu=2
[done] stage=core dataset=caltech101 shot=1 seed=1 tag=detbayesrt_epoch-80_rpstd-0.01_rkl-1.0e-3_tpstd-0.1_tkl-5.0e-2_fusion-static_logit gpu=0
[launch] stage=core dataset=caltech101 shot=1 seed=1 tag=detbayesrt_epoch-80_rpstd-0.001_rkl-1.0e-5_tpstd-0.1_tkl-5.0e-2_fusion-static_logit gpu=0
[done] stage=core dataset=caltech101 shot=1 seed=1 tag=detbayesrt_epoch-80_rpstd-0.01_rkl-1.0e-3_tpstd-0.1_tkl-1.0e-2_fusion-static_logit gpu=1
[launch] stage=core dataset=caltech101 shot=1 seed=1 tag=detbayesrt_epoch-80_rpstd-0.001_rkl-1.0e-5_tpstd-0.1_tkl-1.0e-2_fusion-static_logit gpu=1
[done] stage=core dataset=caltech101 shot=1 seed=1 tag=detbayesrt_epoch-80_rpstd-0.01_rkl-1.0e-3_tpstd-0.1_tkl-1.0e-3_fusion-static_logit gpu=0
[done] stage=core dataset=caltech101 shot=1 seed=1 tag=detbayesrt_epoch-80_rpstd-0.01_rkl-1.0e-3_tpstd-0.01_tkl-1.0e-2_fusion-static_logit gpu=0
[done] stage=core dataset=caltech101 shot=1 seed=1 tag=detbayesrt_epoch-80_rpstd-0.01_rkl-1.0e-3_tpstd-0.01_tkl-5.0e-2_fusion-static_logit gpu=1
[done] stage=core dataset=caltech101 shot=1 seed=1 tag=detbayesrt_epoch-80_rpstd-0.01_rkl-1.0e-3_tpstd-0.01_tkl-1.0e-3_fusion-static_logit gpu=1
[launch] stage=core dataset=caltech101 shot=1 seed=1 tag=detbayesrt_epoch-80_rpstd-0.001_rkl-1.0e-5_tpstd-0.1_tkl-1.0e-3_fusion-static_logit gpu=0
[launch] stage=core dataset=caltech101 shot=1 seed=1 tag=detbayesrt_epoch-80_rpstd-0.001_rkl-1.0e-5_tpstd-0.01_tkl-5.0e-2_fusion-static_logit gpu=0
[launch] stage=core dataset=caltech101 shot=1 seed=1 tag=detbayesrt_epoch-80_rpstd-0.001_rkl-1.0e-5_tpstd-0.01_tkl-1.0e-2_fusion-static_logit gpu=1
[launch] stage=core dataset=caltech101 shot=1 seed=1 tag=detbayesrt_epoch-80_rpstd-0.001_rkl-1.0e-5_tpstd-0.01_tkl-1.0e-3_fusion-static_logit gpu=1
[done] stage=core dataset=caltech101 shot=1 seed=1 tag=detbayesrt_epoch-80_rpstd-0.01_rkl-1.0e-3_tpstd-0.001_tkl-1.0e-2_fusion-static_logit gpu=2
[done] stage=core dataset=caltech101 shot=1 seed=1 tag=detbayesrt_epoch-80_rpstd-0.01_rkl-1.0e-3_tpstd-0.001_tkl-5.0e-2_fusion-static_logit gpu=2
[launch] stage=core dataset=caltech101 shot=1 seed=1 tag=detbayesrt_epoch-80_rpstd-0.001_rkl-1.0e-5_tpstd-0.001_tkl-5.0e-2_fusion-static_logit gpu=2
[launch] stage=core dataset=caltech101 shot=1 seed=1 tag=detbayesrt_epoch-80_rpstd-0.001_rkl-1.0e-5_tpstd-0.001_tkl-1.0e-2_fusion-static_logit gpu=2
[done] stage=core dataset=caltech101 shot=1 seed=1 tag=detbayesrt_epoch-80_rpstd-0.01_rkl-1.0e-3_tpstd-0.001_tkl-1.0e-3_fusion-static_logit gpu=2
[launch] stage=core dataset=caltech101 shot=1 seed=1 tag=detbayesrt_epoch-80_rpstd-0.001_rkl-1.0e-5_tpstd-0.001_tkl-1.0e-3_fusion-static_logit gpu=2
[done] stage=core dataset=caltech101 shot=1 seed=1 tag=detbayesrt_epoch-80_rpstd-0.001_rkl-1.0e-5_tpstd-0.1_tkl-5.0e-2_fusion-static_logit gpu=0
[launch] stage=core dataset=caltech101 shot=1 seed=1 tag=detbayesrt_epoch-80_rpstd-0.001_rkl-1.0e-4_tpstd-0.1_tkl-5.0e-2_fusion-static_logit gpu=0
[done] stage=core dataset=caltech101 shot=1 seed=1 tag=detbayesrt_epoch-80_rpstd-0.001_rkl-1.0e-5_tpstd-0.1_tkl-1.0e-2_fusion-static_logit gpu=1
[launch] stage=core dataset=caltech101 shot=1 seed=1 tag=detbayesrt_epoch-80_rpstd-0.001_rkl-1.0e-4_tpstd-0.1_tkl-1.0e-2_fusion-static_logit gpu=1
[done] stage=core dataset=caltech101 shot=1 seed=1 tag=detbayesrt_epoch-80_rpstd-0.001_rkl-1.0e-5_tpstd-0.1_tkl-1.0e-3_fusion-static_logit gpu=0
[done] stage=core dataset=caltech101 shot=1 seed=1 tag=detbayesrt_epoch-80_rpstd-0.001_rkl-1.0e-5_tpstd-0.01_tkl-5.0e-2_fusion-static_logit gpu=0
[done] stage=core dataset=caltech101 shot=1 seed=1 tag=detbayesrt_epoch-80_rpstd-0.001_rkl-1.0e-5_tpstd-0.01_tkl-1.0e-2_fusion-static_logit gpu=1
[done] stage=core dataset=caltech101 shot=1 seed=1 tag=detbayesrt_epoch-80_rpstd-0.001_rkl-1.0e-5_tpstd-0.01_tkl-1.0e-3_fusion-static_logit gpu=1
[launch] stage=core dataset=caltech101 shot=1 seed=1 tag=detbayesrt_epoch-80_rpstd-0.001_rkl-1.0e-4_tpstd-0.1_tkl-1.0e-3_fusion-static_logit gpu=0
[launch] stage=core dataset=caltech101 shot=1 seed=1 tag=detbayesrt_epoch-80_rpstd-0.001_rkl-1.0e-4_tpstd-0.01_tkl-5.0e-2_fusion-static_logit gpu=0
[launch] stage=core dataset=caltech101 shot=1 seed=1 tag=detbayesrt_epoch-80_rpstd-0.001_rkl-1.0e-4_tpstd-0.01_tkl-1.0e-2_fusion-static_logit gpu=1
[launch] stage=core dataset=caltech101 shot=1 seed=1 tag=detbayesrt_epoch-80_rpstd-0.001_rkl-1.0e-4_tpstd-0.01_tkl-1.0e-3_fusion-static_logit gpu=1
[done] stage=core dataset=caltech101 shot=1 seed=1 tag=detbayesrt_epoch-80_rpstd-0.001_rkl-1.0e-5_tpstd-0.001_tkl-5.0e-2_fusion-static_logit gpu=2
[done] stage=core dataset=caltech101 shot=1 seed=1 tag=detbayesrt_epoch-80_rpstd-0.001_rkl-1.0e-5_tpstd-0.001_tkl-1.0e-2_fusion-static_logit gpu=2
[launch] stage=core dataset=caltech101 shot=1 seed=1 tag=detbayesrt_epoch-80_rpstd-0.001_rkl-1.0e-4_tpstd-0.001_tkl-5.0e-2_fusion-static_logit gpu=2
[launch] stage=core dataset=caltech101 shot=1 seed=1 tag=detbayesrt_epoch-80_rpstd-0.001_rkl-1.0e-4_tpstd-0.001_tkl-1.0e-2_fusion-static_logit gpu=2
[done] stage=core dataset=caltech101 shot=1 seed=1 tag=detbayesrt_epoch-80_rpstd-0.001_rkl-1.0e-5_tpstd-0.001_tkl-1.0e-3_fusion-static_logit gpu=2
[launch] stage=core dataset=caltech101 shot=1 seed=1 tag=detbayesrt_epoch-80_rpstd-0.001_rkl-1.0e-4_tpstd-0.001_tkl-1.0e-3_fusion-static_logit gpu=2
[done] stage=core dataset=caltech101 shot=1 seed=1 tag=detbayesrt_epoch-80_rpstd-0.001_rkl-1.0e-4_tpstd-0.1_tkl-5.0e-2_fusion-static_logit gpu=0
[launch] stage=core dataset=caltech101 shot=1 seed=1 tag=detbayesrt_epoch-80_rpstd-0.001_rkl-1.0e-3_tpstd-0.1_tkl-5.0e-2_fusion-static_logit gpu=0
[done] stage=core dataset=caltech101 shot=1 seed=1 tag=detbayesrt_epoch-80_rpstd-0.001_rkl-1.0e-4_tpstd-0.1_tkl-1.0e-2_fusion-static_logit gpu=1
[launch] stage=core dataset=caltech101 shot=1 seed=1 tag=detbayesrt_epoch-80_rpstd-0.001_rkl-1.0e-3_tpstd-0.1_tkl-1.0e-2_fusion-static_logit gpu=1
[done] stage=core dataset=caltech101 shot=1 seed=1 tag=detbayesrt_epoch-80_rpstd-0.001_rkl-1.0e-4_tpstd-0.1_tkl-1.0e-3_fusion-static_logit gpu=0
[done] stage=core dataset=caltech101 shot=1 seed=1 tag=detbayesrt_epoch-80_rpstd-0.001_rkl-1.0e-4_tpstd-0.01_tkl-5.0e-2_fusion-static_logit gpu=0
[done] stage=core dataset=caltech101 shot=1 seed=1 tag=detbayesrt_epoch-80_rpstd-0.001_rkl-1.0e-4_tpstd-0.01_tkl-1.0e-2_fusion-static_logit gpu=1
[done] stage=core dataset=caltech101 shot=1 seed=1 tag=detbayesrt_epoch-80_rpstd-0.001_rkl-1.0e-4_tpstd-0.01_tkl-1.0e-3_fusion-static_logit gpu=1
[launch] stage=core dataset=caltech101 shot=1 seed=1 tag=detbayesrt_epoch-80_rpstd-0.001_rkl-1.0e-3_tpstd-0.1_tkl-1.0e-3_fusion-static_logit gpu=0
[launch] stage=core dataset=caltech101 shot=1 seed=1 tag=detbayesrt_epoch-80_rpstd-0.001_rkl-1.0e-3_tpstd-0.01_tkl-5.0e-2_fusion-static_logit gpu=0
[launch] stage=core dataset=caltech101 shot=1 seed=1 tag=detbayesrt_epoch-80_rpstd-0.001_rkl-1.0e-3_tpstd-0.01_tkl-1.0e-2_fusion-static_logit gpu=1
[launch] stage=core dataset=caltech101 shot=1 seed=1 tag=detbayesrt_epoch-80_rpstd-0.001_rkl-1.0e-3_tpstd-0.01_tkl-1.0e-3_fusion-static_logit gpu=1
[done] stage=core dataset=caltech101 shot=1 seed=1 tag=detbayesrt_epoch-80_rpstd-0.001_rkl-1.0e-4_tpstd-0.001_tkl-5.0e-2_fusion-static_logit gpu=2
[done] stage=core dataset=caltech101 shot=1 seed=1 tag=detbayesrt_epoch-80_rpstd-0.001_rkl-1.0e-4_tpstd-0.001_tkl-1.0e-2_fusion-static_logit gpu=2
[launch] stage=core dataset=caltech101 shot=1 seed=1 tag=detbayesrt_epoch-80_rpstd-0.001_rkl-1.0e-3_tpstd-0.001_tkl-5.0e-2_fusion-static_logit gpu=2
[launch] stage=core dataset=caltech101 shot=1 seed=1 tag=detbayesrt_epoch-80_rpstd-0.001_rkl-1.0e-3_tpstd-0.001_tkl-1.0e-2_fusion-static_logit gpu=2
[done] stage=core dataset=caltech101 shot=1 seed=1 tag=detbayesrt_epoch-80_rpstd-0.001_rkl-1.0e-4_tpstd-0.001_tkl-1.0e-3_fusion-static_logit gpu=2
[launch] stage=core dataset=caltech101 shot=1 seed=1 tag=detbayesrt_epoch-80_rpstd-0.001_rkl-1.0e-3_tpstd-0.001_tkl-1.0e-3_fusion-static_logit gpu=2
[done] stage=core dataset=caltech101 shot=1 seed=1 tag=detbayesrt_epoch-80_rpstd-0.001_rkl-1.0e-3_tpstd-0.1_tkl-5.0e-2_fusion-static_logit gpu=0
[launch] stage=core dataset=caltech101 shot=4 seed=1 tag=detbayesrt_epoch-80_rpstd-0.1_rkl-1.0e-5_tpstd-0.1_tkl-5.0e-2_fusion-static_logit gpu=0
[done] stage=core dataset=caltech101 shot=1 seed=1 tag=detbayesrt_epoch-80_rpstd-0.001_rkl-1.0e-3_tpstd-0.1_tkl-1.0e-2_fusion-static_logit gpu=1
[launch] stage=core dataset=caltech101 shot=4 seed=1 tag=detbayesrt_epoch-80_rpstd-0.1_rkl-1.0e-5_tpstd-0.1_tkl-1.0e-2_fusion-static_logit gpu=1
[done] stage=core dataset=caltech101 shot=1 seed=1 tag=detbayesrt_epoch-80_rpstd-0.001_rkl-1.0e-3_tpstd-0.01_tkl-1.0e-3_fusion-static_logit gpu=1
[launch] stage=core dataset=caltech101 shot=4 seed=1 tag=detbayesrt_epoch-80_rpstd-0.1_rkl-1.0e-5_tpstd-0.1_tkl-1.0e-3_fusion-static_logit gpu=1
[done] stage=core dataset=caltech101 shot=1 seed=1 tag=detbayesrt_epoch-80_rpstd-0.001_rkl-1.0e-3_tpstd-0.01_tkl-1.0e-2_fusion-static_logit gpu=1
[launch] stage=core dataset=caltech101 shot=4 seed=1 tag=detbayesrt_epoch-80_rpstd-0.1_rkl-1.0e-5_tpstd-0.01_tkl-5.0e-2_fusion-static_logit gpu=1
[done] stage=core dataset=caltech101 shot=1 seed=1 tag=detbayesrt_epoch-80_rpstd-0.001_rkl-1.0e-3_tpstd-0.1_tkl-1.0e-3_fusion-static_logit gpu=0
[done] stage=core dataset=caltech101 shot=1 seed=1 tag=detbayesrt_epoch-80_rpstd-0.001_rkl-1.0e-3_tpstd-0.01_tkl-5.0e-2_fusion-static_logit gpu=0
[launch] stage=core dataset=caltech101 shot=4 seed=1 tag=detbayesrt_epoch-80_rpstd-0.1_rkl-1.0e-5_tpstd-0.01_tkl-1.0e-2_fusion-static_logit gpu=0
[launch] stage=core dataset=caltech101 shot=4 seed=1 tag=detbayesrt_epoch-80_rpstd-0.1_rkl-1.0e-5_tpstd-0.01_tkl-1.0e-3_fusion-static_logit gpu=0
[done] stage=core dataset=caltech101 shot=1 seed=1 tag=detbayesrt_epoch-80_rpstd-0.001_rkl-1.0e-3_tpstd-0.001_tkl-5.0e-2_fusion-static_logit gpu=2
[done] stage=core dataset=caltech101 shot=1 seed=1 tag=detbayesrt_epoch-80_rpstd-0.001_rkl-1.0e-3_tpstd-0.001_tkl-1.0e-2_fusion-static_logit gpu=2
[done] stage=core dataset=caltech101 shot=1 seed=1 tag=detbayesrt_epoch-80_rpstd-0.001_rkl-1.0e-3_tpstd-0.001_tkl-1.0e-3_fusion-static_logit gpu=2
[launch] stage=core dataset=caltech101 shot=4 seed=1 tag=detbayesrt_epoch-80_rpstd-0.1_rkl-1.0e-5_tpstd-0.001_tkl-5.0e-2_fusion-static_logit gpu=2
[launch] stage=core dataset=caltech101 shot=4 seed=1 tag=detbayesrt_epoch-80_rpstd-0.1_rkl-1.0e-5_tpstd-0.001_tkl-1.0e-2_fusion-static_logit gpu=2
[launch] stage=core dataset=caltech101 shot=4 seed=1 tag=detbayesrt_epoch-80_rpstd-0.1_rkl-1.0e-5_tpstd-0.001_tkl-1.0e-3_fusion-static_logit gpu=2
[done] stage=core dataset=caltech101 shot=4 seed=1 tag=detbayesrt_epoch-80_rpstd-0.1_rkl-1.0e-5_tpstd-0.1_tkl-5.0e-2_fusion-static_logit gpu=0
[launch] stage=core dataset=caltech101 shot=4 seed=1 tag=detbayesrt_epoch-80_rpstd-0.1_rkl-1.0e-4_tpstd-0.1_tkl-5.0e-2_fusion-static_logit gpu=0
[done] stage=core dataset=caltech101 shot=4 seed=1 tag=detbayesrt_epoch-80_rpstd-0.1_rkl-1.0e-5_tpstd-0.1_tkl-1.0e-2_fusion-static_logit gpu=1
[launch] stage=core dataset=caltech101 shot=4 seed=1 tag=detbayesrt_epoch-80_rpstd-0.1_rkl-1.0e-4_tpstd-0.1_tkl-1.0e-2_fusion-static_logit gpu=1
[done] stage=core dataset=caltech101 shot=4 seed=1 tag=detbayesrt_epoch-80_rpstd-0.1_rkl-1.0e-5_tpstd-0.01_tkl-5.0e-2_fusion-static_logit gpu=1
[done] stage=core dataset=caltech101 shot=4 seed=1 tag=detbayesrt_epoch-80_rpstd-0.1_rkl-1.0e-5_tpstd-0.1_tkl-1.0e-3_fusion-static_logit gpu=1
[launch] stage=core dataset=caltech101 shot=4 seed=1 tag=detbayesrt_epoch-80_rpstd-0.1_rkl-1.0e-4_tpstd-0.1_tkl-1.0e-3_fusion-static_logit gpu=1
[launch] stage=core dataset=caltech101 shot=4 seed=1 tag=detbayesrt_epoch-80_rpstd-0.1_rkl-1.0e-4_tpstd-0.01_tkl-5.0e-2_fusion-static_logit gpu=1
[done] stage=core dataset=caltech101 shot=4 seed=1 tag=detbayesrt_epoch-80_rpstd-0.1_rkl-1.0e-5_tpstd-0.01_tkl-1.0e-2_fusion-static_logit gpu=0
[done] stage=core dataset=caltech101 shot=4 seed=1 tag=detbayesrt_epoch-80_rpstd-0.1_rkl-1.0e-5_tpstd-0.01_tkl-1.0e-3_fusion-static_logit gpu=0
[launch] stage=core dataset=caltech101 shot=4 seed=1 tag=detbayesrt_epoch-80_rpstd-0.1_rkl-1.0e-4_tpstd-0.01_tkl-1.0e-2_fusion-static_logit gpu=0
[launch] stage=core dataset=caltech101 shot=4 seed=1 tag=detbayesrt_epoch-80_rpstd-0.1_rkl-1.0e-4_tpstd-0.01_tkl-1.0e-3_fusion-static_logit gpu=0
[done] stage=core dataset=caltech101 shot=4 seed=1 tag=detbayesrt_epoch-80_rpstd-0.1_rkl-1.0e-5_tpstd-0.001_tkl-5.0e-2_fusion-static_logit gpu=2
[done] stage=core dataset=caltech101 shot=4 seed=1 tag=detbayesrt_epoch-80_rpstd-0.1_rkl-1.0e-5_tpstd-0.001_tkl-1.0e-3_fusion-static_logit gpu=2
[launch] stage=core dataset=caltech101 shot=4 seed=1 tag=detbayesrt_epoch-80_rpstd-0.1_rkl-1.0e-4_tpstd-0.001_tkl-5.0e-2_fusion-static_logit gpu=2
[launch] stage=core dataset=caltech101 shot=4 seed=1 tag=detbayesrt_epoch-80_rpstd-0.1_rkl-1.0e-4_tpstd-0.001_tkl-1.0e-2_fusion-static_logit gpu=2
[done] stage=core dataset=caltech101 shot=4 seed=1 tag=detbayesrt_epoch-80_rpstd-0.1_rkl-1.0e-5_tpstd-0.001_tkl-1.0e-2_fusion-static_logit gpu=2
[launch] stage=core dataset=caltech101 shot=4 seed=1 tag=detbayesrt_epoch-80_rpstd-0.1_rkl-1.0e-4_tpstd-0.001_tkl-1.0e-3_fusion-static_logit gpu=2
[done] stage=core dataset=caltech101 shot=4 seed=1 tag=detbayesrt_epoch-80_rpstd-0.1_rkl-1.0e-4_tpstd-0.1_tkl-5.0e-2_fusion-static_logit gpu=0
[done] stage=core dataset=caltech101 shot=4 seed=1 tag=detbayesrt_epoch-80_rpstd-0.1_rkl-1.0e-4_tpstd-0.1_tkl-1.0e-2_fusion-static_logit gpu=1
[launch] stage=core dataset=caltech101 shot=4 seed=1 tag=detbayesrt_epoch-80_rpstd-0.1_rkl-1.0e-3_tpstd-0.1_tkl-5.0e-2_fusion-static_logit gpu=0
[launch] stage=core dataset=caltech101 shot=4 seed=1 tag=detbayesrt_epoch-80_rpstd-0.1_rkl-1.0e-3_tpstd-0.1_tkl-1.0e-2_fusion-static_logit gpu=1
[done] stage=core dataset=caltech101 shot=4 seed=1 tag=detbayesrt_epoch-80_rpstd-0.1_rkl-1.0e-4_tpstd-0.01_tkl-1.0e-2_fusion-static_logit gpu=0
[done] stage=core dataset=caltech101 shot=4 seed=1 tag=detbayesrt_epoch-80_rpstd-0.1_rkl-1.0e-4_tpstd-0.1_tkl-1.0e-3_fusion-static_logit gpu=1
[done] stage=core dataset=caltech101 shot=4 seed=1 tag=detbayesrt_epoch-80_rpstd-0.1_rkl-1.0e-4_tpstd-0.01_tkl-5.0e-2_fusion-static_logit gpu=1
[launch] stage=core dataset=caltech101 shot=4 seed=1 tag=detbayesrt_epoch-80_rpstd-0.1_rkl-1.0e-3_tpstd-0.1_tkl-1.0e-3_fusion-static_logit gpu=0
[launch] stage=core dataset=caltech101 shot=4 seed=1 tag=detbayesrt_epoch-80_rpstd-0.1_rkl-1.0e-3_tpstd-0.01_tkl-5.0e-2_fusion-static_logit gpu=1
[launch] stage=core dataset=caltech101 shot=4 seed=1 tag=detbayesrt_epoch-80_rpstd-0.1_rkl-1.0e-3_tpstd-0.01_tkl-1.0e-2_fusion-static_logit gpu=1
[done] stage=core dataset=caltech101 shot=4 seed=1 tag=detbayesrt_epoch-80_rpstd-0.1_rkl-1.0e-4_tpstd-0.01_tkl-1.0e-3_fusion-static_logit gpu=0
[launch] stage=core dataset=caltech101 shot=4 seed=1 tag=detbayesrt_epoch-80_rpstd-0.1_rkl-1.0e-3_tpstd-0.01_tkl-1.0e-3_fusion-static_logit gpu=0
[done] stage=core dataset=caltech101 shot=4 seed=1 tag=detbayesrt_epoch-80_rpstd-0.1_rkl-1.0e-4_tpstd-0.001_tkl-5.0e-2_fusion-static_logit gpu=2
[launch] stage=core dataset=caltech101 shot=4 seed=1 tag=detbayesrt_epoch-80_rpstd-0.1_rkl-1.0e-3_tpstd-0.001_tkl-5.0e-2_fusion-static_logit gpu=2
[done] stage=core dataset=caltech101 shot=4 seed=1 tag=detbayesrt_epoch-80_rpstd-0.1_rkl-1.0e-4_tpstd-0.001_tkl-1.0e-2_fusion-static_logit gpu=2
[launch] stage=core dataset=caltech101 shot=4 seed=1 tag=detbayesrt_epoch-80_rpstd-0.1_rkl-1.0e-3_tpstd-0.001_tkl-1.0e-2_fusion-static_logit gpu=2
[done] stage=core dataset=caltech101 shot=4 seed=1 tag=detbayesrt_epoch-80_rpstd-0.1_rkl-1.0e-4_tpstd-0.001_tkl-1.0e-3_fusion-static_logit gpu=2
[launch] stage=core dataset=caltech101 shot=4 seed=1 tag=detbayesrt_epoch-80_rpstd-0.1_rkl-1.0e-3_tpstd-0.001_tkl-1.0e-3_fusion-static_logit gpu=2
[done] stage=core dataset=caltech101 shot=4 seed=1 tag=detbayesrt_epoch-80_rpstd-0.1_rkl-1.0e-3_tpstd-0.1_tkl-5.0e-2_fusion-static_logit gpu=0
[launch] stage=core dataset=caltech101 shot=4 seed=1 tag=detbayesrt_epoch-80_rpstd-0.01_rkl-1.0e-5_tpstd-0.1_tkl-5.0e-2_fusion-static_logit gpu=0
[done] stage=core dataset=caltech101 shot=4 seed=1 tag=detbayesrt_epoch-80_rpstd-0.1_rkl-1.0e-3_tpstd-0.1_tkl-1.0e-2_fusion-static_logit gpu=1
[launch] stage=core dataset=caltech101 shot=4 seed=1 tag=detbayesrt_epoch-80_rpstd-0.01_rkl-1.0e-5_tpstd-0.1_tkl-1.0e-2_fusion-static_logit gpu=1
[done] stage=core dataset=caltech101 shot=4 seed=1 tag=detbayesrt_epoch-80_rpstd-0.1_rkl-1.0e-3_tpstd-0.1_tkl-1.0e-3_fusion-static_logit gpu=0
[launch] stage=core dataset=caltech101 shot=4 seed=1 tag=detbayesrt_epoch-80_rpstd-0.01_rkl-1.0e-5_tpstd-0.1_tkl-1.0e-3_fusion-static_logit gpu=0
[done] stage=core dataset=caltech101 shot=4 seed=1 tag=detbayesrt_epoch-80_rpstd-0.1_rkl-1.0e-3_tpstd-0.01_tkl-5.0e-2_fusion-static_logit gpu=1
[launch] stage=core dataset=caltech101 shot=4 seed=1 tag=detbayesrt_epoch-80_rpstd-0.01_rkl-1.0e-5_tpstd-0.01_tkl-5.0e-2_fusion-static_logit gpu=1
[done] stage=core dataset=caltech101 shot=4 seed=1 tag=detbayesrt_epoch-80_rpstd-0.1_rkl-1.0e-3_tpstd-0.01_tkl-1.0e-3_fusion-static_logit gpu=0
[done] stage=core dataset=caltech101 shot=4 seed=1 tag=detbayesrt_epoch-80_rpstd-0.1_rkl-1.0e-3_tpstd-0.01_tkl-1.0e-2_fusion-static_logit gpu=1
[launch] stage=core dataset=caltech101 shot=4 seed=1 tag=detbayesrt_epoch-80_rpstd-0.01_rkl-1.0e-5_tpstd-0.01_tkl-1.0e-2_fusion-static_logit gpu=0
[launch] stage=core dataset=caltech101 shot=4 seed=1 tag=detbayesrt_epoch-80_rpstd-0.01_rkl-1.0e-5_tpstd-0.01_tkl-1.0e-3_fusion-static_logit gpu=1
[done] stage=core dataset=caltech101 shot=4 seed=1 tag=detbayesrt_epoch-80_rpstd-0.1_rkl-1.0e-3_tpstd-0.001_tkl-5.0e-2_fusion-static_logit gpu=2
[launch] stage=core dataset=caltech101 shot=4 seed=1 tag=detbayesrt_epoch-80_rpstd-0.01_rkl-1.0e-5_tpstd-0.001_tkl-5.0e-2_fusion-static_logit gpu=2
[done] stage=core dataset=caltech101 shot=4 seed=1 tag=detbayesrt_epoch-80_rpstd-0.1_rkl-1.0e-3_tpstd-0.001_tkl-1.0e-2_fusion-static_logit gpu=2
[launch] stage=core dataset=caltech101 shot=4 seed=1 tag=detbayesrt_epoch-80_rpstd-0.01_rkl-1.0e-5_tpstd-0.001_tkl-1.0e-2_fusion-static_logit gpu=2
[done] stage=core dataset=caltech101 shot=4 seed=1 tag=detbayesrt_epoch-80_rpstd-0.1_rkl-1.0e-3_tpstd-0.001_tkl-1.0e-3_fusion-static_logit gpu=2
[launch] stage=core dataset=caltech101 shot=4 seed=1 tag=detbayesrt_epoch-80_rpstd-0.01_rkl-1.0e-5_tpstd-0.001_tkl-1.0e-3_fusion-static_logit gpu=2
[done] stage=core dataset=caltech101 shot=4 seed=1 tag=detbayesrt_epoch-80_rpstd-0.01_rkl-1.0e-5_tpstd-0.1_tkl-5.0e-2_fusion-static_logit gpu=0
[launch] stage=core dataset=caltech101 shot=4 seed=1 tag=detbayesrt_epoch-80_rpstd-0.01_rkl-1.0e-4_tpstd-0.1_tkl-5.0e-2_fusion-static_logit gpu=0
[done] stage=core dataset=caltech101 shot=4 seed=1 tag=detbayesrt_epoch-80_rpstd-0.01_rkl-1.0e-5_tpstd-0.1_tkl-1.0e-2_fusion-static_logit gpu=1
[launch] stage=core dataset=caltech101 shot=4 seed=1 tag=detbayesrt_epoch-80_rpstd-0.01_rkl-1.0e-4_tpstd-0.1_tkl-1.0e-2_fusion-static_logit gpu=1
[done] stage=core dataset=caltech101 shot=4 seed=1 tag=detbayesrt_epoch-80_rpstd-0.01_rkl-1.0e-5_tpstd-0.1_tkl-1.0e-3_fusion-static_logit gpu=0
[launch] stage=core dataset=caltech101 shot=4 seed=1 tag=detbayesrt_epoch-80_rpstd-0.01_rkl-1.0e-4_tpstd-0.1_tkl-1.0e-3_fusion-static_logit gpu=0
[done] stage=core dataset=caltech101 shot=4 seed=1 tag=detbayesrt_epoch-80_rpstd-0.01_rkl-1.0e-5_tpstd-0.01_tkl-1.0e-2_fusion-static_logit gpu=0
[launch] stage=core dataset=caltech101 shot=4 seed=1 tag=detbayesrt_epoch-80_rpstd-0.01_rkl-1.0e-4_tpstd-0.01_tkl-5.0e-2_fusion-static_logit gpu=0
[done] stage=core dataset=caltech101 shot=4 seed=1 tag=detbayesrt_epoch-80_rpstd-0.01_rkl-1.0e-5_tpstd-0.01_tkl-5.0e-2_fusion-static_logit gpu=1
[launch] stage=core dataset=caltech101 shot=4 seed=1 tag=detbayesrt_epoch-80_rpstd-0.01_rkl-1.0e-4_tpstd-0.01_tkl-1.0e-2_fusion-static_logit gpu=1
[done] stage=core dataset=caltech101 shot=4 seed=1 tag=detbayesrt_epoch-80_rpstd-0.01_rkl-1.0e-5_tpstd-0.01_tkl-1.0e-3_fusion-static_logit gpu=1
[launch] stage=core dataset=caltech101 shot=4 seed=1 tag=detbayesrt_epoch-80_rpstd-0.01_rkl-1.0e-4_tpstd-0.01_tkl-1.0e-3_fusion-static_logit gpu=1
[done] stage=core dataset=caltech101 shot=4 seed=1 tag=detbayesrt_epoch-80_rpstd-0.01_rkl-1.0e-5_tpstd-0.001_tkl-5.0e-2_fusion-static_logit gpu=2
[launch] stage=core dataset=caltech101 shot=4 seed=1 tag=detbayesrt_epoch-80_rpstd-0.01_rkl-1.0e-4_tpstd-0.001_tkl-5.0e-2_fusion-static_logit gpu=2
[done] stage=core dataset=caltech101 shot=4 seed=1 tag=detbayesrt_epoch-80_rpstd-0.01_rkl-1.0e-5_tpstd-0.001_tkl-1.0e-2_fusion-static_logit gpu=2
[launch] stage=core dataset=caltech101 shot=4 seed=1 tag=detbayesrt_epoch-80_rpstd-0.01_rkl-1.0e-4_tpstd-0.001_tkl-1.0e-2_fusion-static_logit gpu=2
[done] stage=core dataset=caltech101 shot=4 seed=1 tag=detbayesrt_epoch-80_rpstd-0.01_rkl-1.0e-5_tpstd-0.001_tkl-1.0e-3_fusion-static_logit gpu=2
[launch] stage=core dataset=caltech101 shot=4 seed=1 tag=detbayesrt_epoch-80_rpstd-0.01_rkl-1.0e-4_tpstd-0.001_tkl-1.0e-3_fusion-static_logit gpu=2
[done] stage=core dataset=caltech101 shot=4 seed=1 tag=detbayesrt_epoch-80_rpstd-0.01_rkl-1.0e-4_tpstd-0.1_tkl-5.0e-2_fusion-static_logit gpu=0
[launch] stage=core dataset=caltech101 shot=4 seed=1 tag=detbayesrt_epoch-80_rpstd-0.01_rkl-1.0e-3_tpstd-0.1_tkl-5.0e-2_fusion-static_logit gpu=0
[done] stage=core dataset=caltech101 shot=4 seed=1 tag=detbayesrt_epoch-80_rpstd-0.01_rkl-1.0e-4_tpstd-0.1_tkl-1.0e-2_fusion-static_logit gpu=1
[launch] stage=core dataset=caltech101 shot=4 seed=1 tag=detbayesrt_epoch-80_rpstd-0.01_rkl-1.0e-3_tpstd-0.1_tkl-1.0e-2_fusion-static_logit gpu=1
[done] stage=core dataset=caltech101 shot=4 seed=1 tag=detbayesrt_epoch-80_rpstd-0.01_rkl-1.0e-4_tpstd-0.1_tkl-1.0e-3_fusion-static_logit gpu=0
[done] stage=core dataset=caltech101 shot=4 seed=1 tag=detbayesrt_epoch-80_rpstd-0.01_rkl-1.0e-4_tpstd-0.01_tkl-1.0e-2_fusion-static_logit gpu=1
[launch] stage=core dataset=caltech101 shot=4 seed=1 tag=detbayesrt_epoch-80_rpstd-0.01_rkl-1.0e-3_tpstd-0.1_tkl-1.0e-3_fusion-static_logit gpu=0
[launch] stage=core dataset=caltech101 shot=4 seed=1 tag=detbayesrt_epoch-80_rpstd-0.01_rkl-1.0e-3_tpstd-0.01_tkl-5.0e-2_fusion-static_logit gpu=1
[done] stage=core dataset=caltech101 shot=4 seed=1 tag=detbayesrt_epoch-80_rpstd-0.01_rkl-1.0e-4_tpstd-0.01_tkl-5.0e-2_fusion-static_logit gpu=0
[done] stage=core dataset=caltech101 shot=4 seed=1 tag=detbayesrt_epoch-80_rpstd-0.01_rkl-1.0e-4_tpstd-0.01_tkl-1.0e-3_fusion-static_logit gpu=1
[launch] stage=core dataset=caltech101 shot=4 seed=1 tag=detbayesrt_epoch-80_rpstd-0.01_rkl-1.0e-3_tpstd-0.01_tkl-1.0e-2_fusion-static_logit gpu=0
[launch] stage=core dataset=caltech101 shot=4 seed=1 tag=detbayesrt_epoch-80_rpstd-0.01_rkl-1.0e-3_tpstd-0.01_tkl-1.0e-3_fusion-static_logit gpu=1
[done] stage=core dataset=caltech101 shot=4 seed=1 tag=detbayesrt_epoch-80_rpstd-0.01_rkl-1.0e-4_tpstd-0.001_tkl-5.0e-2_fusion-static_logit gpu=2
[launch] stage=core dataset=caltech101 shot=4 seed=1 tag=detbayesrt_epoch-80_rpstd-0.01_rkl-1.0e-3_tpstd-0.001_tkl-5.0e-2_fusion-static_logit gpu=2
[done] stage=core dataset=caltech101 shot=4 seed=1 tag=detbayesrt_epoch-80_rpstd-0.01_rkl-1.0e-4_tpstd-0.001_tkl-1.0e-3_fusion-static_logit gpu=2
[done] stage=core dataset=caltech101 shot=4 seed=1 tag=detbayesrt_epoch-80_rpstd-0.01_rkl-1.0e-4_tpstd-0.001_tkl-1.0e-2_fusion-static_logit gpu=2
[launch] stage=core dataset=caltech101 shot=4 seed=1 tag=detbayesrt_epoch-80_rpstd-0.01_rkl-1.0e-3_tpstd-0.001_tkl-1.0e-2_fusion-static_logit gpu=2
[launch] stage=core dataset=caltech101 shot=4 seed=1 tag=detbayesrt_epoch-80_rpstd-0.01_rkl-1.0e-3_tpstd-0.001_tkl-1.0e-3_fusion-static_logit gpu=2
[done] stage=core dataset=caltech101 shot=4 seed=1 tag=detbayesrt_epoch-80_rpstd-0.01_rkl-1.0e-3_tpstd-0.1_tkl-5.0e-2_fusion-static_logit gpu=0
[launch] stage=core dataset=caltech101 shot=4 seed=1 tag=detbayesrt_epoch-80_rpstd-0.001_rkl-1.0e-5_tpstd-0.1_tkl-5.0e-2_fusion-static_logit gpu=0
[done] stage=core dataset=caltech101 shot=4 seed=1 tag=detbayesrt_epoch-80_rpstd-0.01_rkl-1.0e-3_tpstd-0.1_tkl-1.0e-2_fusion-static_logit gpu=1
[launch] stage=core dataset=caltech101 shot=4 seed=1 tag=detbayesrt_epoch-80_rpstd-0.001_rkl-1.0e-5_tpstd-0.1_tkl-1.0e-2_fusion-static_logit gpu=1
[done] stage=core dataset=caltech101 shot=4 seed=1 tag=detbayesrt_epoch-80_rpstd-0.01_rkl-1.0e-3_tpstd-0.1_tkl-1.0e-3_fusion-static_logit gpu=0
[launch] stage=core dataset=caltech101 shot=4 seed=1 tag=detbayesrt_epoch-80_rpstd-0.001_rkl-1.0e-5_tpstd-0.1_tkl-1.0e-3_fusion-static_logit gpu=0
[done] stage=core dataset=caltech101 shot=4 seed=1 tag=detbayesrt_epoch-80_rpstd-0.01_rkl-1.0e-3_tpstd-0.01_tkl-5.0e-2_fusion-static_logit gpu=1
[launch] stage=core dataset=caltech101 shot=4 seed=1 tag=detbayesrt_epoch-80_rpstd-0.001_rkl-1.0e-5_tpstd-0.01_tkl-5.0e-2_fusion-static_logit gpu=1
[done] stage=core dataset=caltech101 shot=4 seed=1 tag=detbayesrt_epoch-80_rpstd-0.01_rkl-1.0e-3_tpstd-0.01_tkl-1.0e-3_fusion-static_logit gpu=1
[launch] stage=core dataset=caltech101 shot=4 seed=1 tag=detbayesrt_epoch-80_rpstd-0.001_rkl-1.0e-5_tpstd-0.01_tkl-1.0e-2_fusion-static_logit gpu=1
[done] stage=core dataset=caltech101 shot=4 seed=1 tag=detbayesrt_epoch-80_rpstd-0.01_rkl-1.0e-3_tpstd-0.01_tkl-1.0e-2_fusion-static_logit gpu=0
[launch] stage=core dataset=caltech101 shot=4 seed=1 tag=detbayesrt_epoch-80_rpstd-0.001_rkl-1.0e-5_tpstd-0.01_tkl-1.0e-3_fusion-static_logit gpu=0
[done] stage=core dataset=caltech101 shot=4 seed=1 tag=detbayesrt_epoch-80_rpstd-0.01_rkl-1.0e-3_tpstd-0.001_tkl-5.0e-2_fusion-static_logit gpu=2
[launch] stage=core dataset=caltech101 shot=4 seed=1 tag=detbayesrt_epoch-80_rpstd-0.001_rkl-1.0e-5_tpstd-0.001_tkl-5.0e-2_fusion-static_logit gpu=2
[done] stage=core dataset=caltech101 shot=4 seed=1 tag=detbayesrt_epoch-80_rpstd-0.01_rkl-1.0e-3_tpstd-0.001_tkl-1.0e-2_fusion-static_logit gpu=2
[done] stage=core dataset=caltech101 shot=4 seed=1 tag=detbayesrt_epoch-80_rpstd-0.01_rkl-1.0e-3_tpstd-0.001_tkl-1.0e-3_fusion-static_logit gpu=2
[launch] stage=core dataset=caltech101 shot=4 seed=1 tag=detbayesrt_epoch-80_rpstd-0.001_rkl-1.0e-5_tpstd-0.001_tkl-1.0e-2_fusion-static_logit gpu=2
[launch] stage=core dataset=caltech101 shot=4 seed=1 tag=detbayesrt_epoch-80_rpstd-0.001_rkl-1.0e-5_tpstd-0.001_tkl-1.0e-3_fusion-static_logit gpu=2
[done] stage=core dataset=caltech101 shot=4 seed=1 tag=detbayesrt_epoch-80_rpstd-0.001_rkl-1.0e-5_tpstd-0.1_tkl-5.0e-2_fusion-static_logit gpu=0
[launch] stage=core dataset=caltech101 shot=4 seed=1 tag=detbayesrt_epoch-80_rpstd-0.001_rkl-1.0e-4_tpstd-0.1_tkl-5.0e-2_fusion-static_logit gpu=0
[done] stage=core dataset=caltech101 shot=4 seed=1 tag=detbayesrt_epoch-80_rpstd-0.001_rkl-1.0e-5_tpstd-0.1_tkl-1.0e-2_fusion-static_logit gpu=1
[launch] stage=core dataset=caltech101 shot=4 seed=1 tag=detbayesrt_epoch-80_rpstd-0.001_rkl-1.0e-4_tpstd-0.1_tkl-1.0e-2_fusion-static_logit gpu=1
[done] stage=core dataset=caltech101 shot=4 seed=1 tag=detbayesrt_epoch-80_rpstd-0.001_rkl-1.0e-5_tpstd-0.1_tkl-1.0e-3_fusion-static_logit gpu=0
[launch] stage=core dataset=caltech101 shot=4 seed=1 tag=detbayesrt_epoch-80_rpstd-0.001_rkl-1.0e-4_tpstd-0.1_tkl-1.0e-3_fusion-static_logit gpu=0
[done] stage=core dataset=caltech101 shot=4 seed=1 tag=detbayesrt_epoch-80_rpstd-0.001_rkl-1.0e-5_tpstd-0.01_tkl-5.0e-2_fusion-static_logit gpu=1
[launch] stage=core dataset=caltech101 shot=4 seed=1 tag=detbayesrt_epoch-80_rpstd-0.001_rkl-1.0e-4_tpstd-0.01_tkl-5.0e-2_fusion-static_logit gpu=1
[done] stage=core dataset=caltech101 shot=4 seed=1 tag=detbayesrt_epoch-80_rpstd-0.001_rkl-1.0e-5_tpstd-0.01_tkl-1.0e-3_fusion-static_logit gpu=0
[launch] stage=core dataset=caltech101 shot=4 seed=1 tag=detbayesrt_epoch-80_rpstd-0.001_rkl-1.0e-4_tpstd-0.01_tkl-1.0e-2_fusion-static_logit gpu=0
[done] stage=core dataset=caltech101 shot=4 seed=1 tag=detbayesrt_epoch-80_rpstd-0.001_rkl-1.0e-5_tpstd-0.01_tkl-1.0e-2_fusion-static_logit gpu=1
[launch] stage=core dataset=caltech101 shot=4 seed=1 tag=detbayesrt_epoch-80_rpstd-0.001_rkl-1.0e-4_tpstd-0.01_tkl-1.0e-3_fusion-static_logit gpu=1
[done] stage=core dataset=caltech101 shot=4 seed=1 tag=detbayesrt_epoch-80_rpstd-0.001_rkl-1.0e-5_tpstd-0.001_tkl-5.0e-2_fusion-static_logit gpu=2
[launch] stage=core dataset=caltech101 shot=4 seed=1 tag=detbayesrt_epoch-80_rpstd-0.001_rkl-1.0e-4_tpstd-0.001_tkl-5.0e-2_fusion-static_logit gpu=2
[done] stage=core dataset=caltech101 shot=4 seed=1 tag=detbayesrt_epoch-80_rpstd-0.001_rkl-1.0e-5_tpstd-0.001_tkl-1.0e-3_fusion-static_logit gpu=2
[launch] stage=core dataset=caltech101 shot=4 seed=1 tag=detbayesrt_epoch-80_rpstd-0.001_rkl-1.0e-4_tpstd-0.001_tkl-1.0e-2_fusion-static_logit gpu=2
[done] stage=core dataset=caltech101 shot=4 seed=1 tag=detbayesrt_epoch-80_rpstd-0.001_rkl-1.0e-5_tpstd-0.001_tkl-1.0e-2_fusion-static_logit gpu=2
[launch] stage=core dataset=caltech101 shot=4 seed=1 tag=detbayesrt_epoch-80_rpstd-0.001_rkl-1.0e-4_tpstd-0.001_tkl-1.0e-3_fusion-static_logit gpu=2
[done] stage=core dataset=caltech101 shot=4 seed=1 tag=detbayesrt_epoch-80_rpstd-0.001_rkl-1.0e-4_tpstd-0.1_tkl-5.0e-2_fusion-static_logit gpu=0
[launch] stage=core dataset=caltech101 shot=4 seed=1 tag=detbayesrt_epoch-80_rpstd-0.001_rkl-1.0e-3_tpstd-0.1_tkl-5.0e-2_fusion-static_logit gpu=0
[done] stage=core dataset=caltech101 shot=4 seed=1 tag=detbayesrt_epoch-80_rpstd-0.001_rkl-1.0e-4_tpstd-0.1_tkl-1.0e-2_fusion-static_logit gpu=1
[launch] stage=core dataset=caltech101 shot=4 seed=1 tag=detbayesrt_epoch-80_rpstd-0.001_rkl-1.0e-3_tpstd-0.1_tkl-1.0e-2_fusion-static_logit gpu=1
[done] stage=core dataset=caltech101 shot=4 seed=1 tag=detbayesrt_epoch-80_rpstd-0.001_rkl-1.0e-4_tpstd-0.1_tkl-1.0e-3_fusion-static_logit gpu=0
[launch] stage=core dataset=caltech101 shot=4 seed=1 tag=detbayesrt_epoch-80_rpstd-0.001_rkl-1.0e-3_tpstd-0.1_tkl-1.0e-3_fusion-static_logit gpu=0
[done] stage=core dataset=caltech101 shot=4 seed=1 tag=detbayesrt_epoch-80_rpstd-0.001_rkl-1.0e-4_tpstd-0.01_tkl-1.0e-2_fusion-static_logit gpu=0
[launch] stage=core dataset=caltech101 shot=4 seed=1 tag=detbayesrt_epoch-80_rpstd-0.001_rkl-1.0e-3_tpstd-0.01_tkl-5.0e-2_fusion-static_logit gpu=0
[done] stage=core dataset=caltech101 shot=4 seed=1 tag=detbayesrt_epoch-80_rpstd-0.001_rkl-1.0e-4_tpstd-0.01_tkl-5.0e-2_fusion-static_logit gpu=1
[launch] stage=core dataset=caltech101 shot=4 seed=1 tag=detbayesrt_epoch-80_rpstd-0.001_rkl-1.0e-3_tpstd-0.01_tkl-1.0e-2_fusion-static_logit gpu=1
[done] stage=core dataset=caltech101 shot=4 seed=1 tag=detbayesrt_epoch-80_rpstd-0.001_rkl-1.0e-4_tpstd-0.01_tkl-1.0e-3_fusion-static_logit gpu=1
[launch] stage=core dataset=caltech101 shot=4 seed=1 tag=detbayesrt_epoch-80_rpstd-0.001_rkl-1.0e-3_tpstd-0.01_tkl-1.0e-3_fusion-static_logit gpu=1
[done] stage=core dataset=caltech101 shot=4 seed=1 tag=detbayesrt_epoch-80_rpstd-0.001_rkl-1.0e-4_tpstd-0.001_tkl-5.0e-2_fusion-static_logit gpu=2
[done] stage=core dataset=caltech101 shot=4 seed=1 tag=detbayesrt_epoch-80_rpstd-0.001_rkl-1.0e-4_tpstd-0.001_tkl-1.0e-2_fusion-static_logit gpu=2
[launch] stage=core dataset=caltech101 shot=4 seed=1 tag=detbayesrt_epoch-80_rpstd-0.001_rkl-1.0e-3_tpstd-0.001_tkl-5.0e-2_fusion-static_logit gpu=2
[launch] stage=core dataset=caltech101 shot=4 seed=1 tag=detbayesrt_epoch-80_rpstd-0.001_rkl-1.0e-3_tpstd-0.001_tkl-1.0e-2_fusion-static_logit gpu=2
[done] stage=core dataset=caltech101 shot=4 seed=1 tag=detbayesrt_epoch-80_rpstd-0.001_rkl-1.0e-4_tpstd-0.001_tkl-1.0e-3_fusion-static_logit gpu=2
[launch] stage=core dataset=caltech101 shot=4 seed=1 tag=detbayesrt_epoch-80_rpstd-0.001_rkl-1.0e-3_tpstd-0.001_tkl-1.0e-3_fusion-static_logit gpu=2
[done] stage=core dataset=caltech101 shot=4 seed=1 tag=detbayesrt_epoch-80_rpstd-0.001_rkl-1.0e-3_tpstd-0.1_tkl-5.0e-2_fusion-static_logit gpu=0
[done] stage=core dataset=caltech101 shot=4 seed=1 tag=detbayesrt_epoch-80_rpstd-0.001_rkl-1.0e-3_tpstd-0.1_tkl-1.0e-2_fusion-static_logit gpu=1
[launch] stage=core dataset=caltech101 shot=8 seed=1 tag=detbayesrt_epoch-80_rpstd-0.1_rkl-1.0e-5_tpstd-0.1_tkl-5.0e-2_fusion-static_logit gpu=0
[launch] stage=core dataset=caltech101 shot=8 seed=1 tag=detbayesrt_epoch-80_rpstd-0.1_rkl-1.0e-5_tpstd-0.1_tkl-1.0e-2_fusion-static_logit gpu=1
[done] stage=core dataset=caltech101 shot=4 seed=1 tag=detbayesrt_epoch-80_rpstd-0.001_rkl-1.0e-3_tpstd-0.1_tkl-1.0e-3_fusion-static_logit gpu=0
[launch] stage=core dataset=caltech101 shot=8 seed=1 tag=detbayesrt_epoch-80_rpstd-0.1_rkl-1.0e-5_tpstd-0.1_tkl-1.0e-3_fusion-static_logit gpu=0
[done] stage=core dataset=caltech101 shot=4 seed=1 tag=detbayesrt_epoch-80_rpstd-0.001_rkl-1.0e-3_tpstd-0.01_tkl-5.0e-2_fusion-static_logit gpu=0
[launch] stage=core dataset=caltech101 shot=8 seed=1 tag=detbayesrt_epoch-80_rpstd-0.1_rkl-1.0e-5_tpstd-0.01_tkl-5.0e-2_fusion-static_logit gpu=0
[done] stage=core dataset=caltech101 shot=4 seed=1 tag=detbayesrt_epoch-80_rpstd-0.001_rkl-1.0e-3_tpstd-0.01_tkl-1.0e-2_fusion-static_logit gpu=1
[launch] stage=core dataset=caltech101 shot=8 seed=1 tag=detbayesrt_epoch-80_rpstd-0.1_rkl-1.0e-5_tpstd-0.01_tkl-1.0e-2_fusion-static_logit gpu=1
[done] stage=core dataset=caltech101 shot=4 seed=1 tag=detbayesrt_epoch-80_rpstd-0.001_rkl-1.0e-3_tpstd-0.01_tkl-1.0e-3_fusion-static_logit gpu=1
[launch] stage=core dataset=caltech101 shot=8 seed=1 tag=detbayesrt_epoch-80_rpstd-0.1_rkl-1.0e-5_tpstd-0.01_tkl-1.0e-3_fusion-static_logit gpu=1
[done] stage=core dataset=caltech101 shot=4 seed=1 tag=detbayesrt_epoch-80_rpstd-0.001_rkl-1.0e-3_tpstd-0.001_tkl-1.0e-2_fusion-static_logit gpu=2
[launch] stage=core dataset=caltech101 shot=8 seed=1 tag=detbayesrt_epoch-80_rpstd-0.1_rkl-1.0e-5_tpstd-0.001_tkl-5.0e-2_fusion-static_logit gpu=2
[done] stage=core dataset=caltech101 shot=4 seed=1 tag=detbayesrt_epoch-80_rpstd-0.001_rkl-1.0e-3_tpstd-0.001_tkl-5.0e-2_fusion-static_logit gpu=2
[done] stage=core dataset=caltech101 shot=4 seed=1 tag=detbayesrt_epoch-80_rpstd-0.001_rkl-1.0e-3_tpstd-0.001_tkl-1.0e-3_fusion-static_logit gpu=2
[launch] stage=core dataset=caltech101 shot=8 seed=1 tag=detbayesrt_epoch-80_rpstd-0.1_rkl-1.0e-5_tpstd-0.001_tkl-1.0e-2_fusion-static_logit gpu=2
[launch] stage=core dataset=caltech101 shot=8 seed=1 tag=detbayesrt_epoch-80_rpstd-0.1_rkl-1.0e-5_tpstd-0.001_tkl-1.0e-3_fusion-static_logit gpu=2
[done] stage=core dataset=caltech101 shot=8 seed=1 tag=detbayesrt_epoch-80_rpstd-0.1_rkl-1.0e-5_tpstd-0.1_tkl-5.0e-2_fusion-static_logit gpu=0
[launch] stage=core dataset=caltech101 shot=8 seed=1 tag=detbayesrt_epoch-80_rpstd-0.1_rkl-1.0e-4_tpstd-0.1_tkl-5.0e-2_fusion-static_logit gpu=0
[done] stage=core dataset=caltech101 shot=8 seed=1 tag=detbayesrt_epoch-80_rpstd-0.1_rkl-1.0e-5_tpstd-0.1_tkl-1.0e-2_fusion-static_logit gpu=1
[launch] stage=core dataset=caltech101 shot=8 seed=1 tag=detbayesrt_epoch-80_rpstd-0.1_rkl-1.0e-4_tpstd-0.1_tkl-1.0e-2_fusion-static_logit gpu=1
[done] stage=core dataset=caltech101 shot=8 seed=1 tag=detbayesrt_epoch-80_rpstd-0.1_rkl-1.0e-5_tpstd-0.1_tkl-1.0e-3_fusion-static_logit gpu=0
[launch] stage=core dataset=caltech101 shot=8 seed=1 tag=detbayesrt_epoch-80_rpstd-0.1_rkl-1.0e-4_tpstd-0.1_tkl-1.0e-3_fusion-static_logit gpu=0
[done] stage=core dataset=caltech101 shot=8 seed=1 tag=detbayesrt_epoch-80_rpstd-0.1_rkl-1.0e-5_tpstd-0.01_tkl-5.0e-2_fusion-static_logit gpu=0
[launch] stage=core dataset=caltech101 shot=8 seed=1 tag=detbayesrt_epoch-80_rpstd-0.1_rkl-1.0e-4_tpstd-0.01_tkl-5.0e-2_fusion-static_logit gpu=0
[done] stage=core dataset=caltech101 shot=8 seed=1 tag=detbayesrt_epoch-80_rpstd-0.1_rkl-1.0e-5_tpstd-0.01_tkl-1.0e-2_fusion-static_logit gpu=1
[launch] stage=core dataset=caltech101 shot=8 seed=1 tag=detbayesrt_epoch-80_rpstd-0.1_rkl-1.0e-4_tpstd-0.01_tkl-1.0e-2_fusion-static_logit gpu=1
[done] stage=core dataset=caltech101 shot=8 seed=1 tag=detbayesrt_epoch-80_rpstd-0.1_rkl-1.0e-5_tpstd-0.01_tkl-1.0e-3_fusion-static_logit gpu=1
[launch] stage=core dataset=caltech101 shot=8 seed=1 tag=detbayesrt_epoch-80_rpstd-0.1_rkl-1.0e-4_tpstd-0.01_tkl-1.0e-3_fusion-static_logit gpu=1
[done] stage=core dataset=caltech101 shot=8 seed=1 tag=detbayesrt_epoch-80_rpstd-0.1_rkl-1.0e-5_tpstd-0.001_tkl-5.0e-2_fusion-static_logit gpu=2
[launch] stage=core dataset=caltech101 shot=8 seed=1 tag=detbayesrt_epoch-80_rpstd-0.1_rkl-1.0e-4_tpstd-0.001_tkl-5.0e-2_fusion-static_logit gpu=2
[done] stage=core dataset=caltech101 shot=8 seed=1 tag=detbayesrt_epoch-80_rpstd-0.1_rkl-1.0e-5_tpstd-0.001_tkl-1.0e-2_fusion-static_logit gpu=2
[done] stage=core dataset=caltech101 shot=8 seed=1 tag=detbayesrt_epoch-80_rpstd-0.1_rkl-1.0e-5_tpstd-0.001_tkl-1.0e-3_fusion-static_logit gpu=2
[launch] stage=core dataset=caltech101 shot=8 seed=1 tag=detbayesrt_epoch-80_rpstd-0.1_rkl-1.0e-4_tpstd-0.001_tkl-1.0e-2_fusion-static_logit gpu=2
[launch] stage=core dataset=caltech101 shot=8 seed=1 tag=detbayesrt_epoch-80_rpstd-0.1_rkl-1.0e-4_tpstd-0.001_tkl-1.0e-3_fusion-static_logit gpu=2
[done] stage=core dataset=caltech101 shot=8 seed=1 tag=detbayesrt_epoch-80_rpstd-0.1_rkl-1.0e-4_tpstd-0.1_tkl-5.0e-2_fusion-static_logit gpu=0
[launch] stage=core dataset=caltech101 shot=8 seed=1 tag=detbayesrt_epoch-80_rpstd-0.1_rkl-1.0e-3_tpstd-0.1_tkl-5.0e-2_fusion-static_logit gpu=0
[done] stage=core dataset=caltech101 shot=8 seed=1 tag=detbayesrt_epoch-80_rpstd-0.1_rkl-1.0e-4_tpstd-0.1_tkl-1.0e-2_fusion-static_logit gpu=1
[launch] stage=core dataset=caltech101 shot=8 seed=1 tag=detbayesrt_epoch-80_rpstd-0.1_rkl-1.0e-3_tpstd-0.1_tkl-1.0e-2_fusion-static_logit gpu=1
[done] stage=core dataset=caltech101 shot=8 seed=1 tag=detbayesrt_epoch-80_rpstd-0.1_rkl-1.0e-4_tpstd-0.1_tkl-1.0e-3_fusion-static_logit gpu=0
[launch] stage=core dataset=caltech101 shot=8 seed=1 tag=detbayesrt_epoch-80_rpstd-0.1_rkl-1.0e-3_tpstd-0.1_tkl-1.0e-3_fusion-static_logit gpu=0
[done] stage=core dataset=caltech101 shot=8 seed=1 tag=detbayesrt_epoch-80_rpstd-0.1_rkl-1.0e-4_tpstd-0.01_tkl-5.0e-2_fusion-static_logit gpu=0
[launch] stage=core dataset=caltech101 shot=8 seed=1 tag=detbayesrt_epoch-80_rpstd-0.1_rkl-1.0e-3_tpstd-0.01_tkl-5.0e-2_fusion-static_logit gpu=0
[done] stage=core dataset=caltech101 shot=8 seed=1 tag=detbayesrt_epoch-80_rpstd-0.1_rkl-1.0e-4_tpstd-0.01_tkl-1.0e-2_fusion-static_logit gpu=1
[launch] stage=core dataset=caltech101 shot=8 seed=1 tag=detbayesrt_epoch-80_rpstd-0.1_rkl-1.0e-3_tpstd-0.01_tkl-1.0e-2_fusion-static_logit gpu=1
[done] stage=core dataset=caltech101 shot=8 seed=1 tag=detbayesrt_epoch-80_rpstd-0.1_rkl-1.0e-4_tpstd-0.01_tkl-1.0e-3_fusion-static_logit gpu=1
[launch] stage=core dataset=caltech101 shot=8 seed=1 tag=detbayesrt_epoch-80_rpstd-0.1_rkl-1.0e-3_tpstd-0.01_tkl-1.0e-3_fusion-static_logit gpu=1
[done] stage=core dataset=caltech101 shot=8 seed=1 tag=detbayesrt_epoch-80_rpstd-0.1_rkl-1.0e-4_tpstd-0.001_tkl-5.0e-2_fusion-static_logit gpu=2
[launch] stage=core dataset=caltech101 shot=8 seed=1 tag=detbayesrt_epoch-80_rpstd-0.1_rkl-1.0e-3_tpstd-0.001_tkl-5.0e-2_fusion-static_logit gpu=2
[done] stage=core dataset=caltech101 shot=8 seed=1 tag=detbayesrt_epoch-80_rpstd-0.1_rkl-1.0e-4_tpstd-0.001_tkl-1.0e-3_fusion-static_logit gpu=2
[launch] stage=core dataset=caltech101 shot=8 seed=1 tag=detbayesrt_epoch-80_rpstd-0.1_rkl-1.0e-3_tpstd-0.001_tkl-1.0e-2_fusion-static_logit gpu=2
[done] stage=core dataset=caltech101 shot=8 seed=1 tag=detbayesrt_epoch-80_rpstd-0.1_rkl-1.0e-4_tpstd-0.001_tkl-1.0e-2_fusion-static_logit gpu=2
[launch] stage=core dataset=caltech101 shot=8 seed=1 tag=detbayesrt_epoch-80_rpstd-0.1_rkl-1.0e-3_tpstd-0.001_tkl-1.0e-3_fusion-static_logit gpu=2
[done] stage=core dataset=caltech101 shot=8 seed=1 tag=detbayesrt_epoch-80_rpstd-0.1_rkl-1.0e-3_tpstd-0.1_tkl-5.0e-2_fusion-static_logit gpu=0
[launch] stage=core dataset=caltech101 shot=8 seed=1 tag=detbayesrt_epoch-80_rpstd-0.01_rkl-1.0e-5_tpstd-0.1_tkl-5.0e-2_fusion-static_logit gpu=0
[done] stage=core dataset=caltech101 shot=8 seed=1 tag=detbayesrt_epoch-80_rpstd-0.1_rkl-1.0e-3_tpstd-0.1_tkl-1.0e-3_fusion-static_logit gpu=0
[launch] stage=core dataset=caltech101 shot=8 seed=1 tag=detbayesrt_epoch-80_rpstd-0.01_rkl-1.0e-5_tpstd-0.1_tkl-1.0e-2_fusion-static_logit gpu=0
[done] stage=core dataset=caltech101 shot=8 seed=1 tag=detbayesrt_epoch-80_rpstd-0.1_rkl-1.0e-3_tpstd-0.01_tkl-5.0e-2_fusion-static_logit gpu=0
[launch] stage=core dataset=caltech101 shot=8 seed=1 tag=detbayesrt_epoch-80_rpstd-0.01_rkl-1.0e-5_tpstd-0.1_tkl-1.0e-3_fusion-static_logit gpu=0
[done] stage=core dataset=caltech101 shot=8 seed=1 tag=detbayesrt_epoch-80_rpstd-0.1_rkl-1.0e-3_tpstd-0.1_tkl-1.0e-2_fusion-static_logit gpu=1
[launch] stage=core dataset=caltech101 shot=8 seed=1 tag=detbayesrt_epoch-80_rpstd-0.01_rkl-1.0e-5_tpstd-0.01_tkl-5.0e-2_fusion-static_logit gpu=1
[done] stage=core dataset=caltech101 shot=8 seed=1 tag=detbayesrt_epoch-80_rpstd-0.1_rkl-1.0e-3_tpstd-0.01_tkl-1.0e-2_fusion-static_logit gpu=1
[launch] stage=core dataset=caltech101 shot=8 seed=1 tag=detbayesrt_epoch-80_rpstd-0.01_rkl-1.0e-5_tpstd-0.01_tkl-1.0e-2_fusion-static_logit gpu=1
[done] stage=core dataset=caltech101 shot=8 seed=1 tag=detbayesrt_epoch-80_rpstd-0.1_rkl-1.0e-3_tpstd-0.01_tkl-1.0e-3_fusion-static_logit gpu=1
[launch] stage=core dataset=caltech101 shot=8 seed=1 tag=detbayesrt_epoch-80_rpstd-0.01_rkl-1.0e-5_tpstd-0.01_tkl-1.0e-3_fusion-static_logit gpu=1
[done] stage=core dataset=caltech101 shot=8 seed=1 tag=detbayesrt_epoch-80_rpstd-0.1_rkl-1.0e-3_tpstd-0.001_tkl-1.0e-2_fusion-static_logit gpu=2
[done] stage=core dataset=caltech101 shot=8 seed=1 tag=detbayesrt_epoch-80_rpstd-0.1_rkl-1.0e-3_tpstd-0.001_tkl-5.0e-2_fusion-static_logit gpu=2
[launch] stage=core dataset=caltech101 shot=8 seed=1 tag=detbayesrt_epoch-80_rpstd-0.01_rkl-1.0e-5_tpstd-0.001_tkl-5.0e-2_fusion-static_logit gpu=2
[launch] stage=core dataset=caltech101 shot=8 seed=1 tag=detbayesrt_epoch-80_rpstd-0.01_rkl-1.0e-5_tpstd-0.001_tkl-1.0e-2_fusion-static_logit gpu=2
[done] stage=core dataset=caltech101 shot=8 seed=1 tag=detbayesrt_epoch-80_rpstd-0.1_rkl-1.0e-3_tpstd-0.001_tkl-1.0e-3_fusion-static_logit gpu=2
[launch] stage=core dataset=caltech101 shot=8 seed=1 tag=detbayesrt_epoch-80_rpstd-0.01_rkl-1.0e-5_tpstd-0.001_tkl-1.0e-3_fusion-static_logit gpu=2
[done] stage=core dataset=caltech101 shot=8 seed=1 tag=detbayesrt_epoch-80_rpstd-0.01_rkl-1.0e-5_tpstd-0.1_tkl-5.0e-2_fusion-static_logit gpu=0
[launch] stage=core dataset=caltech101 shot=8 seed=1 tag=detbayesrt_epoch-80_rpstd-0.01_rkl-1.0e-4_tpstd-0.1_tkl-5.0e-2_fusion-static_logit gpu=0
[done] stage=core dataset=caltech101 shot=8 seed=1 tag=detbayesrt_epoch-80_rpstd-0.01_rkl-1.0e-5_tpstd-0.1_tkl-1.0e-2_fusion-static_logit gpu=0
[launch] stage=core dataset=caltech101 shot=8 seed=1 tag=detbayesrt_epoch-80_rpstd-0.01_rkl-1.0e-4_tpstd-0.1_tkl-1.0e-2_fusion-static_logit gpu=0
[done] stage=core dataset=caltech101 shot=8 seed=1 tag=detbayesrt_epoch-80_rpstd-0.01_rkl-1.0e-5_tpstd-0.1_tkl-1.0e-3_fusion-static_logit gpu=0
[launch] stage=core dataset=caltech101 shot=8 seed=1 tag=detbayesrt_epoch-80_rpstd-0.01_rkl-1.0e-4_tpstd-0.1_tkl-1.0e-3_fusion-static_logit gpu=0
[done] stage=core dataset=caltech101 shot=8 seed=1 tag=detbayesrt_epoch-80_rpstd-0.01_rkl-1.0e-5_tpstd-0.01_tkl-5.0e-2_fusion-static_logit gpu=1
[launch] stage=core dataset=caltech101 shot=8 seed=1 tag=detbayesrt_epoch-80_rpstd-0.01_rkl-1.0e-4_tpstd-0.01_tkl-5.0e-2_fusion-static_logit gpu=1
[done] stage=core dataset=caltech101 shot=8 seed=1 tag=detbayesrt_epoch-80_rpstd-0.01_rkl-1.0e-5_tpstd-0.01_tkl-1.0e-2_fusion-static_logit gpu=1
[launch] stage=core dataset=caltech101 shot=8 seed=1 tag=detbayesrt_epoch-80_rpstd-0.01_rkl-1.0e-4_tpstd-0.01_tkl-1.0e-2_fusion-static_logit gpu=1
[done] stage=core dataset=caltech101 shot=8 seed=1 tag=detbayesrt_epoch-80_rpstd-0.01_rkl-1.0e-5_tpstd-0.01_tkl-1.0e-3_fusion-static_logit gpu=1
[launch] stage=core dataset=caltech101 shot=8 seed=1 tag=detbayesrt_epoch-80_rpstd-0.01_rkl-1.0e-4_tpstd-0.01_tkl-1.0e-3_fusion-static_logit gpu=1
[done] stage=core dataset=caltech101 shot=8 seed=1 tag=detbayesrt_epoch-80_rpstd-0.01_rkl-1.0e-5_tpstd-0.001_tkl-5.0e-2_fusion-static_logit gpu=2
[done] stage=core dataset=caltech101 shot=8 seed=1 tag=detbayesrt_epoch-80_rpstd-0.01_rkl-1.0e-5_tpstd-0.001_tkl-1.0e-2_fusion-static_logit gpu=2
[launch] stage=core dataset=caltech101 shot=8 seed=1 tag=detbayesrt_epoch-80_rpstd-0.01_rkl-1.0e-4_tpstd-0.001_tkl-5.0e-2_fusion-static_logit gpu=2
[launch] stage=core dataset=caltech101 shot=8 seed=1 tag=detbayesrt_epoch-80_rpstd-0.01_rkl-1.0e-4_tpstd-0.001_tkl-1.0e-2_fusion-static_logit gpu=2
[done] stage=core dataset=caltech101 shot=8 seed=1 tag=detbayesrt_epoch-80_rpstd-0.01_rkl-1.0e-5_tpstd-0.001_tkl-1.0e-3_fusion-static_logit gpu=2
[launch] stage=core dataset=caltech101 shot=8 seed=1 tag=detbayesrt_epoch-80_rpstd-0.01_rkl-1.0e-4_tpstd-0.001_tkl-1.0e-3_fusion-static_logit gpu=2
[done] stage=core dataset=caltech101 shot=8 seed=1 tag=detbayesrt_epoch-80_rpstd-0.01_rkl-1.0e-4_tpstd-0.1_tkl-5.0e-2_fusion-static_logit gpu=0
[launch] stage=core dataset=caltech101 shot=8 seed=1 tag=detbayesrt_epoch-80_rpstd-0.01_rkl-1.0e-3_tpstd-0.1_tkl-5.0e-2_fusion-static_logit gpu=0
[done] stage=core dataset=caltech101 shot=8 seed=1 tag=detbayesrt_epoch-80_rpstd-0.01_rkl-1.0e-4_tpstd-0.01_tkl-5.0e-2_fusion-static_logit gpu=1
[launch] stage=core dataset=caltech101 shot=8 seed=1 tag=detbayesrt_epoch-80_rpstd-0.01_rkl-1.0e-3_tpstd-0.1_tkl-1.0e-2_fusion-static_logit gpu=1
[done] stage=core dataset=caltech101 shot=8 seed=1 tag=detbayesrt_epoch-80_rpstd-0.01_rkl-1.0e-4_tpstd-0.1_tkl-1.0e-2_fusion-static_logit gpu=0
[launch] stage=core dataset=caltech101 shot=8 seed=1 tag=detbayesrt_epoch-80_rpstd-0.01_rkl-1.0e-3_tpstd-0.1_tkl-1.0e-3_fusion-static_logit gpu=0
[done] stage=core dataset=caltech101 shot=8 seed=1 tag=detbayesrt_epoch-80_rpstd-0.01_rkl-1.0e-4_tpstd-0.1_tkl-1.0e-3_fusion-static_logit gpu=0
[launch] stage=core dataset=caltech101 shot=8 seed=1 tag=detbayesrt_epoch-80_rpstd-0.01_rkl-1.0e-3_tpstd-0.01_tkl-5.0e-2_fusion-static_logit gpu=0
[done] stage=core dataset=caltech101 shot=8 seed=1 tag=detbayesrt_epoch-80_rpstd-0.01_rkl-1.0e-4_tpstd-0.01_tkl-1.0e-3_fusion-static_logit gpu=1
[launch] stage=core dataset=caltech101 shot=8 seed=1 tag=detbayesrt_epoch-80_rpstd-0.01_rkl-1.0e-3_tpstd-0.01_tkl-1.0e-2_fusion-static_logit gpu=1
[done] stage=core dataset=caltech101 shot=8 seed=1 tag=detbayesrt_epoch-80_rpstd-0.01_rkl-1.0e-4_tpstd-0.01_tkl-1.0e-2_fusion-static_logit gpu=1
[launch] stage=core dataset=caltech101 shot=8 seed=1 tag=detbayesrt_epoch-80_rpstd-0.01_rkl-1.0e-3_tpstd-0.01_tkl-1.0e-3_fusion-static_logit gpu=1
[done] stage=core dataset=caltech101 shot=8 seed=1 tag=detbayesrt_epoch-80_rpstd-0.01_rkl-1.0e-4_tpstd-0.001_tkl-1.0e-2_fusion-static_logit gpu=2
[launch] stage=core dataset=caltech101 shot=8 seed=1 tag=detbayesrt_epoch-80_rpstd-0.01_rkl-1.0e-3_tpstd-0.001_tkl-5.0e-2_fusion-static_logit gpu=2
[done] stage=core dataset=caltech101 shot=8 seed=1 tag=detbayesrt_epoch-80_rpstd-0.01_rkl-1.0e-4_tpstd-0.001_tkl-5.0e-2_fusion-static_logit gpu=2
[launch] stage=core dataset=caltech101 shot=8 seed=1 tag=detbayesrt_epoch-80_rpstd-0.01_rkl-1.0e-3_tpstd-0.001_tkl-1.0e-2_fusion-static_logit gpu=2
[done] stage=core dataset=caltech101 shot=8 seed=1 tag=detbayesrt_epoch-80_rpstd-0.01_rkl-1.0e-4_tpstd-0.001_tkl-1.0e-3_fusion-static_logit gpu=2
[launch] stage=core dataset=caltech101 shot=8 seed=1 tag=detbayesrt_epoch-80_rpstd-0.01_rkl-1.0e-3_tpstd-0.001_tkl-1.0e-3_fusion-static_logit gpu=2
[done] stage=core dataset=caltech101 shot=8 seed=1 tag=detbayesrt_epoch-80_rpstd-0.01_rkl-1.0e-3_tpstd-0.1_tkl-5.0e-2_fusion-static_logit gpu=0
[launch] stage=core dataset=caltech101 shot=8 seed=1 tag=detbayesrt_epoch-80_rpstd-0.001_rkl-1.0e-5_tpstd-0.1_tkl-5.0e-2_fusion-static_logit gpu=0
[done] stage=core dataset=caltech101 shot=8 seed=1 tag=detbayesrt_epoch-80_rpstd-0.01_rkl-1.0e-3_tpstd-0.1_tkl-1.0e-3_fusion-static_logit gpu=0
[done] stage=core dataset=caltech101 shot=8 seed=1 tag=detbayesrt_epoch-80_rpstd-0.01_rkl-1.0e-3_tpstd-0.01_tkl-5.0e-2_fusion-static_logit gpu=0
[launch] stage=core dataset=caltech101 shot=8 seed=1 tag=detbayesrt_epoch-80_rpstd-0.001_rkl-1.0e-5_tpstd-0.1_tkl-1.0e-2_fusion-static_logit gpu=0
[launch] stage=core dataset=caltech101 shot=8 seed=1 tag=detbayesrt_epoch-80_rpstd-0.001_rkl-1.0e-5_tpstd-0.1_tkl-1.0e-3_fusion-static_logit gpu=0
[done] stage=core dataset=caltech101 shot=8 seed=1 tag=detbayesrt_epoch-80_rpstd-0.01_rkl-1.0e-3_tpstd-0.1_tkl-1.0e-2_fusion-static_logit gpu=1
[launch] stage=core dataset=caltech101 shot=8 seed=1 tag=detbayesrt_epoch-80_rpstd-0.001_rkl-1.0e-5_tpstd-0.01_tkl-5.0e-2_fusion-static_logit gpu=1
[done] stage=core dataset=caltech101 shot=8 seed=1 tag=detbayesrt_epoch-80_rpstd-0.01_rkl-1.0e-3_tpstd-0.01_tkl-1.0e-2_fusion-static_logit gpu=1
[launch] stage=core dataset=caltech101 shot=8 seed=1 tag=detbayesrt_epoch-80_rpstd-0.001_rkl-1.0e-5_tpstd-0.01_tkl-1.0e-2_fusion-static_logit gpu=1
[done] stage=core dataset=caltech101 shot=8 seed=1 tag=detbayesrt_epoch-80_rpstd-0.01_rkl-1.0e-3_tpstd-0.01_tkl-1.0e-3_fusion-static_logit gpu=1
[launch] stage=core dataset=caltech101 shot=8 seed=1 tag=detbayesrt_epoch-80_rpstd-0.001_rkl-1.0e-5_tpstd-0.01_tkl-1.0e-3_fusion-static_logit gpu=1
[done] stage=core dataset=caltech101 shot=8 seed=1 tag=detbayesrt_epoch-80_rpstd-0.01_rkl-1.0e-3_tpstd-0.001_tkl-5.0e-2_fusion-static_logit gpu=2
[launch] stage=core dataset=caltech101 shot=8 seed=1 tag=detbayesrt_epoch-80_rpstd-0.001_rkl-1.0e-5_tpstd-0.001_tkl-5.0e-2_fusion-static_logit gpu=2
[done] stage=core dataset=caltech101 shot=8 seed=1 tag=detbayesrt_epoch-80_rpstd-0.01_rkl-1.0e-3_tpstd-0.001_tkl-1.0e-3_fusion-static_logit gpu=2
[launch] stage=core dataset=caltech101 shot=8 seed=1 tag=detbayesrt_epoch-80_rpstd-0.001_rkl-1.0e-5_tpstd-0.001_tkl-1.0e-2_fusion-static_logit gpu=2
[done] stage=core dataset=caltech101 shot=8 seed=1 tag=detbayesrt_epoch-80_rpstd-0.01_rkl-1.0e-3_tpstd-0.001_tkl-1.0e-2_fusion-static_logit gpu=2
[launch] stage=core dataset=caltech101 shot=8 seed=1 tag=detbayesrt_epoch-80_rpstd-0.001_rkl-1.0e-5_tpstd-0.001_tkl-1.0e-3_fusion-static_logit gpu=2
[done] stage=core dataset=caltech101 shot=8 seed=1 tag=detbayesrt_epoch-80_rpstd-0.001_rkl-1.0e-5_tpstd-0.1_tkl-5.0e-2_fusion-static_logit gpu=0
[launch] stage=core dataset=caltech101 shot=8 seed=1 tag=detbayesrt_epoch-80_rpstd-0.001_rkl-1.0e-4_tpstd-0.1_tkl-5.0e-2_fusion-static_logit gpu=0
[done] stage=core dataset=caltech101 shot=8 seed=1 tag=detbayesrt_epoch-80_rpstd-0.001_rkl-1.0e-5_tpstd-0.01_tkl-5.0e-2_fusion-static_logit gpu=1
[launch] stage=core dataset=caltech101 shot=8 seed=1 tag=detbayesrt_epoch-80_rpstd-0.001_rkl-1.0e-4_tpstd-0.1_tkl-1.0e-2_fusion-static_logit gpu=1
[done] stage=core dataset=caltech101 shot=8 seed=1 tag=detbayesrt_epoch-80_rpstd-0.001_rkl-1.0e-5_tpstd-0.1_tkl-1.0e-2_fusion-static_logit gpu=0
[launch] stage=core dataset=caltech101 shot=8 seed=1 tag=detbayesrt_epoch-80_rpstd-0.001_rkl-1.0e-4_tpstd-0.1_tkl-1.0e-3_fusion-static_logit gpu=0
[done] stage=core dataset=caltech101 shot=8 seed=1 tag=detbayesrt_epoch-80_rpstd-0.001_rkl-1.0e-5_tpstd-0.1_tkl-1.0e-3_fusion-static_logit gpu=0
[launch] stage=core dataset=caltech101 shot=8 seed=1 tag=detbayesrt_epoch-80_rpstd-0.001_rkl-1.0e-4_tpstd-0.01_tkl-5.0e-2_fusion-static_logit gpu=0
[done] stage=core dataset=caltech101 shot=8 seed=1 tag=detbayesrt_epoch-80_rpstd-0.001_rkl-1.0e-5_tpstd-0.01_tkl-1.0e-2_fusion-static_logit gpu=1
[launch] stage=core dataset=caltech101 shot=8 seed=1 tag=detbayesrt_epoch-80_rpstd-0.001_rkl-1.0e-4_tpstd-0.01_tkl-1.0e-2_fusion-static_logit gpu=1
[done] stage=core dataset=caltech101 shot=8 seed=1 tag=detbayesrt_epoch-80_rpstd-0.001_rkl-1.0e-5_tpstd-0.01_tkl-1.0e-3_fusion-static_logit gpu=1
[launch] stage=core dataset=caltech101 shot=8 seed=1 tag=detbayesrt_epoch-80_rpstd-0.001_rkl-1.0e-4_tpstd-0.01_tkl-1.0e-3_fusion-static_logit gpu=1
[done] stage=core dataset=caltech101 shot=8 seed=1 tag=detbayesrt_epoch-80_rpstd-0.001_rkl-1.0e-5_tpstd-0.001_tkl-1.0e-2_fusion-static_logit gpu=2
[done] stage=core dataset=caltech101 shot=8 seed=1 tag=detbayesrt_epoch-80_rpstd-0.001_rkl-1.0e-5_tpstd-0.001_tkl-5.0e-2_fusion-static_logit gpu=2
[launch] stage=core dataset=caltech101 shot=8 seed=1 tag=detbayesrt_epoch-80_rpstd-0.001_rkl-1.0e-4_tpstd-0.001_tkl-5.0e-2_fusion-static_logit gpu=2
[launch] stage=core dataset=caltech101 shot=8 seed=1 tag=detbayesrt_epoch-80_rpstd-0.001_rkl-1.0e-4_tpstd-0.001_tkl-1.0e-2_fusion-static_logit gpu=2
[done] stage=core dataset=caltech101 shot=8 seed=1 tag=detbayesrt_epoch-80_rpstd-0.001_rkl-1.0e-5_tpstd-0.001_tkl-1.0e-3_fusion-static_logit gpu=2
[launch] stage=core dataset=caltech101 shot=8 seed=1 tag=detbayesrt_epoch-80_rpstd-0.001_rkl-1.0e-4_tpstd-0.001_tkl-1.0e-3_fusion-static_logit gpu=2
[done] stage=core dataset=caltech101 shot=8 seed=1 tag=detbayesrt_epoch-80_rpstd-0.001_rkl-1.0e-4_tpstd-0.1_tkl-5.0e-2_fusion-static_logit gpu=0
[launch] stage=core dataset=caltech101 shot=8 seed=1 tag=detbayesrt_epoch-80_rpstd-0.001_rkl-1.0e-3_tpstd-0.1_tkl-5.0e-2_fusion-static_logit gpu=0
[done] stage=core dataset=caltech101 shot=8 seed=1 tag=detbayesrt_epoch-80_rpstd-0.001_rkl-1.0e-4_tpstd-0.1_tkl-1.0e-3_fusion-static_logit gpu=0
[done] stage=core dataset=caltech101 shot=8 seed=1 tag=detbayesrt_epoch-80_rpstd-0.001_rkl-1.0e-4_tpstd-0.01_tkl-5.0e-2_fusion-static_logit gpu=0
[launch] stage=core dataset=caltech101 shot=8 seed=1 tag=detbayesrt_epoch-80_rpstd-0.001_rkl-1.0e-3_tpstd-0.1_tkl-1.0e-2_fusion-static_logit gpu=0
[launch] stage=core dataset=caltech101 shot=8 seed=1 tag=detbayesrt_epoch-80_rpstd-0.001_rkl-1.0e-3_tpstd-0.1_tkl-1.0e-3_fusion-static_logit gpu=0
[done] stage=core dataset=caltech101 shot=8 seed=1 tag=detbayesrt_epoch-80_rpstd-0.001_rkl-1.0e-4_tpstd-0.1_tkl-1.0e-2_fusion-static_logit gpu=1
[launch] stage=core dataset=caltech101 shot=8 seed=1 tag=detbayesrt_epoch-80_rpstd-0.001_rkl-1.0e-3_tpstd-0.01_tkl-5.0e-2_fusion-static_logit gpu=1
[done] stage=core dataset=caltech101 shot=8 seed=1 tag=detbayesrt_epoch-80_rpstd-0.001_rkl-1.0e-4_tpstd-0.01_tkl-1.0e-3_fusion-static_logit gpu=1
[done] stage=core dataset=caltech101 shot=8 seed=1 tag=detbayesrt_epoch-80_rpstd-0.001_rkl-1.0e-4_tpstd-0.01_tkl-1.0e-2_fusion-static_logit gpu=1
[launch] stage=core dataset=caltech101 shot=8 seed=1 tag=detbayesrt_epoch-80_rpstd-0.001_rkl-1.0e-3_tpstd-0.01_tkl-1.0e-2_fusion-static_logit gpu=1
[launch] stage=core dataset=caltech101 shot=8 seed=1 tag=detbayesrt_epoch-80_rpstd-0.001_rkl-1.0e-3_tpstd-0.01_tkl-1.0e-3_fusion-static_logit gpu=1
[done] stage=core dataset=caltech101 shot=8 seed=1 tag=detbayesrt_epoch-80_rpstd-0.001_rkl-1.0e-4_tpstd-0.001_tkl-1.0e-3_fusion-static_logit gpu=2
[launch] stage=core dataset=caltech101 shot=8 seed=1 tag=detbayesrt_epoch-80_rpstd-0.001_rkl-1.0e-3_tpstd-0.001_tkl-5.0e-2_fusion-static_logit gpu=2
[done] stage=core dataset=caltech101 shot=8 seed=1 tag=detbayesrt_epoch-80_rpstd-0.001_rkl-1.0e-4_tpstd-0.001_tkl-1.0e-2_fusion-static_logit gpu=2
[launch] stage=core dataset=caltech101 shot=8 seed=1 tag=detbayesrt_epoch-80_rpstd-0.001_rkl-1.0e-3_tpstd-0.001_tkl-1.0e-2_fusion-static_logit gpu=2
[done] stage=core dataset=caltech101 shot=8 seed=1 tag=detbayesrt_epoch-80_rpstd-0.001_rkl-1.0e-4_tpstd-0.001_tkl-5.0e-2_fusion-static_logit gpu=2
[launch] stage=core dataset=caltech101 shot=8 seed=1 tag=detbayesrt_epoch-80_rpstd-0.001_rkl-1.0e-3_tpstd-0.001_tkl-1.0e-3_fusion-static_logit gpu=2
[done] stage=core dataset=caltech101 shot=8 seed=1 tag=detbayesrt_epoch-80_rpstd-0.001_rkl-1.0e-3_tpstd-0.1_tkl-5.0e-2_fusion-static_logit gpu=0
[launch] stage=core dataset=caltech101 shot=16 seed=1 tag=detbayesrt_epoch-80_rpstd-0.1_rkl-1.0e-5_tpstd-0.1_tkl-5.0e-2_fusion-static_logit gpu=0
[done] stage=core dataset=caltech101 shot=8 seed=1 tag=detbayesrt_epoch-80_rpstd-0.001_rkl-1.0e-3_tpstd-0.1_tkl-1.0e-3_fusion-static_logit gpu=0
[launch] stage=core dataset=caltech101 shot=16 seed=1 tag=detbayesrt_epoch-80_rpstd-0.1_rkl-1.0e-5_tpstd-0.1_tkl-1.0e-2_fusion-static_logit gpu=0
[done] stage=core dataset=caltech101 shot=8 seed=1 tag=detbayesrt_epoch-80_rpstd-0.001_rkl-1.0e-3_tpstd-0.1_tkl-1.0e-2_fusion-static_logit gpu=0
[launch] stage=core dataset=caltech101 shot=16 seed=1 tag=detbayesrt_epoch-80_rpstd-0.1_rkl-1.0e-5_tpstd-0.1_tkl-1.0e-3_fusion-static_logit gpu=0
[done] stage=core dataset=caltech101 shot=8 seed=1 tag=detbayesrt_epoch-80_rpstd-0.001_rkl-1.0e-3_tpstd-0.01_tkl-5.0e-2_fusion-static_logit gpu=1
[launch] stage=core dataset=caltech101 shot=16 seed=1 tag=detbayesrt_epoch-80_rpstd-0.1_rkl-1.0e-5_tpstd-0.01_tkl-5.0e-2_fusion-static_logit gpu=1
[done] stage=core dataset=caltech101 shot=8 seed=1 tag=detbayesrt_epoch-80_rpstd-0.001_rkl-1.0e-3_tpstd-0.01_tkl-1.0e-2_fusion-static_logit gpu=1
[done] stage=core dataset=caltech101 shot=8 seed=1 tag=detbayesrt_epoch-80_rpstd-0.001_rkl-1.0e-3_tpstd-0.01_tkl-1.0e-3_fusion-static_logit gpu=1
[launch] stage=core dataset=caltech101 shot=16 seed=1 tag=detbayesrt_epoch-80_rpstd-0.1_rkl-1.0e-5_tpstd-0.01_tkl-1.0e-2_fusion-static_logit gpu=1
[launch] stage=core dataset=caltech101 shot=16 seed=1 tag=detbayesrt_epoch-80_rpstd-0.1_rkl-1.0e-5_tpstd-0.01_tkl-1.0e-3_fusion-static_logit gpu=1
[done] stage=core dataset=caltech101 shot=8 seed=1 tag=detbayesrt_epoch-80_rpstd-0.001_rkl-1.0e-3_tpstd-0.001_tkl-5.0e-2_fusion-static_logit gpu=2
[launch] stage=core dataset=caltech101 shot=16 seed=1 tag=detbayesrt_epoch-80_rpstd-0.1_rkl-1.0e-5_tpstd-0.001_tkl-5.0e-2_fusion-static_logit gpu=2
[done] stage=core dataset=caltech101 shot=8 seed=1 tag=detbayesrt_epoch-80_rpstd-0.001_rkl-1.0e-3_tpstd-0.001_tkl-1.0e-3_fusion-static_logit gpu=2
[launch] stage=core dataset=caltech101 shot=16 seed=1 tag=detbayesrt_epoch-80_rpstd-0.1_rkl-1.0e-5_tpstd-0.001_tkl-1.0e-2_fusion-static_logit gpu=2
[done] stage=core dataset=caltech101 shot=8 seed=1 tag=detbayesrt_epoch-80_rpstd-0.001_rkl-1.0e-3_tpstd-0.001_tkl-1.0e-2_fusion-static_logit gpu=2
[launch] stage=core dataset=caltech101 shot=16 seed=1 tag=detbayesrt_epoch-80_rpstd-0.1_rkl-1.0e-5_tpstd-0.001_tkl-1.0e-3_fusion-static_logit gpu=2
[done] stage=core dataset=caltech101 shot=16 seed=1 tag=detbayesrt_epoch-80_rpstd-0.1_rkl-1.0e-5_tpstd-0.1_tkl-5.0e-2_fusion-static_logit gpu=0
[launch] stage=core dataset=caltech101 shot=16 seed=1 tag=detbayesrt_epoch-80_rpstd-0.1_rkl-1.0e-4_tpstd-0.1_tkl-5.0e-2_fusion-static_logit gpu=0
[done] stage=core dataset=caltech101 shot=16 seed=1 tag=detbayesrt_epoch-80_rpstd-0.1_rkl-1.0e-5_tpstd-0.01_tkl-5.0e-2_fusion-static_logit gpu=1
[launch] stage=core dataset=caltech101 shot=16 seed=1 tag=detbayesrt_epoch-80_rpstd-0.1_rkl-1.0e-4_tpstd-0.1_tkl-1.0e-2_fusion-static_logit gpu=1
[done] stage=core dataset=caltech101 shot=16 seed=1 tag=detbayesrt_epoch-80_rpstd-0.1_rkl-1.0e-5_tpstd-0.1_tkl-1.0e-3_fusion-static_logit gpu=0
[done] stage=core dataset=caltech101 shot=16 seed=1 tag=detbayesrt_epoch-80_rpstd-0.1_rkl-1.0e-5_tpstd-0.1_tkl-1.0e-2_fusion-static_logit gpu=0
[launch] stage=core dataset=caltech101 shot=16 seed=1 tag=detbayesrt_epoch-80_rpstd-0.1_rkl-1.0e-4_tpstd-0.1_tkl-1.0e-3_fusion-static_logit gpu=0
[launch] stage=core dataset=caltech101 shot=16 seed=1 tag=detbayesrt_epoch-80_rpstd-0.1_rkl-1.0e-4_tpstd-0.01_tkl-5.0e-2_fusion-static_logit gpu=0
[done] stage=core dataset=caltech101 shot=16 seed=1 tag=detbayesrt_epoch-80_rpstd-0.1_rkl-1.0e-5_tpstd-0.01_tkl-1.0e-2_fusion-static_logit gpu=1
[done] stage=core dataset=caltech101 shot=16 seed=1 tag=detbayesrt_epoch-80_rpstd-0.1_rkl-1.0e-5_tpstd-0.001_tkl-5.0e-2_fusion-static_logit gpu=2
[launch] stage=core dataset=caltech101 shot=16 seed=1 tag=detbayesrt_epoch-80_rpstd-0.1_rkl-1.0e-4_tpstd-0.01_tkl-1.0e-2_fusion-static_logit gpu=1
[launch] stage=core dataset=caltech101 shot=16 seed=1 tag=detbayesrt_epoch-80_rpstd-0.1_rkl-1.0e-4_tpstd-0.01_tkl-1.0e-3_fusion-static_logit gpu=2
[done] stage=core dataset=caltech101 shot=16 seed=1 tag=detbayesrt_epoch-80_rpstd-0.1_rkl-1.0e-5_tpstd-0.01_tkl-1.0e-3_fusion-static_logit gpu=1
[launch] stage=core dataset=caltech101 shot=16 seed=1 tag=detbayesrt_epoch-80_rpstd-0.1_rkl-1.0e-4_tpstd-0.001_tkl-5.0e-2_fusion-static_logit gpu=1
[done] stage=core dataset=caltech101 shot=16 seed=1 tag=detbayesrt_epoch-80_rpstd-0.1_rkl-1.0e-5_tpstd-0.001_tkl-1.0e-3_fusion-static_logit gpu=2
[launch] stage=core dataset=caltech101 shot=16 seed=1 tag=detbayesrt_epoch-80_rpstd-0.1_rkl-1.0e-4_tpstd-0.001_tkl-1.0e-2_fusion-static_logit gpu=2
[done] stage=core dataset=caltech101 shot=16 seed=1 tag=detbayesrt_epoch-80_rpstd-0.1_rkl-1.0e-5_tpstd-0.001_tkl-1.0e-2_fusion-static_logit gpu=2
[launch] stage=core dataset=caltech101 shot=16 seed=1 tag=detbayesrt_epoch-80_rpstd-0.1_rkl-1.0e-4_tpstd-0.001_tkl-1.0e-3_fusion-static_logit gpu=2
[done] stage=core dataset=caltech101 shot=16 seed=1 tag=detbayesrt_epoch-80_rpstd-0.1_rkl-1.0e-4_tpstd-0.1_tkl-5.0e-2_fusion-static_logit gpu=0
[launch] stage=core dataset=caltech101 shot=16 seed=1 tag=detbayesrt_epoch-80_rpstd-0.1_rkl-1.0e-3_tpstd-0.1_tkl-5.0e-2_fusion-static_logit gpu=0
[done] stage=core dataset=caltech101 shot=16 seed=1 tag=detbayesrt_epoch-80_rpstd-0.1_rkl-1.0e-4_tpstd-0.1_tkl-1.0e-2_fusion-static_logit gpu=1
[launch] stage=core dataset=caltech101 shot=16 seed=1 tag=detbayesrt_epoch-80_rpstd-0.1_rkl-1.0e-3_tpstd-0.1_tkl-1.0e-2_fusion-static_logit gpu=1
[done] stage=core dataset=caltech101 shot=16 seed=1 tag=detbayesrt_epoch-80_rpstd-0.1_rkl-1.0e-4_tpstd-0.1_tkl-1.0e-3_fusion-static_logit gpu=0
[launch] stage=core dataset=caltech101 shot=16 seed=1 tag=detbayesrt_epoch-80_rpstd-0.1_rkl-1.0e-3_tpstd-0.1_tkl-1.0e-3_fusion-static_logit gpu=0
[done] stage=core dataset=caltech101 shot=16 seed=1 tag=detbayesrt_epoch-80_rpstd-0.1_rkl-1.0e-4_tpstd-0.01_tkl-5.0e-2_fusion-static_logit gpu=0
[launch] stage=core dataset=caltech101 shot=16 seed=1 tag=detbayesrt_epoch-80_rpstd-0.1_rkl-1.0e-3_tpstd-0.01_tkl-5.0e-2_fusion-static_logit gpu=0
[done] stage=core dataset=caltech101 shot=16 seed=1 tag=detbayesrt_epoch-80_rpstd-0.1_rkl-1.0e-4_tpstd-0.01_tkl-1.0e-2_fusion-static_logit gpu=1
[launch] stage=core dataset=caltech101 shot=16 seed=1 tag=detbayesrt_epoch-80_rpstd-0.1_rkl-1.0e-3_tpstd-0.01_tkl-1.0e-2_fusion-static_logit gpu=1
[done] stage=core dataset=caltech101 shot=16 seed=1 tag=detbayesrt_epoch-80_rpstd-0.1_rkl-1.0e-4_tpstd-0.001_tkl-5.0e-2_fusion-static_logit gpu=1
[launch] stage=core dataset=caltech101 shot=16 seed=1 tag=detbayesrt_epoch-80_rpstd-0.1_rkl-1.0e-3_tpstd-0.01_tkl-1.0e-3_fusion-static_logit gpu=1
[done] stage=core dataset=caltech101 shot=16 seed=1 tag=detbayesrt_epoch-80_rpstd-0.1_rkl-1.0e-4_tpstd-0.01_tkl-1.0e-3_fusion-static_logit gpu=2
[launch] stage=core dataset=caltech101 shot=16 seed=1 tag=detbayesrt_epoch-80_rpstd-0.1_rkl-1.0e-3_tpstd-0.001_tkl-5.0e-2_fusion-static_logit gpu=2
[done] stage=core dataset=caltech101 shot=16 seed=1 tag=detbayesrt_epoch-80_rpstd-0.1_rkl-1.0e-4_tpstd-0.001_tkl-1.0e-3_fusion-static_logit gpu=2
[done] stage=core dataset=caltech101 shot=16 seed=1 tag=detbayesrt_epoch-80_rpstd-0.1_rkl-1.0e-4_tpstd-0.001_tkl-1.0e-2_fusion-static_logit gpu=2
[launch] stage=core dataset=caltech101 shot=16 seed=1 tag=detbayesrt_epoch-80_rpstd-0.1_rkl-1.0e-3_tpstd-0.001_tkl-1.0e-2_fusion-static_logit gpu=2
[launch] stage=core dataset=caltech101 shot=16 seed=1 tag=detbayesrt_epoch-80_rpstd-0.1_rkl-1.0e-3_tpstd-0.001_tkl-1.0e-3_fusion-static_logit gpu=2
[done] stage=core dataset=caltech101 shot=16 seed=1 tag=detbayesrt_epoch-80_rpstd-0.1_rkl-1.0e-3_tpstd-0.1_tkl-5.0e-2_fusion-static_logit gpu=0
[launch] stage=core dataset=caltech101 shot=16 seed=1 tag=detbayesrt_epoch-80_rpstd-0.01_rkl-1.0e-5_tpstd-0.1_tkl-5.0e-2_fusion-static_logit gpu=0
[done] stage=core dataset=caltech101 shot=16 seed=1 tag=detbayesrt_epoch-80_rpstd-0.1_rkl-1.0e-3_tpstd-0.1_tkl-1.0e-2_fusion-static_logit gpu=1
[launch] stage=core dataset=caltech101 shot=16 seed=1 tag=detbayesrt_epoch-80_rpstd-0.01_rkl-1.0e-5_tpstd-0.1_tkl-1.0e-2_fusion-static_logit gpu=1
[done] stage=core dataset=caltech101 shot=16 seed=1 tag=detbayesrt_epoch-80_rpstd-0.1_rkl-1.0e-3_tpstd-0.1_tkl-1.0e-3_fusion-static_logit gpu=0
[launch] stage=core dataset=caltech101 shot=16 seed=1 tag=detbayesrt_epoch-80_rpstd-0.01_rkl-1.0e-5_tpstd-0.1_tkl-1.0e-3_fusion-static_logit gpu=0
[done] stage=core dataset=caltech101 shot=16 seed=1 tag=detbayesrt_epoch-80_rpstd-0.1_rkl-1.0e-3_tpstd-0.01_tkl-5.0e-2_fusion-static_logit gpu=0
[launch] stage=core dataset=caltech101 shot=16 seed=1 tag=detbayesrt_epoch-80_rpstd-0.01_rkl-1.0e-5_tpstd-0.01_tkl-5.0e-2_fusion-static_logit gpu=0
[done] stage=core dataset=caltech101 shot=16 seed=1 tag=detbayesrt_epoch-80_rpstd-0.1_rkl-1.0e-3_tpstd-0.01_tkl-1.0e-2_fusion-static_logit gpu=1
[launch] stage=core dataset=caltech101 shot=16 seed=1 tag=detbayesrt_epoch-80_rpstd-0.01_rkl-1.0e-5_tpstd-0.01_tkl-1.0e-2_fusion-static_logit gpu=1
[done] stage=core dataset=caltech101 shot=16 seed=1 tag=detbayesrt_epoch-80_rpstd-0.1_rkl-1.0e-3_tpstd-0.01_tkl-1.0e-3_fusion-static_logit gpu=1
[launch] stage=core dataset=caltech101 shot=16 seed=1 tag=detbayesrt_epoch-80_rpstd-0.01_rkl-1.0e-5_tpstd-0.01_tkl-1.0e-3_fusion-static_logit gpu=1
[done] stage=core dataset=caltech101 shot=16 seed=1 tag=detbayesrt_epoch-80_rpstd-0.1_rkl-1.0e-3_tpstd-0.001_tkl-5.0e-2_fusion-static_logit gpu=2
[done] stage=core dataset=caltech101 shot=16 seed=1 tag=detbayesrt_epoch-80_rpstd-0.1_rkl-1.0e-3_tpstd-0.001_tkl-1.0e-3_fusion-static_logit gpu=2
[launch] stage=core dataset=caltech101 shot=16 seed=1 tag=detbayesrt_epoch-80_rpstd-0.01_rkl-1.0e-5_tpstd-0.001_tkl-5.0e-2_fusion-static_logit gpu=2
[launch] stage=core dataset=caltech101 shot=16 seed=1 tag=detbayesrt_epoch-80_rpstd-0.01_rkl-1.0e-5_tpstd-0.001_tkl-1.0e-2_fusion-static_logit gpu=2
[done] stage=core dataset=caltech101 shot=16 seed=1 tag=detbayesrt_epoch-80_rpstd-0.1_rkl-1.0e-3_tpstd-0.001_tkl-1.0e-2_fusion-static_logit gpu=2
[launch] stage=core dataset=caltech101 shot=16 seed=1 tag=detbayesrt_epoch-80_rpstd-0.01_rkl-1.0e-5_tpstd-0.001_tkl-1.0e-3_fusion-static_logit gpu=2
[done] stage=core dataset=caltech101 shot=16 seed=1 tag=detbayesrt_epoch-80_rpstd-0.01_rkl-1.0e-5_tpstd-0.1_tkl-5.0e-2_fusion-static_logit gpu=0
[launch] stage=core dataset=caltech101 shot=16 seed=1 tag=detbayesrt_epoch-80_rpstd-0.01_rkl-1.0e-4_tpstd-0.1_tkl-5.0e-2_fusion-static_logit gpu=0
[done] stage=core dataset=caltech101 shot=16 seed=1 tag=detbayesrt_epoch-80_rpstd-0.01_rkl-1.0e-5_tpstd-0.1_tkl-1.0e-2_fusion-static_logit gpu=1
[launch] stage=core dataset=caltech101 shot=16 seed=1 tag=detbayesrt_epoch-80_rpstd-0.01_rkl-1.0e-4_tpstd-0.1_tkl-1.0e-2_fusion-static_logit gpu=1
[done] stage=core dataset=caltech101 shot=16 seed=1 tag=detbayesrt_epoch-80_rpstd-0.01_rkl-1.0e-5_tpstd-0.1_tkl-1.0e-3_fusion-static_logit gpu=0
[done] stage=core dataset=caltech101 shot=16 seed=1 tag=detbayesrt_epoch-80_rpstd-0.01_rkl-1.0e-5_tpstd-0.01_tkl-5.0e-2_fusion-static_logit gpu=0
[launch] stage=core dataset=caltech101 shot=16 seed=1 tag=detbayesrt_epoch-80_rpstd-0.01_rkl-1.0e-4_tpstd-0.1_tkl-1.0e-3_fusion-static_logit gpu=0
[launch] stage=core dataset=caltech101 shot=16 seed=1 tag=detbayesrt_epoch-80_rpstd-0.01_rkl-1.0e-4_tpstd-0.01_tkl-5.0e-2_fusion-static_logit gpu=0
[done] stage=core dataset=caltech101 shot=16 seed=1 tag=detbayesrt_epoch-80_rpstd-0.01_rkl-1.0e-5_tpstd-0.01_tkl-1.0e-2_fusion-static_logit gpu=1
[launch] stage=core dataset=caltech101 shot=16 seed=1 tag=detbayesrt_epoch-80_rpstd-0.01_rkl-1.0e-4_tpstd-0.01_tkl-1.0e-2_fusion-static_logit gpu=1
[done] stage=core dataset=caltech101 shot=16 seed=1 tag=detbayesrt_epoch-80_rpstd-0.01_rkl-1.0e-5_tpstd-0.01_tkl-1.0e-3_fusion-static_logit gpu=1
[launch] stage=core dataset=caltech101 shot=16 seed=1 tag=detbayesrt_epoch-80_rpstd-0.01_rkl-1.0e-4_tpstd-0.01_tkl-1.0e-3_fusion-static_logit gpu=1
[done] stage=core dataset=caltech101 shot=16 seed=1 tag=detbayesrt_epoch-80_rpstd-0.01_rkl-1.0e-5_tpstd-0.001_tkl-5.0e-2_fusion-static_logit gpu=2
[done] stage=core dataset=caltech101 shot=16 seed=1 tag=detbayesrt_epoch-80_rpstd-0.01_rkl-1.0e-5_tpstd-0.001_tkl-1.0e-2_fusion-static_logit gpu=2
[launch] stage=core dataset=caltech101 shot=16 seed=1 tag=detbayesrt_epoch-80_rpstd-0.01_rkl-1.0e-4_tpstd-0.001_tkl-5.0e-2_fusion-static_logit gpu=2
[launch] stage=core dataset=caltech101 shot=16 seed=1 tag=detbayesrt_epoch-80_rpstd-0.01_rkl-1.0e-4_tpstd-0.001_tkl-1.0e-2_fusion-static_logit gpu=2
[done] stage=core dataset=caltech101 shot=16 seed=1 tag=detbayesrt_epoch-80_rpstd-0.01_rkl-1.0e-5_tpstd-0.001_tkl-1.0e-3_fusion-static_logit gpu=2
[launch] stage=core dataset=caltech101 shot=16 seed=1 tag=detbayesrt_epoch-80_rpstd-0.01_rkl-1.0e-4_tpstd-0.001_tkl-1.0e-3_fusion-static_logit gpu=2
[done] stage=core dataset=caltech101 shot=16 seed=1 tag=detbayesrt_epoch-80_rpstd-0.01_rkl-1.0e-4_tpstd-0.1_tkl-5.0e-2_fusion-static_logit gpu=0
[launch] stage=core dataset=caltech101 shot=16 seed=1 tag=detbayesrt_epoch-80_rpstd-0.01_rkl-1.0e-3_tpstd-0.1_tkl-5.0e-2_fusion-static_logit gpu=0
[done] stage=core dataset=caltech101 shot=16 seed=1 tag=detbayesrt_epoch-80_rpstd-0.01_rkl-1.0e-4_tpstd-0.1_tkl-1.0e-2_fusion-static_logit gpu=1
[launch] stage=core dataset=caltech101 shot=16 seed=1 tag=detbayesrt_epoch-80_rpstd-0.01_rkl-1.0e-3_tpstd-0.1_tkl-1.0e-2_fusion-static_logit gpu=1
[done] stage=core dataset=caltech101 shot=16 seed=1 tag=detbayesrt_epoch-80_rpstd-0.01_rkl-1.0e-4_tpstd-0.1_tkl-1.0e-3_fusion-static_logit gpu=0
[done] stage=core dataset=caltech101 shot=16 seed=1 tag=detbayesrt_epoch-80_rpstd-0.01_rkl-1.0e-4_tpstd-0.01_tkl-5.0e-2_fusion-static_logit gpu=0
[launch] stage=core dataset=caltech101 shot=16 seed=1 tag=detbayesrt_epoch-80_rpstd-0.01_rkl-1.0e-3_tpstd-0.1_tkl-1.0e-3_fusion-static_logit gpu=0
[launch] stage=core dataset=caltech101 shot=16 seed=1 tag=detbayesrt_epoch-80_rpstd-0.01_rkl-1.0e-3_tpstd-0.01_tkl-5.0e-2_fusion-static_logit gpu=0
[done] stage=core dataset=caltech101 shot=16 seed=1 tag=detbayesrt_epoch-80_rpstd-0.01_rkl-1.0e-4_tpstd-0.01_tkl-1.0e-2_fusion-static_logit gpu=1
[launch] stage=core dataset=caltech101 shot=16 seed=1 tag=detbayesrt_epoch-80_rpstd-0.01_rkl-1.0e-3_tpstd-0.01_tkl-1.0e-2_fusion-static_logit gpu=1
[done] stage=core dataset=caltech101 shot=16 seed=1 tag=detbayesrt_epoch-80_rpstd-0.01_rkl-1.0e-4_tpstd-0.01_tkl-1.0e-3_fusion-static_logit gpu=1
[launch] stage=core dataset=caltech101 shot=16 seed=1 tag=detbayesrt_epoch-80_rpstd-0.01_rkl-1.0e-3_tpstd-0.01_tkl-1.0e-3_fusion-static_logit gpu=1
[done] stage=core dataset=caltech101 shot=16 seed=1 tag=detbayesrt_epoch-80_rpstd-0.01_rkl-1.0e-4_tpstd-0.001_tkl-5.0e-2_fusion-static_logit gpu=2
[launch] stage=core dataset=caltech101 shot=16 seed=1 tag=detbayesrt_epoch-80_rpstd-0.01_rkl-1.0e-3_tpstd-0.001_tkl-5.0e-2_fusion-static_logit gpu=2
[done] stage=core dataset=caltech101 shot=16 seed=1 tag=detbayesrt_epoch-80_rpstd-0.01_rkl-1.0e-4_tpstd-0.001_tkl-1.0e-2_fusion-static_logit gpu=2
[launch] stage=core dataset=caltech101 shot=16 seed=1 tag=detbayesrt_epoch-80_rpstd-0.01_rkl-1.0e-3_tpstd-0.001_tkl-1.0e-2_fusion-static_logit gpu=2
[done] stage=core dataset=caltech101 shot=16 seed=1 tag=detbayesrt_epoch-80_rpstd-0.01_rkl-1.0e-4_tpstd-0.001_tkl-1.0e-3_fusion-static_logit gpu=2
[launch] stage=core dataset=caltech101 shot=16 seed=1 tag=detbayesrt_epoch-80_rpstd-0.01_rkl-1.0e-3_tpstd-0.001_tkl-1.0e-3_fusion-static_logit gpu=2
[done] stage=core dataset=caltech101 shot=16 seed=1 tag=detbayesrt_epoch-80_rpstd-0.01_rkl-1.0e-3_tpstd-0.1_tkl-5.0e-2_fusion-static_logit gpu=0
[launch] stage=core dataset=caltech101 shot=16 seed=1 tag=detbayesrt_epoch-80_rpstd-0.001_rkl-1.0e-5_tpstd-0.1_tkl-5.0e-2_fusion-static_logit gpu=0
[done] stage=core dataset=caltech101 shot=16 seed=1 tag=detbayesrt_epoch-80_rpstd-0.01_rkl-1.0e-3_tpstd-0.1_tkl-1.0e-2_fusion-static_logit gpu=1
[launch] stage=core dataset=caltech101 shot=16 seed=1 tag=detbayesrt_epoch-80_rpstd-0.001_rkl-1.0e-5_tpstd-0.1_tkl-1.0e-2_fusion-static_logit gpu=1
[done] stage=core dataset=caltech101 shot=16 seed=1 tag=detbayesrt_epoch-80_rpstd-0.01_rkl-1.0e-3_tpstd-0.1_tkl-1.0e-3_fusion-static_logit gpu=0
[launch] stage=core dataset=caltech101 shot=16 seed=1 tag=detbayesrt_epoch-80_rpstd-0.001_rkl-1.0e-5_tpstd-0.1_tkl-1.0e-3_fusion-static_logit gpu=0
[done] stage=core dataset=caltech101 shot=16 seed=1 tag=detbayesrt_epoch-80_rpstd-0.01_rkl-1.0e-3_tpstd-0.01_tkl-5.0e-2_fusion-static_logit gpu=0
[launch] stage=core dataset=caltech101 shot=16 seed=1 tag=detbayesrt_epoch-80_rpstd-0.001_rkl-1.0e-5_tpstd-0.01_tkl-5.0e-2_fusion-static_logit gpu=0
[done] stage=core dataset=caltech101 shot=16 seed=1 tag=detbayesrt_epoch-80_rpstd-0.01_rkl-1.0e-3_tpstd-0.01_tkl-1.0e-2_fusion-static_logit gpu=1
[launch] stage=core dataset=caltech101 shot=16 seed=1 tag=detbayesrt_epoch-80_rpstd-0.001_rkl-1.0e-5_tpstd-0.01_tkl-1.0e-2_fusion-static_logit gpu=1
[done] stage=core dataset=caltech101 shot=16 seed=1 tag=detbayesrt_epoch-80_rpstd-0.01_rkl-1.0e-3_tpstd-0.01_tkl-1.0e-3_fusion-static_logit gpu=1
[launch] stage=core dataset=caltech101 shot=16 seed=1 tag=detbayesrt_epoch-80_rpstd-0.001_rkl-1.0e-5_tpstd-0.01_tkl-1.0e-3_fusion-static_logit gpu=1
[done] stage=core dataset=caltech101 shot=16 seed=1 tag=detbayesrt_epoch-80_rpstd-0.01_rkl-1.0e-3_tpstd-0.001_tkl-5.0e-2_fusion-static_logit gpu=2
[launch] stage=core dataset=caltech101 shot=16 seed=1 tag=detbayesrt_epoch-80_rpstd-0.001_rkl-1.0e-5_tpstd-0.001_tkl-5.0e-2_fusion-static_logit gpu=2
[done] stage=core dataset=caltech101 shot=16 seed=1 tag=detbayesrt_epoch-80_rpstd-0.01_rkl-1.0e-3_tpstd-0.001_tkl-1.0e-2_fusion-static_logit gpu=2
[launch] stage=core dataset=caltech101 shot=16 seed=1 tag=detbayesrt_epoch-80_rpstd-0.001_rkl-1.0e-5_tpstd-0.001_tkl-1.0e-2_fusion-static_logit gpu=2
[done] stage=core dataset=caltech101 shot=16 seed=1 tag=detbayesrt_epoch-80_rpstd-0.01_rkl-1.0e-3_tpstd-0.001_tkl-1.0e-3_fusion-static_logit gpu=2
[launch] stage=core dataset=caltech101 shot=16 seed=1 tag=detbayesrt_epoch-80_rpstd-0.001_rkl-1.0e-5_tpstd-0.001_tkl-1.0e-3_fusion-static_logit gpu=2
[done] stage=core dataset=caltech101 shot=16 seed=1 tag=detbayesrt_epoch-80_rpstd-0.001_rkl-1.0e-5_tpstd-0.1_tkl-1.0e-2_fusion-static_logit gpu=1
[launch] stage=core dataset=caltech101 shot=16 seed=1 tag=detbayesrt_epoch-80_rpstd-0.001_rkl-1.0e-4_tpstd-0.1_tkl-5.0e-2_fusion-static_logit gpu=1
[done] stage=core dataset=caltech101 shot=16 seed=1 tag=detbayesrt_epoch-80_rpstd-0.001_rkl-1.0e-5_tpstd-0.1_tkl-5.0e-2_fusion-static_logit gpu=0
[launch] stage=core dataset=caltech101 shot=16 seed=1 tag=detbayesrt_epoch-80_rpstd-0.001_rkl-1.0e-4_tpstd-0.1_tkl-1.0e-2_fusion-static_logit gpu=0
[done] stage=core dataset=caltech101 shot=16 seed=1 tag=detbayesrt_epoch-80_rpstd-0.001_rkl-1.0e-5_tpstd-0.01_tkl-1.0e-2_fusion-static_logit gpu=1
[launch] stage=core dataset=caltech101 shot=16 seed=1 tag=detbayesrt_epoch-80_rpstd-0.001_rkl-1.0e-4_tpstd-0.1_tkl-1.0e-3_fusion-static_logit gpu=1
[done] stage=core dataset=caltech101 shot=16 seed=1 tag=detbayesrt_epoch-80_rpstd-0.001_rkl-1.0e-5_tpstd-0.01_tkl-1.0e-3_fusion-static_logit gpu=1
[launch] stage=core dataset=caltech101 shot=16 seed=1 tag=detbayesrt_epoch-80_rpstd-0.001_rkl-1.0e-4_tpstd-0.01_tkl-5.0e-2_fusion-static_logit gpu=1
[done] stage=core dataset=caltech101 shot=16 seed=1 tag=detbayesrt_epoch-80_rpstd-0.001_rkl-1.0e-5_tpstd-0.1_tkl-1.0e-3_fusion-static_logit gpu=0
[done] stage=core dataset=caltech101 shot=16 seed=1 tag=detbayesrt_epoch-80_rpstd-0.001_rkl-1.0e-5_tpstd-0.01_tkl-5.0e-2_fusion-static_logit gpu=0
[launch] stage=core dataset=caltech101 shot=16 seed=1 tag=detbayesrt_epoch-80_rpstd-0.001_rkl-1.0e-4_tpstd-0.01_tkl-1.0e-2_fusion-static_logit gpu=0
[launch] stage=core dataset=caltech101 shot=16 seed=1 tag=detbayesrt_epoch-80_rpstd-0.001_rkl-1.0e-4_tpstd-0.01_tkl-1.0e-3_fusion-static_logit gpu=0
[done] stage=core dataset=caltech101 shot=16 seed=1 tag=detbayesrt_epoch-80_rpstd-0.001_rkl-1.0e-5_tpstd-0.001_tkl-5.0e-2_fusion-static_logit gpu=2
[launch] stage=core dataset=caltech101 shot=16 seed=1 tag=detbayesrt_epoch-80_rpstd-0.001_rkl-1.0e-4_tpstd-0.001_tkl-5.0e-2_fusion-static_logit gpu=2
[done] stage=core dataset=caltech101 shot=16 seed=1 tag=detbayesrt_epoch-80_rpstd-0.001_rkl-1.0e-5_tpstd-0.001_tkl-1.0e-2_fusion-static_logit gpu=2
[launch] stage=core dataset=caltech101 shot=16 seed=1 tag=detbayesrt_epoch-80_rpstd-0.001_rkl-1.0e-4_tpstd-0.001_tkl-1.0e-2_fusion-static_logit gpu=2
[done] stage=core dataset=caltech101 shot=16 seed=1 tag=detbayesrt_epoch-80_rpstd-0.001_rkl-1.0e-5_tpstd-0.001_tkl-1.0e-3_fusion-static_logit gpu=2
[launch] stage=core dataset=caltech101 shot=16 seed=1 tag=detbayesrt_epoch-80_rpstd-0.001_rkl-1.0e-4_tpstd-0.001_tkl-1.0e-3_fusion-static_logit gpu=2
[done] stage=core dataset=caltech101 shot=16 seed=1 tag=detbayesrt_epoch-80_rpstd-0.001_rkl-1.0e-4_tpstd-0.1_tkl-5.0e-2_fusion-static_logit gpu=1
[launch] stage=core dataset=caltech101 shot=16 seed=1 tag=detbayesrt_epoch-80_rpstd-0.001_rkl-1.0e-3_tpstd-0.1_tkl-5.0e-2_fusion-static_logit gpu=1
[done] stage=core dataset=caltech101 shot=16 seed=1 tag=detbayesrt_epoch-80_rpstd-0.001_rkl-1.0e-4_tpstd-0.1_tkl-1.0e-2_fusion-static_logit gpu=0
[launch] stage=core dataset=caltech101 shot=16 seed=1 tag=detbayesrt_epoch-80_rpstd-0.001_rkl-1.0e-3_tpstd-0.1_tkl-1.0e-2_fusion-static_logit gpu=0
[done] stage=core dataset=caltech101 shot=16 seed=1 tag=detbayesrt_epoch-80_rpstd-0.001_rkl-1.0e-4_tpstd-0.1_tkl-1.0e-3_fusion-static_logit gpu=1
[launch] stage=core dataset=caltech101 shot=16 seed=1 tag=detbayesrt_epoch-80_rpstd-0.001_rkl-1.0e-3_tpstd-0.1_tkl-1.0e-3_fusion-static_logit gpu=1
[done] stage=core dataset=caltech101 shot=16 seed=1 tag=detbayesrt_epoch-80_rpstd-0.001_rkl-1.0e-4_tpstd-0.01_tkl-5.0e-2_fusion-static_logit gpu=1
[launch] stage=core dataset=caltech101 shot=16 seed=1 tag=detbayesrt_epoch-80_rpstd-0.001_rkl-1.0e-3_tpstd-0.01_tkl-5.0e-2_fusion-static_logit gpu=1
[done] stage=core dataset=caltech101 shot=16 seed=1 tag=detbayesrt_epoch-80_rpstd-0.001_rkl-1.0e-4_tpstd-0.01_tkl-1.0e-2_fusion-static_logit gpu=0
[done] stage=core dataset=caltech101 shot=16 seed=1 tag=detbayesrt_epoch-80_rpstd-0.001_rkl-1.0e-4_tpstd-0.01_tkl-1.0e-3_fusion-static_logit gpu=0
[launch] stage=core dataset=caltech101 shot=16 seed=1 tag=detbayesrt_epoch-80_rpstd-0.001_rkl-1.0e-3_tpstd-0.01_tkl-1.0e-2_fusion-static_logit gpu=0
[launch] stage=core dataset=caltech101 shot=16 seed=1 tag=detbayesrt_epoch-80_rpstd-0.001_rkl-1.0e-3_tpstd-0.01_tkl-1.0e-3_fusion-static_logit gpu=0
[done] stage=core dataset=caltech101 shot=16 seed=1 tag=detbayesrt_epoch-80_rpstd-0.001_rkl-1.0e-4_tpstd-0.001_tkl-5.0e-2_fusion-static_logit gpu=2
[launch] stage=core dataset=caltech101 shot=16 seed=1 tag=detbayesrt_epoch-80_rpstd-0.001_rkl-1.0e-3_tpstd-0.001_tkl-5.0e-2_fusion-static_logit gpu=2
[done] stage=core dataset=caltech101 shot=16 seed=1 tag=detbayesrt_epoch-80_rpstd-0.001_rkl-1.0e-4_tpstd-0.001_tkl-1.0e-2_fusion-static_logit gpu=2
[launch] stage=core dataset=caltech101 shot=16 seed=1 tag=detbayesrt_epoch-80_rpstd-0.001_rkl-1.0e-3_tpstd-0.001_tkl-1.0e-2_fusion-static_logit gpu=2
[done] stage=core dataset=caltech101 shot=16 seed=1 tag=detbayesrt_epoch-80_rpstd-0.001_rkl-1.0e-4_tpstd-0.001_tkl-1.0e-3_fusion-static_logit gpu=2
[launch] stage=core dataset=caltech101 shot=16 seed=1 tag=detbayesrt_epoch-80_rpstd-0.001_rkl-1.0e-3_tpstd-0.001_tkl-1.0e-3_fusion-static_logit gpu=2
[done] stage=core dataset=caltech101 shot=16 seed=1 tag=detbayesrt_epoch-80_rpstd-0.001_rkl-1.0e-3_tpstd-0.1_tkl-5.0e-2_fusion-static_logit gpu=1
[launch] stage=core dataset=dtd shot=1 seed=1 tag=detbayesrt_epoch-80_rpstd-0.1_rkl-1.0e-5_tpstd-0.1_tkl-5.0e-2_fusion-static_logit gpu=1
[done] stage=core dataset=caltech101 shot=16 seed=1 tag=detbayesrt_epoch-80_rpstd-0.001_rkl-1.0e-3_tpstd-0.1_tkl-1.0e-2_fusion-static_logit gpu=0
[launch] stage=core dataset=dtd shot=1 seed=1 tag=detbayesrt_epoch-80_rpstd-0.1_rkl-1.0e-5_tpstd-0.1_tkl-1.0e-2_fusion-static_logit gpu=0
[done] stage=core dataset=caltech101 shot=16 seed=1 tag=detbayesrt_epoch-80_rpstd-0.001_rkl-1.0e-3_tpstd-0.1_tkl-1.0e-3_fusion-static_logit gpu=1
[launch] stage=core dataset=dtd shot=1 seed=1 tag=detbayesrt_epoch-80_rpstd-0.1_rkl-1.0e-5_tpstd-0.1_tkl-1.0e-3_fusion-static_logit gpu=1
[done] stage=core dataset=caltech101 shot=16 seed=1 tag=detbayesrt_epoch-80_rpstd-0.001_rkl-1.0e-3_tpstd-0.01_tkl-5.0e-2_fusion-static_logit gpu=1
[launch] stage=core dataset=dtd shot=1 seed=1 tag=detbayesrt_epoch-80_rpstd-0.1_rkl-1.0e-5_tpstd-0.01_tkl-5.0e-2_fusion-static_logit gpu=1
[done] stage=core dataset=caltech101 shot=16 seed=1 tag=detbayesrt_epoch-80_rpstd-0.001_rkl-1.0e-3_tpstd-0.001_tkl-5.0e-2_fusion-static_logit gpu=2
[launch] stage=core dataset=dtd shot=1 seed=1 tag=detbayesrt_epoch-80_rpstd-0.1_rkl-1.0e-5_tpstd-0.01_tkl-1.0e-2_fusion-static_logit gpu=2
[done] stage=core dataset=caltech101 shot=16 seed=1 tag=detbayesrt_epoch-80_rpstd-0.001_rkl-1.0e-3_tpstd-0.01_tkl-1.0e-2_fusion-static_logit gpu=0
[done] stage=core dataset=caltech101 shot=16 seed=1 tag=detbayesrt_epoch-80_rpstd-0.001_rkl-1.0e-3_tpstd-0.001_tkl-1.0e-2_fusion-static_logit gpu=2
[launch] stage=core dataset=dtd shot=1 seed=1 tag=detbayesrt_epoch-80_rpstd-0.1_rkl-1.0e-5_tpstd-0.01_tkl-1.0e-3_fusion-static_logit gpu=0
[launch] stage=core dataset=dtd shot=1 seed=1 tag=detbayesrt_epoch-80_rpstd-0.1_rkl-1.0e-5_tpstd-0.001_tkl-5.0e-2_fusion-static_logit gpu=2
[done] stage=core dataset=caltech101 shot=16 seed=1 tag=detbayesrt_epoch-80_rpstd-0.001_rkl-1.0e-3_tpstd-0.01_tkl-1.0e-3_fusion-static_logit gpu=0
[done] stage=core dataset=caltech101 shot=16 seed=1 tag=detbayesrt_epoch-80_rpstd-0.001_rkl-1.0e-3_tpstd-0.001_tkl-1.0e-3_fusion-static_logit gpu=2
[launch] stage=core dataset=dtd shot=1 seed=1 tag=detbayesrt_epoch-80_rpstd-0.1_rkl-1.0e-5_tpstd-0.001_tkl-1.0e-2_fusion-static_logit gpu=0
[launch] stage=core dataset=dtd shot=1 seed=1 tag=detbayesrt_epoch-80_rpstd-0.1_rkl-1.0e-5_tpstd-0.001_tkl-1.0e-3_fusion-static_logit gpu=2
[done] stage=core dataset=dtd shot=1 seed=1 tag=detbayesrt_epoch-80_rpstd-0.1_rkl-1.0e-5_tpstd-0.1_tkl-5.0e-2_fusion-static_logit gpu=1
[launch] stage=core dataset=dtd shot=1 seed=1 tag=detbayesrt_epoch-80_rpstd-0.1_rkl-1.0e-4_tpstd-0.1_tkl-5.0e-2_fusion-static_logit gpu=1
[done] stage=core dataset=dtd shot=1 seed=1 tag=detbayesrt_epoch-80_rpstd-0.1_rkl-1.0e-5_tpstd-0.1_tkl-1.0e-2_fusion-static_logit gpu=0
[launch] stage=core dataset=dtd shot=1 seed=1 tag=detbayesrt_epoch-80_rpstd-0.1_rkl-1.0e-4_tpstd-0.1_tkl-1.0e-2_fusion-static_logit gpu=0
[done] stage=core dataset=dtd shot=1 seed=1 tag=detbayesrt_epoch-80_rpstd-0.1_rkl-1.0e-5_tpstd-0.1_tkl-1.0e-3_fusion-static_logit gpu=1
[launch] stage=core dataset=dtd shot=1 seed=1 tag=detbayesrt_epoch-80_rpstd-0.1_rkl-1.0e-4_tpstd-0.1_tkl-1.0e-3_fusion-static_logit gpu=1
[done] stage=core dataset=dtd shot=1 seed=1 tag=detbayesrt_epoch-80_rpstd-0.1_rkl-1.0e-5_tpstd-0.01_tkl-5.0e-2_fusion-static_logit gpu=1
[launch] stage=core dataset=dtd shot=1 seed=1 tag=detbayesrt_epoch-80_rpstd-0.1_rkl-1.0e-4_tpstd-0.01_tkl-5.0e-2_fusion-static_logit gpu=1
[done] stage=core dataset=dtd shot=1 seed=1 tag=detbayesrt_epoch-80_rpstd-0.1_rkl-1.0e-5_tpstd-0.01_tkl-1.0e-3_fusion-static_logit gpu=0
[done] stage=core dataset=dtd shot=1 seed=1 tag=detbayesrt_epoch-80_rpstd-0.1_rkl-1.0e-5_tpstd-0.01_tkl-1.0e-2_fusion-static_logit gpu=2
[done] stage=core dataset=dtd shot=1 seed=1 tag=detbayesrt_epoch-80_rpstd-0.1_rkl-1.0e-5_tpstd-0.001_tkl-5.0e-2_fusion-static_logit gpu=2
[launch] stage=core dataset=dtd shot=1 seed=1 tag=detbayesrt_epoch-80_rpstd-0.1_rkl-1.0e-4_tpstd-0.01_tkl-1.0e-2_fusion-static_logit gpu=0
[launch] stage=core dataset=dtd shot=1 seed=1 tag=detbayesrt_epoch-80_rpstd-0.1_rkl-1.0e-4_tpstd-0.01_tkl-1.0e-3_fusion-static_logit gpu=2
[launch] stage=core dataset=dtd shot=1 seed=1 tag=detbayesrt_epoch-80_rpstd-0.1_rkl-1.0e-4_tpstd-0.001_tkl-5.0e-2_fusion-static_logit gpu=2
[done] stage=core dataset=dtd shot=1 seed=1 tag=detbayesrt_epoch-80_rpstd-0.1_rkl-1.0e-5_tpstd-0.001_tkl-1.0e-2_fusion-static_logit gpu=0
[done] stage=core dataset=dtd shot=1 seed=1 tag=detbayesrt_epoch-80_rpstd-0.1_rkl-1.0e-5_tpstd-0.001_tkl-1.0e-3_fusion-static_logit gpu=2
[launch] stage=core dataset=dtd shot=1 seed=1 tag=detbayesrt_epoch-80_rpstd-0.1_rkl-1.0e-4_tpstd-0.001_tkl-1.0e-2_fusion-static_logit gpu=0
[launch] stage=core dataset=dtd shot=1 seed=1 tag=detbayesrt_epoch-80_rpstd-0.1_rkl-1.0e-4_tpstd-0.001_tkl-1.0e-3_fusion-static_logit gpu=2
[done] stage=core dataset=dtd shot=1 seed=1 tag=detbayesrt_epoch-80_rpstd-0.1_rkl-1.0e-4_tpstd-0.1_tkl-5.0e-2_fusion-static_logit gpu=1
[launch] stage=core dataset=dtd shot=1 seed=1 tag=detbayesrt_epoch-80_rpstd-0.1_rkl-1.0e-3_tpstd-0.1_tkl-5.0e-2_fusion-static_logit gpu=1
[done] stage=core dataset=dtd shot=1 seed=1 tag=detbayesrt_epoch-80_rpstd-0.1_rkl-1.0e-4_tpstd-0.1_tkl-1.0e-2_fusion-static_logit gpu=0
[launch] stage=core dataset=dtd shot=1 seed=1 tag=detbayesrt_epoch-80_rpstd-0.1_rkl-1.0e-3_tpstd-0.1_tkl-1.0e-2_fusion-static_logit gpu=0
[done] stage=core dataset=dtd shot=1 seed=1 tag=detbayesrt_epoch-80_rpstd-0.1_rkl-1.0e-4_tpstd-0.1_tkl-1.0e-3_fusion-static_logit gpu=1
[launch] stage=core dataset=dtd shot=1 seed=1 tag=detbayesrt_epoch-80_rpstd-0.1_rkl-1.0e-3_tpstd-0.1_tkl-1.0e-3_fusion-static_logit gpu=1
[done] stage=core dataset=dtd shot=1 seed=1 tag=detbayesrt_epoch-80_rpstd-0.1_rkl-1.0e-4_tpstd-0.01_tkl-5.0e-2_fusion-static_logit gpu=1
[launch] stage=core dataset=dtd shot=1 seed=1 tag=detbayesrt_epoch-80_rpstd-0.1_rkl-1.0e-3_tpstd-0.01_tkl-5.0e-2_fusion-static_logit gpu=1
[done] stage=core dataset=dtd shot=1 seed=1 tag=detbayesrt_epoch-80_rpstd-0.1_rkl-1.0e-4_tpstd-0.01_tkl-1.0e-3_fusion-static_logit gpu=2
[launch] stage=core dataset=dtd shot=1 seed=1 tag=detbayesrt_epoch-80_rpstd-0.1_rkl-1.0e-3_tpstd-0.01_tkl-1.0e-2_fusion-static_logit gpu=2
[done] stage=core dataset=dtd shot=1 seed=1 tag=detbayesrt_epoch-80_rpstd-0.1_rkl-1.0e-4_tpstd-0.01_tkl-1.0e-2_fusion-static_logit gpu=0
[done] stage=core dataset=dtd shot=1 seed=1 tag=detbayesrt_epoch-80_rpstd-0.1_rkl-1.0e-4_tpstd-0.001_tkl-5.0e-2_fusion-static_logit gpu=2
[launch] stage=core dataset=dtd shot=1 seed=1 tag=detbayesrt_epoch-80_rpstd-0.1_rkl-1.0e-3_tpstd-0.01_tkl-1.0e-3_fusion-static_logit gpu=0
[launch] stage=core dataset=dtd shot=1 seed=1 tag=detbayesrt_epoch-80_rpstd-0.1_rkl-1.0e-3_tpstd-0.001_tkl-5.0e-2_fusion-static_logit gpu=2
[done] stage=core dataset=dtd shot=1 seed=1 tag=detbayesrt_epoch-80_rpstd-0.1_rkl-1.0e-4_tpstd-0.001_tkl-1.0e-2_fusion-static_logit gpu=0
[launch] stage=core dataset=dtd shot=1 seed=1 tag=detbayesrt_epoch-80_rpstd-0.1_rkl-1.0e-3_tpstd-0.001_tkl-1.0e-2_fusion-static_logit gpu=0
[done] stage=core dataset=dtd shot=1 seed=1 tag=detbayesrt_epoch-80_rpstd-0.1_rkl-1.0e-4_tpstd-0.001_tkl-1.0e-3_fusion-static_logit gpu=2
[launch] stage=core dataset=dtd shot=1 seed=1 tag=detbayesrt_epoch-80_rpstd-0.1_rkl-1.0e-3_tpstd-0.001_tkl-1.0e-3_fusion-static_logit gpu=2
[done] stage=core dataset=dtd shot=1 seed=1 tag=detbayesrt_epoch-80_rpstd-0.1_rkl-1.0e-3_tpstd-0.1_tkl-5.0e-2_fusion-static_logit gpu=1
[launch] stage=core dataset=dtd shot=1 seed=1 tag=detbayesrt_epoch-80_rpstd-0.01_rkl-1.0e-5_tpstd-0.1_tkl-5.0e-2_fusion-static_logit gpu=1
[done] stage=core dataset=dtd shot=1 seed=1 tag=detbayesrt_epoch-80_rpstd-0.1_rkl-1.0e-3_tpstd-0.1_tkl-1.0e-2_fusion-static_logit gpu=0
[launch] stage=core dataset=dtd shot=1 seed=1 tag=detbayesrt_epoch-80_rpstd-0.01_rkl-1.0e-5_tpstd-0.1_tkl-1.0e-2_fusion-static_logit gpu=0
[done] stage=core dataset=dtd shot=1 seed=1 tag=detbayesrt_epoch-80_rpstd-0.1_rkl-1.0e-3_tpstd-0.1_tkl-1.0e-3_fusion-static_logit gpu=1
[launch] stage=core dataset=dtd shot=1 seed=1 tag=detbayesrt_epoch-80_rpstd-0.01_rkl-1.0e-5_tpstd-0.1_tkl-1.0e-3_fusion-static_logit gpu=1
[done] stage=core dataset=dtd shot=1 seed=1 tag=detbayesrt_epoch-80_rpstd-0.1_rkl-1.0e-3_tpstd-0.01_tkl-5.0e-2_fusion-static_logit gpu=1
[launch] stage=core dataset=dtd shot=1 seed=1 tag=detbayesrt_epoch-80_rpstd-0.01_rkl-1.0e-5_tpstd-0.01_tkl-5.0e-2_fusion-static_logit gpu=1
[done] stage=core dataset=dtd shot=1 seed=1 tag=detbayesrt_epoch-80_rpstd-0.1_rkl-1.0e-3_tpstd-0.01_tkl-1.0e-2_fusion-static_logit gpu=2
[launch] stage=core dataset=dtd shot=1 seed=1 tag=detbayesrt_epoch-80_rpstd-0.01_rkl-1.0e-5_tpstd-0.01_tkl-1.0e-2_fusion-static_logit gpu=2
[done] stage=core dataset=dtd shot=1 seed=1 tag=detbayesrt_epoch-80_rpstd-0.1_rkl-1.0e-3_tpstd-0.01_tkl-1.0e-3_fusion-static_logit gpu=0
[done] stage=core dataset=dtd shot=1 seed=1 tag=detbayesrt_epoch-80_rpstd-0.1_rkl-1.0e-3_tpstd-0.001_tkl-5.0e-2_fusion-static_logit gpu=2
[launch] stage=core dataset=dtd shot=1 seed=1 tag=detbayesrt_epoch-80_rpstd-0.01_rkl-1.0e-5_tpstd-0.01_tkl-1.0e-3_fusion-static_logit gpu=0
[launch] stage=core dataset=dtd shot=1 seed=1 tag=detbayesrt_epoch-80_rpstd-0.01_rkl-1.0e-5_tpstd-0.001_tkl-5.0e-2_fusion-static_logit gpu=2
[done] stage=core dataset=dtd shot=1 seed=1 tag=detbayesrt_epoch-80_rpstd-0.1_rkl-1.0e-3_tpstd-0.001_tkl-1.0e-2_fusion-static_logit gpu=0
[launch] stage=core dataset=dtd shot=1 seed=1 tag=detbayesrt_epoch-80_rpstd-0.01_rkl-1.0e-5_tpstd-0.001_tkl-1.0e-2_fusion-static_logit gpu=0
[done] stage=core dataset=dtd shot=1 seed=1 tag=detbayesrt_epoch-80_rpstd-0.1_rkl-1.0e-3_tpstd-0.001_tkl-1.0e-3_fusion-static_logit gpu=2
[launch] stage=core dataset=dtd shot=1 seed=1 tag=detbayesrt_epoch-80_rpstd-0.01_rkl-1.0e-5_tpstd-0.001_tkl-1.0e-3_fusion-static_logit gpu=2
[done] stage=core dataset=dtd shot=1 seed=1 tag=detbayesrt_epoch-80_rpstd-0.01_rkl-1.0e-5_tpstd-0.1_tkl-5.0e-2_fusion-static_logit gpu=1
[launch] stage=core dataset=dtd shot=1 seed=1 tag=detbayesrt_epoch-80_rpstd-0.01_rkl-1.0e-4_tpstd-0.1_tkl-5.0e-2_fusion-static_logit gpu=1
[done] stage=core dataset=dtd shot=1 seed=1 tag=detbayesrt_epoch-80_rpstd-0.01_rkl-1.0e-5_tpstd-0.1_tkl-1.0e-2_fusion-static_logit gpu=0
[launch] stage=core dataset=dtd shot=1 seed=1 tag=detbayesrt_epoch-80_rpstd-0.01_rkl-1.0e-4_tpstd-0.1_tkl-1.0e-2_fusion-static_logit gpu=0
[done] stage=core dataset=dtd shot=1 seed=1 tag=detbayesrt_epoch-80_rpstd-0.01_rkl-1.0e-5_tpstd-0.1_tkl-1.0e-3_fusion-static_logit gpu=1
[launch] stage=core dataset=dtd shot=1 seed=1 tag=detbayesrt_epoch-80_rpstd-0.01_rkl-1.0e-4_tpstd-0.1_tkl-1.0e-3_fusion-static_logit gpu=1
[done] stage=core dataset=dtd shot=1 seed=1 tag=detbayesrt_epoch-80_rpstd-0.01_rkl-1.0e-5_tpstd-0.01_tkl-5.0e-2_fusion-static_logit gpu=1
[launch] stage=core dataset=dtd shot=1 seed=1 tag=detbayesrt_epoch-80_rpstd-0.01_rkl-1.0e-4_tpstd-0.01_tkl-5.0e-2_fusion-static_logit gpu=1
[done] stage=core dataset=dtd shot=1 seed=1 tag=detbayesrt_epoch-80_rpstd-0.01_rkl-1.0e-5_tpstd-0.01_tkl-1.0e-2_fusion-static_logit gpu=2
[launch] stage=core dataset=dtd shot=1 seed=1 tag=detbayesrt_epoch-80_rpstd-0.01_rkl-1.0e-4_tpstd-0.01_tkl-1.0e-2_fusion-static_logit gpu=2
[done] stage=core dataset=dtd shot=1 seed=1 tag=detbayesrt_epoch-80_rpstd-0.01_rkl-1.0e-5_tpstd-0.01_tkl-1.0e-3_fusion-static_logit gpu=0
[done] stage=core dataset=dtd shot=1 seed=1 tag=detbayesrt_epoch-80_rpstd-0.01_rkl-1.0e-5_tpstd-0.001_tkl-5.0e-2_fusion-static_logit gpu=2
[launch] stage=core dataset=dtd shot=1 seed=1 tag=detbayesrt_epoch-80_rpstd-0.01_rkl-1.0e-4_tpstd-0.01_tkl-1.0e-3_fusion-static_logit gpu=0
[launch] stage=core dataset=dtd shot=1 seed=1 tag=detbayesrt_epoch-80_rpstd-0.01_rkl-1.0e-4_tpstd-0.001_tkl-5.0e-2_fusion-static_logit gpu=2
[done] stage=core dataset=dtd shot=1 seed=1 tag=detbayesrt_epoch-80_rpstd-0.01_rkl-1.0e-5_tpstd-0.001_tkl-1.0e-2_fusion-static_logit gpu=0
[launch] stage=core dataset=dtd shot=1 seed=1 tag=detbayesrt_epoch-80_rpstd-0.01_rkl-1.0e-4_tpstd-0.001_tkl-1.0e-2_fusion-static_logit gpu=0
[done] stage=core dataset=dtd shot=1 seed=1 tag=detbayesrt_epoch-80_rpstd-0.01_rkl-1.0e-5_tpstd-0.001_tkl-1.0e-3_fusion-static_logit gpu=2
[launch] stage=core dataset=dtd shot=1 seed=1 tag=detbayesrt_epoch-80_rpstd-0.01_rkl-1.0e-4_tpstd-0.001_tkl-1.0e-3_fusion-static_logit gpu=2
[done] stage=core dataset=dtd shot=1 seed=1 tag=detbayesrt_epoch-80_rpstd-0.01_rkl-1.0e-4_tpstd-0.1_tkl-5.0e-2_fusion-static_logit gpu=1
[launch] stage=core dataset=dtd shot=1 seed=1 tag=detbayesrt_epoch-80_rpstd-0.01_rkl-1.0e-3_tpstd-0.1_tkl-5.0e-2_fusion-static_logit gpu=1
[done] stage=core dataset=dtd shot=1 seed=1 tag=detbayesrt_epoch-80_rpstd-0.01_rkl-1.0e-4_tpstd-0.1_tkl-1.0e-2_fusion-static_logit gpu=0
[launch] stage=core dataset=dtd shot=1 seed=1 tag=detbayesrt_epoch-80_rpstd-0.01_rkl-1.0e-3_tpstd-0.1_tkl-1.0e-2_fusion-static_logit gpu=0
[done] stage=core dataset=dtd shot=1 seed=1 tag=detbayesrt_epoch-80_rpstd-0.01_rkl-1.0e-4_tpstd-0.1_tkl-1.0e-3_fusion-static_logit gpu=1
[launch] stage=core dataset=dtd shot=1 seed=1 tag=detbayesrt_epoch-80_rpstd-0.01_rkl-1.0e-3_tpstd-0.1_tkl-1.0e-3_fusion-static_logit gpu=1
[done] stage=core dataset=dtd shot=1 seed=1 tag=detbayesrt_epoch-80_rpstd-0.01_rkl-1.0e-4_tpstd-0.01_tkl-5.0e-2_fusion-static_logit gpu=1
[launch] stage=core dataset=dtd shot=1 seed=1 tag=detbayesrt_epoch-80_rpstd-0.01_rkl-1.0e-3_tpstd-0.01_tkl-5.0e-2_fusion-static_logit gpu=1
[done] stage=core dataset=dtd shot=1 seed=1 tag=detbayesrt_epoch-80_rpstd-0.01_rkl-1.0e-4_tpstd-0.01_tkl-1.0e-2_fusion-static_logit gpu=2
[launch] stage=core dataset=dtd shot=1 seed=1 tag=detbayesrt_epoch-80_rpstd-0.01_rkl-1.0e-3_tpstd-0.01_tkl-1.0e-2_fusion-static_logit gpu=2
[done] stage=core dataset=dtd shot=1 seed=1 tag=detbayesrt_epoch-80_rpstd-0.01_rkl-1.0e-4_tpstd-0.01_tkl-1.0e-3_fusion-static_logit gpu=0
[done] stage=core dataset=dtd shot=1 seed=1 tag=detbayesrt_epoch-80_rpstd-0.01_rkl-1.0e-4_tpstd-0.001_tkl-5.0e-2_fusion-static_logit gpu=2
[launch] stage=core dataset=dtd shot=1 seed=1 tag=detbayesrt_epoch-80_rpstd-0.01_rkl-1.0e-3_tpstd-0.01_tkl-1.0e-3_fusion-static_logit gpu=0
[launch] stage=core dataset=dtd shot=1 seed=1 tag=detbayesrt_epoch-80_rpstd-0.01_rkl-1.0e-3_tpstd-0.001_tkl-5.0e-2_fusion-static_logit gpu=2
[done] stage=core dataset=dtd shot=1 seed=1 tag=detbayesrt_epoch-80_rpstd-0.01_rkl-1.0e-4_tpstd-0.001_tkl-1.0e-2_fusion-static_logit gpu=0
[launch] stage=core dataset=dtd shot=1 seed=1 tag=detbayesrt_epoch-80_rpstd-0.01_rkl-1.0e-3_tpstd-0.001_tkl-1.0e-2_fusion-static_logit gpu=0
[done] stage=core dataset=dtd shot=1 seed=1 tag=detbayesrt_epoch-80_rpstd-0.01_rkl-1.0e-4_tpstd-0.001_tkl-1.0e-3_fusion-static_logit gpu=2
[launch] stage=core dataset=dtd shot=1 seed=1 tag=detbayesrt_epoch-80_rpstd-0.01_rkl-1.0e-3_tpstd-0.001_tkl-1.0e-3_fusion-static_logit gpu=2
[done] stage=core dataset=dtd shot=1 seed=1 tag=detbayesrt_epoch-80_rpstd-0.01_rkl-1.0e-3_tpstd-0.1_tkl-5.0e-2_fusion-static_logit gpu=1
[launch] stage=core dataset=dtd shot=1 seed=1 tag=detbayesrt_epoch-80_rpstd-0.001_rkl-1.0e-5_tpstd-0.1_tkl-5.0e-2_fusion-static_logit gpu=1
[done] stage=core dataset=dtd shot=1 seed=1 tag=detbayesrt_epoch-80_rpstd-0.01_rkl-1.0e-3_tpstd-0.1_tkl-1.0e-2_fusion-static_logit gpu=0
[launch] stage=core dataset=dtd shot=1 seed=1 tag=detbayesrt_epoch-80_rpstd-0.001_rkl-1.0e-5_tpstd-0.1_tkl-1.0e-2_fusion-static_logit gpu=0
[done] stage=core dataset=dtd shot=1 seed=1 tag=detbayesrt_epoch-80_rpstd-0.01_rkl-1.0e-3_tpstd-0.1_tkl-1.0e-3_fusion-static_logit gpu=1
[launch] stage=core dataset=dtd shot=1 seed=1 tag=detbayesrt_epoch-80_rpstd-0.001_rkl-1.0e-5_tpstd-0.1_tkl-1.0e-3_fusion-static_logit gpu=1
[done] stage=core dataset=dtd shot=1 seed=1 tag=detbayesrt_epoch-80_rpstd-0.01_rkl-1.0e-3_tpstd-0.01_tkl-5.0e-2_fusion-static_logit gpu=1
[launch] stage=core dataset=dtd shot=1 seed=1 tag=detbayesrt_epoch-80_rpstd-0.001_rkl-1.0e-5_tpstd-0.01_tkl-5.0e-2_fusion-static_logit gpu=1
[done] stage=core dataset=dtd shot=1 seed=1 tag=detbayesrt_epoch-80_rpstd-0.01_rkl-1.0e-3_tpstd-0.01_tkl-1.0e-2_fusion-static_logit gpu=2
[launch] stage=core dataset=dtd shot=1 seed=1 tag=detbayesrt_epoch-80_rpstd-0.001_rkl-1.0e-5_tpstd-0.01_tkl-1.0e-2_fusion-static_logit gpu=2
[done] stage=core dataset=dtd shot=1 seed=1 tag=detbayesrt_epoch-80_rpstd-0.01_rkl-1.0e-3_tpstd-0.01_tkl-1.0e-3_fusion-static_logit gpu=0
[done] stage=core dataset=dtd shot=1 seed=1 tag=detbayesrt_epoch-80_rpstd-0.01_rkl-1.0e-3_tpstd-0.001_tkl-5.0e-2_fusion-static_logit gpu=2
[launch] stage=core dataset=dtd shot=1 seed=1 tag=detbayesrt_epoch-80_rpstd-0.001_rkl-1.0e-5_tpstd-0.01_tkl-1.0e-3_fusion-static_logit gpu=0
[launch] stage=core dataset=dtd shot=1 seed=1 tag=detbayesrt_epoch-80_rpstd-0.001_rkl-1.0e-5_tpstd-0.001_tkl-5.0e-2_fusion-static_logit gpu=2
[done] stage=core dataset=dtd shot=1 seed=1 tag=detbayesrt_epoch-80_rpstd-0.01_rkl-1.0e-3_tpstd-0.001_tkl-1.0e-2_fusion-static_logit gpu=0
[launch] stage=core dataset=dtd shot=1 seed=1 tag=detbayesrt_epoch-80_rpstd-0.001_rkl-1.0e-5_tpstd-0.001_tkl-1.0e-2_fusion-static_logit gpu=0
[done] stage=core dataset=dtd shot=1 seed=1 tag=detbayesrt_epoch-80_rpstd-0.01_rkl-1.0e-3_tpstd-0.001_tkl-1.0e-3_fusion-static_logit gpu=2
[launch] stage=core dataset=dtd shot=1 seed=1 tag=detbayesrt_epoch-80_rpstd-0.001_rkl-1.0e-5_tpstd-0.001_tkl-1.0e-3_fusion-static_logit gpu=2
[done] stage=core dataset=dtd shot=1 seed=1 tag=detbayesrt_epoch-80_rpstd-0.001_rkl-1.0e-5_tpstd-0.1_tkl-5.0e-2_fusion-static_logit gpu=1
[launch] stage=core dataset=dtd shot=1 seed=1 tag=detbayesrt_epoch-80_rpstd-0.001_rkl-1.0e-4_tpstd-0.1_tkl-5.0e-2_fusion-static_logit gpu=1
[done] stage=core dataset=dtd shot=1 seed=1 tag=detbayesrt_epoch-80_rpstd-0.001_rkl-1.0e-5_tpstd-0.1_tkl-1.0e-2_fusion-static_logit gpu=0
[launch] stage=core dataset=dtd shot=1 seed=1 tag=detbayesrt_epoch-80_rpstd-0.001_rkl-1.0e-4_tpstd-0.1_tkl-1.0e-2_fusion-static_logit gpu=0
[done] stage=core dataset=dtd shot=1 seed=1 tag=detbayesrt_epoch-80_rpstd-0.001_rkl-1.0e-5_tpstd-0.1_tkl-1.0e-3_fusion-static_logit gpu=1
[launch] stage=core dataset=dtd shot=1 seed=1 tag=detbayesrt_epoch-80_rpstd-0.001_rkl-1.0e-4_tpstd-0.1_tkl-1.0e-3_fusion-static_logit gpu=1
[done] stage=core dataset=dtd shot=1 seed=1 tag=detbayesrt_epoch-80_rpstd-0.001_rkl-1.0e-5_tpstd-0.01_tkl-5.0e-2_fusion-static_logit gpu=1
[launch] stage=core dataset=dtd shot=1 seed=1 tag=detbayesrt_epoch-80_rpstd-0.001_rkl-1.0e-4_tpstd-0.01_tkl-5.0e-2_fusion-static_logit gpu=1
[done] stage=core dataset=dtd shot=1 seed=1 tag=detbayesrt_epoch-80_rpstd-0.001_rkl-1.0e-5_tpstd-0.01_tkl-1.0e-2_fusion-static_logit gpu=2
[launch] stage=core dataset=dtd shot=1 seed=1 tag=detbayesrt_epoch-80_rpstd-0.001_rkl-1.0e-4_tpstd-0.01_tkl-1.0e-2_fusion-static_logit gpu=2
[done] stage=core dataset=dtd shot=1 seed=1 tag=detbayesrt_epoch-80_rpstd-0.001_rkl-1.0e-5_tpstd-0.01_tkl-1.0e-3_fusion-static_logit gpu=0
[done] stage=core dataset=dtd shot=1 seed=1 tag=detbayesrt_epoch-80_rpstd-0.001_rkl-1.0e-5_tpstd-0.001_tkl-5.0e-2_fusion-static_logit gpu=2
[launch] stage=core dataset=dtd shot=1 seed=1 tag=detbayesrt_epoch-80_rpstd-0.001_rkl-1.0e-4_tpstd-0.01_tkl-1.0e-3_fusion-static_logit gpu=0
[launch] stage=core dataset=dtd shot=1 seed=1 tag=detbayesrt_epoch-80_rpstd-0.001_rkl-1.0e-4_tpstd-0.001_tkl-5.0e-2_fusion-static_logit gpu=2
[done] stage=core dataset=dtd shot=1 seed=1 tag=detbayesrt_epoch-80_rpstd-0.001_rkl-1.0e-5_tpstd-0.001_tkl-1.0e-2_fusion-static_logit gpu=0
[launch] stage=core dataset=dtd shot=1 seed=1 tag=detbayesrt_epoch-80_rpstd-0.001_rkl-1.0e-4_tpstd-0.001_tkl-1.0e-2_fusion-static_logit gpu=0
[done] stage=core dataset=dtd shot=1 seed=1 tag=detbayesrt_epoch-80_rpstd-0.001_rkl-1.0e-5_tpstd-0.001_tkl-1.0e-3_fusion-static_logit gpu=2
[launch] stage=core dataset=dtd shot=1 seed=1 tag=detbayesrt_epoch-80_rpstd-0.001_rkl-1.0e-4_tpstd-0.001_tkl-1.0e-3_fusion-static_logit gpu=2
[done] stage=core dataset=dtd shot=1 seed=1 tag=detbayesrt_epoch-80_rpstd-0.001_rkl-1.0e-4_tpstd-0.1_tkl-5.0e-2_fusion-static_logit gpu=1
[launch] stage=core dataset=dtd shot=1 seed=1 tag=detbayesrt_epoch-80_rpstd-0.001_rkl-1.0e-3_tpstd-0.1_tkl-5.0e-2_fusion-static_logit gpu=1
[done] stage=core dataset=dtd shot=1 seed=1 tag=detbayesrt_epoch-80_rpstd-0.001_rkl-1.0e-4_tpstd-0.1_tkl-1.0e-2_fusion-static_logit gpu=0
[launch] stage=core dataset=dtd shot=1 seed=1 tag=detbayesrt_epoch-80_rpstd-0.001_rkl-1.0e-3_tpstd-0.1_tkl-1.0e-2_fusion-static_logit gpu=0
[done] stage=core dataset=dtd shot=1 seed=1 tag=detbayesrt_epoch-80_rpstd-0.001_rkl-1.0e-4_tpstd-0.1_tkl-1.0e-3_fusion-static_logit gpu=1
[launch] stage=core dataset=dtd shot=1 seed=1 tag=detbayesrt_epoch-80_rpstd-0.001_rkl-1.0e-3_tpstd-0.1_tkl-1.0e-3_fusion-static_logit gpu=1
[done] stage=core dataset=dtd shot=1 seed=1 tag=detbayesrt_epoch-80_rpstd-0.001_rkl-1.0e-4_tpstd-0.01_tkl-5.0e-2_fusion-static_logit gpu=1
[launch] stage=core dataset=dtd shot=1 seed=1 tag=detbayesrt_epoch-80_rpstd-0.001_rkl-1.0e-3_tpstd-0.01_tkl-5.0e-2_fusion-static_logit gpu=1
[done] stage=core dataset=dtd shot=1 seed=1 tag=detbayesrt_epoch-80_rpstd-0.001_rkl-1.0e-4_tpstd-0.01_tkl-1.0e-3_fusion-static_logit gpu=0
[done] stage=core dataset=dtd shot=1 seed=1 tag=detbayesrt_epoch-80_rpstd-0.001_rkl-1.0e-4_tpstd-0.01_tkl-1.0e-2_fusion-static_logit gpu=2
[launch] stage=core dataset=dtd shot=1 seed=1 tag=detbayesrt_epoch-80_rpstd-0.001_rkl-1.0e-3_tpstd-0.01_tkl-1.0e-2_fusion-static_logit gpu=0
[launch] stage=core dataset=dtd shot=1 seed=1 tag=detbayesrt_epoch-80_rpstd-0.001_rkl-1.0e-3_tpstd-0.01_tkl-1.0e-3_fusion-static_logit gpu=2
[done] stage=core dataset=dtd shot=1 seed=1 tag=detbayesrt_epoch-80_rpstd-0.001_rkl-1.0e-4_tpstd-0.001_tkl-5.0e-2_fusion-static_logit gpu=2
[launch] stage=core dataset=dtd shot=1 seed=1 tag=detbayesrt_epoch-80_rpstd-0.001_rkl-1.0e-3_tpstd-0.001_tkl-5.0e-2_fusion-static_logit gpu=2
[done] stage=core dataset=dtd shot=1 seed=1 tag=detbayesrt_epoch-80_rpstd-0.001_rkl-1.0e-4_tpstd-0.001_tkl-1.0e-2_fusion-static_logit gpu=0
[done] stage=core dataset=dtd shot=1 seed=1 tag=detbayesrt_epoch-80_rpstd-0.001_rkl-1.0e-4_tpstd-0.001_tkl-1.0e-3_fusion-static_logit gpu=2
[launch] stage=core dataset=dtd shot=1 seed=1 tag=detbayesrt_epoch-80_rpstd-0.001_rkl-1.0e-3_tpstd-0.001_tkl-1.0e-2_fusion-static_logit gpu=0
[launch] stage=core dataset=dtd shot=1 seed=1 tag=detbayesrt_epoch-80_rpstd-0.001_rkl-1.0e-3_tpstd-0.001_tkl-1.0e-3_fusion-static_logit gpu=2
[done] stage=core dataset=dtd shot=1 seed=1 tag=detbayesrt_epoch-80_rpstd-0.001_rkl-1.0e-3_tpstd-0.1_tkl-5.0e-2_fusion-static_logit gpu=1
[launch] stage=core dataset=dtd shot=4 seed=1 tag=detbayesrt_epoch-80_rpstd-0.1_rkl-1.0e-5_tpstd-0.1_tkl-5.0e-2_fusion-static_logit gpu=1
[done] stage=core dataset=dtd shot=1 seed=1 tag=detbayesrt_epoch-80_rpstd-0.001_rkl-1.0e-3_tpstd-0.1_tkl-1.0e-2_fusion-static_logit gpu=0
[launch] stage=core dataset=dtd shot=4 seed=1 tag=detbayesrt_epoch-80_rpstd-0.1_rkl-1.0e-5_tpstd-0.1_tkl-1.0e-2_fusion-static_logit gpu=0
[done] stage=core dataset=dtd shot=1 seed=1 tag=detbayesrt_epoch-80_rpstd-0.001_rkl-1.0e-3_tpstd-0.1_tkl-1.0e-3_fusion-static_logit gpu=1
[launch] stage=core dataset=dtd shot=4 seed=1 tag=detbayesrt_epoch-80_rpstd-0.1_rkl-1.0e-5_tpstd-0.1_tkl-1.0e-3_fusion-static_logit gpu=1
[done] stage=core dataset=dtd shot=1 seed=1 tag=detbayesrt_epoch-80_rpstd-0.001_rkl-1.0e-3_tpstd-0.01_tkl-5.0e-2_fusion-static_logit gpu=1
[launch] stage=core dataset=dtd shot=4 seed=1 tag=detbayesrt_epoch-80_rpstd-0.1_rkl-1.0e-5_tpstd-0.01_tkl-5.0e-2_fusion-static_logit gpu=1
[done] stage=core dataset=dtd shot=1 seed=1 tag=detbayesrt_epoch-80_rpstd-0.001_rkl-1.0e-3_tpstd-0.01_tkl-1.0e-2_fusion-static_logit gpu=0
[launch] stage=core dataset=dtd shot=4 seed=1 tag=detbayesrt_epoch-80_rpstd-0.1_rkl-1.0e-5_tpstd-0.01_tkl-1.0e-2_fusion-static_logit gpu=0
[done] stage=core dataset=dtd shot=1 seed=1 tag=detbayesrt_epoch-80_rpstd-0.001_rkl-1.0e-3_tpstd-0.01_tkl-1.0e-3_fusion-static_logit gpu=2
[done] stage=core dataset=dtd shot=1 seed=1 tag=detbayesrt_epoch-80_rpstd-0.001_rkl-1.0e-3_tpstd-0.001_tkl-5.0e-2_fusion-static_logit gpu=2
[launch] stage=core dataset=dtd shot=4 seed=1 tag=detbayesrt_epoch-80_rpstd-0.1_rkl-1.0e-5_tpstd-0.01_tkl-1.0e-3_fusion-static_logit gpu=2
[launch] stage=core dataset=dtd shot=4 seed=1 tag=detbayesrt_epoch-80_rpstd-0.1_rkl-1.0e-5_tpstd-0.001_tkl-5.0e-2_fusion-static_logit gpu=2
[done] stage=core dataset=dtd shot=1 seed=1 tag=detbayesrt_epoch-80_rpstd-0.001_rkl-1.0e-3_tpstd-0.001_tkl-1.0e-2_fusion-static_logit gpu=0
[done] stage=core dataset=dtd shot=1 seed=1 tag=detbayesrt_epoch-80_rpstd-0.001_rkl-1.0e-3_tpstd-0.001_tkl-1.0e-3_fusion-static_logit gpu=2
[launch] stage=core dataset=dtd shot=4 seed=1 tag=detbayesrt_epoch-80_rpstd-0.1_rkl-1.0e-5_tpstd-0.001_tkl-1.0e-2_fusion-static_logit gpu=0
[launch] stage=core dataset=dtd shot=4 seed=1 tag=detbayesrt_epoch-80_rpstd-0.1_rkl-1.0e-5_tpstd-0.001_tkl-1.0e-3_fusion-static_logit gpu=2
[done] stage=core dataset=dtd shot=4 seed=1 tag=detbayesrt_epoch-80_rpstd-0.1_rkl-1.0e-5_tpstd-0.1_tkl-1.0e-2_fusion-static_logit gpu=0
[launch] stage=core dataset=dtd shot=4 seed=1 tag=detbayesrt_epoch-80_rpstd-0.1_rkl-1.0e-4_tpstd-0.1_tkl-5.0e-2_fusion-static_logit gpu=0
[done] stage=core dataset=dtd shot=4 seed=1 tag=detbayesrt_epoch-80_rpstd-0.1_rkl-1.0e-5_tpstd-0.1_tkl-5.0e-2_fusion-static_logit gpu=1
[launch] stage=core dataset=dtd shot=4 seed=1 tag=detbayesrt_epoch-80_rpstd-0.1_rkl-1.0e-4_tpstd-0.1_tkl-1.0e-2_fusion-static_logit gpu=1
[done] stage=core dataset=dtd shot=4 seed=1 tag=detbayesrt_epoch-80_rpstd-0.1_rkl-1.0e-5_tpstd-0.1_tkl-1.0e-3_fusion-static_logit gpu=1
[launch] stage=core dataset=dtd shot=4 seed=1 tag=detbayesrt_epoch-80_rpstd-0.1_rkl-1.0e-4_tpstd-0.1_tkl-1.0e-3_fusion-static_logit gpu=1
[done] stage=core dataset=dtd shot=4 seed=1 tag=detbayesrt_epoch-80_rpstd-0.1_rkl-1.0e-5_tpstd-0.01_tkl-5.0e-2_fusion-static_logit gpu=1
[launch] stage=core dataset=dtd shot=4 seed=1 tag=detbayesrt_epoch-80_rpstd-0.1_rkl-1.0e-4_tpstd-0.01_tkl-5.0e-2_fusion-static_logit gpu=1
[done] stage=core dataset=dtd shot=4 seed=1 tag=detbayesrt_epoch-80_rpstd-0.1_rkl-1.0e-5_tpstd-0.01_tkl-1.0e-2_fusion-static_logit gpu=0
[launch] stage=core dataset=dtd shot=4 seed=1 tag=detbayesrt_epoch-80_rpstd-0.1_rkl-1.0e-4_tpstd-0.01_tkl-1.0e-2_fusion-static_logit gpu=0
[done] stage=core dataset=dtd shot=4 seed=1 tag=detbayesrt_epoch-80_rpstd-0.1_rkl-1.0e-5_tpstd-0.001_tkl-1.0e-2_fusion-static_logit gpu=0
[launch] stage=core dataset=dtd shot=4 seed=1 tag=detbayesrt_epoch-80_rpstd-0.1_rkl-1.0e-4_tpstd-0.01_tkl-1.0e-3_fusion-static_logit gpu=0
[done] stage=core dataset=dtd shot=4 seed=1 tag=detbayesrt_epoch-80_rpstd-0.1_rkl-1.0e-5_tpstd-0.01_tkl-1.0e-3_fusion-static_logit gpu=2
[done] stage=core dataset=dtd shot=4 seed=1 tag=detbayesrt_epoch-80_rpstd-0.1_rkl-1.0e-5_tpstd-0.001_tkl-5.0e-2_fusion-static_logit gpu=2
[launch] stage=core dataset=dtd shot=4 seed=1 tag=detbayesrt_epoch-80_rpstd-0.1_rkl-1.0e-4_tpstd-0.001_tkl-5.0e-2_fusion-static_logit gpu=2
[launch] stage=core dataset=dtd shot=4 seed=1 tag=detbayesrt_epoch-80_rpstd-0.1_rkl-1.0e-4_tpstd-0.001_tkl-1.0e-2_fusion-static_logit gpu=2
[done] stage=core dataset=dtd shot=4 seed=1 tag=detbayesrt_epoch-80_rpstd-0.1_rkl-1.0e-5_tpstd-0.001_tkl-1.0e-3_fusion-static_logit gpu=2
[launch] stage=core dataset=dtd shot=4 seed=1 tag=detbayesrt_epoch-80_rpstd-0.1_rkl-1.0e-4_tpstd-0.001_tkl-1.0e-3_fusion-static_logit gpu=2
[done] stage=core dataset=dtd shot=4 seed=1 tag=detbayesrt_epoch-80_rpstd-0.1_rkl-1.0e-4_tpstd-0.1_tkl-5.0e-2_fusion-static_logit gpu=0
[launch] stage=core dataset=dtd shot=4 seed=1 tag=detbayesrt_epoch-80_rpstd-0.1_rkl-1.0e-3_tpstd-0.1_tkl-5.0e-2_fusion-static_logit gpu=0
[done] stage=core dataset=dtd shot=4 seed=1 tag=detbayesrt_epoch-80_rpstd-0.1_rkl-1.0e-4_tpstd-0.1_tkl-1.0e-2_fusion-static_logit gpu=1
[launch] stage=core dataset=dtd shot=4 seed=1 tag=detbayesrt_epoch-80_rpstd-0.1_rkl-1.0e-3_tpstd-0.1_tkl-1.0e-2_fusion-static_logit gpu=1
[done] stage=core dataset=dtd shot=4 seed=1 tag=detbayesrt_epoch-80_rpstd-0.1_rkl-1.0e-4_tpstd-0.01_tkl-5.0e-2_fusion-static_logit gpu=1
[launch] stage=core dataset=dtd shot=4 seed=1 tag=detbayesrt_epoch-80_rpstd-0.1_rkl-1.0e-3_tpstd-0.1_tkl-1.0e-3_fusion-static_logit gpu=1
[done] stage=core dataset=dtd shot=4 seed=1 tag=detbayesrt_epoch-80_rpstd-0.1_rkl-1.0e-4_tpstd-0.1_tkl-1.0e-3_fusion-static_logit gpu=1
[launch] stage=core dataset=dtd shot=4 seed=1 tag=detbayesrt_epoch-80_rpstd-0.1_rkl-1.0e-3_tpstd-0.01_tkl-5.0e-2_fusion-static_logit gpu=1
[done] stage=core dataset=dtd shot=4 seed=1 tag=detbayesrt_epoch-80_rpstd-0.1_rkl-1.0e-4_tpstd-0.01_tkl-1.0e-2_fusion-static_logit gpu=0
[launch] stage=core dataset=dtd shot=4 seed=1 tag=detbayesrt_epoch-80_rpstd-0.1_rkl-1.0e-3_tpstd-0.01_tkl-1.0e-2_fusion-static_logit gpu=0
[done] stage=core dataset=dtd shot=4 seed=1 tag=detbayesrt_epoch-80_rpstd-0.1_rkl-1.0e-4_tpstd-0.01_tkl-1.0e-3_fusion-static_logit gpu=0
[launch] stage=core dataset=dtd shot=4 seed=1 tag=detbayesrt_epoch-80_rpstd-0.1_rkl-1.0e-3_tpstd-0.01_tkl-1.0e-3_fusion-static_logit gpu=0
[done] stage=core dataset=dtd shot=4 seed=1 tag=detbayesrt_epoch-80_rpstd-0.1_rkl-1.0e-4_tpstd-0.001_tkl-5.0e-2_fusion-static_logit gpu=2
[done] stage=core dataset=dtd shot=4 seed=1 tag=detbayesrt_epoch-80_rpstd-0.1_rkl-1.0e-4_tpstd-0.001_tkl-1.0e-2_fusion-static_logit gpu=2
[launch] stage=core dataset=dtd shot=4 seed=1 tag=detbayesrt_epoch-80_rpstd-0.1_rkl-1.0e-3_tpstd-0.001_tkl-5.0e-2_fusion-static_logit gpu=2
[launch] stage=core dataset=dtd shot=4 seed=1 tag=detbayesrt_epoch-80_rpstd-0.1_rkl-1.0e-3_tpstd-0.001_tkl-1.0e-2_fusion-static_logit gpu=2
[done] stage=core dataset=dtd shot=4 seed=1 tag=detbayesrt_epoch-80_rpstd-0.1_rkl-1.0e-4_tpstd-0.001_tkl-1.0e-3_fusion-static_logit gpu=2
[launch] stage=core dataset=dtd shot=4 seed=1 tag=detbayesrt_epoch-80_rpstd-0.1_rkl-1.0e-3_tpstd-0.001_tkl-1.0e-3_fusion-static_logit gpu=2
[done] stage=core dataset=dtd shot=4 seed=1 tag=detbayesrt_epoch-80_rpstd-0.1_rkl-1.0e-3_tpstd-0.1_tkl-5.0e-2_fusion-static_logit gpu=0
[launch] stage=core dataset=dtd shot=4 seed=1 tag=detbayesrt_epoch-80_rpstd-0.01_rkl-1.0e-5_tpstd-0.1_tkl-5.0e-2_fusion-static_logit gpu=0
[done] stage=core dataset=dtd shot=4 seed=1 tag=detbayesrt_epoch-80_rpstd-0.1_rkl-1.0e-3_tpstd-0.1_tkl-1.0e-2_fusion-static_logit gpu=1
[launch] stage=core dataset=dtd shot=4 seed=1 tag=detbayesrt_epoch-80_rpstd-0.01_rkl-1.0e-5_tpstd-0.1_tkl-1.0e-2_fusion-static_logit gpu=1
[done] stage=core dataset=dtd shot=4 seed=1 tag=detbayesrt_epoch-80_rpstd-0.1_rkl-1.0e-3_tpstd-0.1_tkl-1.0e-3_fusion-static_logit gpu=1
[launch] stage=core dataset=dtd shot=4 seed=1 tag=detbayesrt_epoch-80_rpstd-0.01_rkl-1.0e-5_tpstd-0.1_tkl-1.0e-3_fusion-static_logit gpu=1
[done] stage=core dataset=dtd shot=4 seed=1 tag=detbayesrt_epoch-80_rpstd-0.1_rkl-1.0e-3_tpstd-0.01_tkl-5.0e-2_fusion-static_logit gpu=1
[launch] stage=core dataset=dtd shot=4 seed=1 tag=detbayesrt_epoch-80_rpstd-0.01_rkl-1.0e-5_tpstd-0.01_tkl-5.0e-2_fusion-static_logit gpu=1
[done] stage=core dataset=dtd shot=4 seed=1 tag=detbayesrt_epoch-80_rpstd-0.1_rkl-1.0e-3_tpstd-0.01_tkl-1.0e-2_fusion-static_logit gpu=0
[launch] stage=core dataset=dtd shot=4 seed=1 tag=detbayesrt_epoch-80_rpstd-0.01_rkl-1.0e-5_tpstd-0.01_tkl-1.0e-2_fusion-static_logit gpu=0
[done] stage=core dataset=dtd shot=4 seed=1 tag=detbayesrt_epoch-80_rpstd-0.1_rkl-1.0e-3_tpstd-0.01_tkl-1.0e-3_fusion-static_logit gpu=0
[launch] stage=core dataset=dtd shot=4 seed=1 tag=detbayesrt_epoch-80_rpstd-0.01_rkl-1.0e-5_tpstd-0.01_tkl-1.0e-3_fusion-static_logit gpu=0
[done] stage=core dataset=dtd shot=4 seed=1 tag=detbayesrt_epoch-80_rpstd-0.1_rkl-1.0e-3_tpstd-0.001_tkl-5.0e-2_fusion-static_logit gpu=2
[done] stage=core dataset=dtd shot=4 seed=1 tag=detbayesrt_epoch-80_rpstd-0.1_rkl-1.0e-3_tpstd-0.001_tkl-1.0e-2_fusion-static_logit gpu=2
[launch] stage=core dataset=dtd shot=4 seed=1 tag=detbayesrt_epoch-80_rpstd-0.01_rkl-1.0e-5_tpstd-0.001_tkl-5.0e-2_fusion-static_logit gpu=2
[launch] stage=core dataset=dtd shot=4 seed=1 tag=detbayesrt_epoch-80_rpstd-0.01_rkl-1.0e-5_tpstd-0.001_tkl-1.0e-2_fusion-static_logit gpu=2
[done] stage=core dataset=dtd shot=4 seed=1 tag=detbayesrt_epoch-80_rpstd-0.1_rkl-1.0e-3_tpstd-0.001_tkl-1.0e-3_fusion-static_logit gpu=2
[launch] stage=core dataset=dtd shot=4 seed=1 tag=detbayesrt_epoch-80_rpstd-0.01_rkl-1.0e-5_tpstd-0.001_tkl-1.0e-3_fusion-static_logit gpu=2
[done] stage=core dataset=dtd shot=4 seed=1 tag=detbayesrt_epoch-80_rpstd-0.01_rkl-1.0e-5_tpstd-0.1_tkl-5.0e-2_fusion-static_logit gpu=0
[launch] stage=core dataset=dtd shot=4 seed=1 tag=detbayesrt_epoch-80_rpstd-0.01_rkl-1.0e-4_tpstd-0.1_tkl-5.0e-2_fusion-static_logit gpu=0
[done] stage=core dataset=dtd shot=4 seed=1 tag=detbayesrt_epoch-80_rpstd-0.01_rkl-1.0e-5_tpstd-0.1_tkl-1.0e-2_fusion-static_logit gpu=1
[launch] stage=core dataset=dtd shot=4 seed=1 tag=detbayesrt_epoch-80_rpstd-0.01_rkl-1.0e-4_tpstd-0.1_tkl-1.0e-2_fusion-static_logit gpu=1
[done] stage=core dataset=dtd shot=4 seed=1 tag=detbayesrt_epoch-80_rpstd-0.01_rkl-1.0e-5_tpstd-0.1_tkl-1.0e-3_fusion-static_logit gpu=1
[launch] stage=core dataset=dtd shot=4 seed=1 tag=detbayesrt_epoch-80_rpstd-0.01_rkl-1.0e-4_tpstd-0.1_tkl-1.0e-3_fusion-static_logit gpu=1
[done] stage=core dataset=dtd shot=4 seed=1 tag=detbayesrt_epoch-80_rpstd-0.01_rkl-1.0e-5_tpstd-0.01_tkl-5.0e-2_fusion-static_logit gpu=1
[launch] stage=core dataset=dtd shot=4 seed=1 tag=detbayesrt_epoch-80_rpstd-0.01_rkl-1.0e-4_tpstd-0.01_tkl-5.0e-2_fusion-static_logit gpu=1
[done] stage=core dataset=dtd shot=4 seed=1 tag=detbayesrt_epoch-80_rpstd-0.01_rkl-1.0e-5_tpstd-0.01_tkl-1.0e-2_fusion-static_logit gpu=0
[launch] stage=core dataset=dtd shot=4 seed=1 tag=detbayesrt_epoch-80_rpstd-0.01_rkl-1.0e-4_tpstd-0.01_tkl-1.0e-2_fusion-static_logit gpu=0
[done] stage=core dataset=dtd shot=4 seed=1 tag=detbayesrt_epoch-80_rpstd-0.01_rkl-1.0e-5_tpstd-0.01_tkl-1.0e-3_fusion-static_logit gpu=0
[launch] stage=core dataset=dtd shot=4 seed=1 tag=detbayesrt_epoch-80_rpstd-0.01_rkl-1.0e-4_tpstd-0.01_tkl-1.0e-3_fusion-static_logit gpu=0
[done] stage=core dataset=dtd shot=4 seed=1 tag=detbayesrt_epoch-80_rpstd-0.01_rkl-1.0e-5_tpstd-0.001_tkl-5.0e-2_fusion-static_logit gpu=2
[launch] stage=core dataset=dtd shot=4 seed=1 tag=detbayesrt_epoch-80_rpstd-0.01_rkl-1.0e-4_tpstd-0.001_tkl-5.0e-2_fusion-static_logit gpu=2
[done] stage=core dataset=dtd shot=4 seed=1 tag=detbayesrt_epoch-80_rpstd-0.01_rkl-1.0e-5_tpstd-0.001_tkl-1.0e-3_fusion-static_logit gpu=2
[done] stage=core dataset=dtd shot=4 seed=1 tag=detbayesrt_epoch-80_rpstd-0.01_rkl-1.0e-5_tpstd-0.001_tkl-1.0e-2_fusion-static_logit gpu=2
[launch] stage=core dataset=dtd shot=4 seed=1 tag=detbayesrt_epoch-80_rpstd-0.01_rkl-1.0e-4_tpstd-0.001_tkl-1.0e-2_fusion-static_logit gpu=2
[launch] stage=core dataset=dtd shot=4 seed=1 tag=detbayesrt_epoch-80_rpstd-0.01_rkl-1.0e-4_tpstd-0.001_tkl-1.0e-3_fusion-static_logit gpu=2
[done] stage=core dataset=dtd shot=4 seed=1 tag=detbayesrt_epoch-80_rpstd-0.01_rkl-1.0e-4_tpstd-0.1_tkl-5.0e-2_fusion-static_logit gpu=0
[launch] stage=core dataset=dtd shot=4 seed=1 tag=detbayesrt_epoch-80_rpstd-0.01_rkl-1.0e-3_tpstd-0.1_tkl-5.0e-2_fusion-static_logit gpu=0
[done] stage=core dataset=dtd shot=4 seed=1 tag=detbayesrt_epoch-80_rpstd-0.01_rkl-1.0e-4_tpstd-0.1_tkl-1.0e-2_fusion-static_logit gpu=1
[launch] stage=core dataset=dtd shot=4 seed=1 tag=detbayesrt_epoch-80_rpstd-0.01_rkl-1.0e-3_tpstd-0.1_tkl-1.0e-2_fusion-static_logit gpu=1
[done] stage=core dataset=dtd shot=4 seed=1 tag=detbayesrt_epoch-80_rpstd-0.01_rkl-1.0e-4_tpstd-0.1_tkl-1.0e-3_fusion-static_logit gpu=1
[launch] stage=core dataset=dtd shot=4 seed=1 tag=detbayesrt_epoch-80_rpstd-0.01_rkl-1.0e-3_tpstd-0.1_tkl-1.0e-3_fusion-static_logit gpu=1
[done] stage=core dataset=dtd shot=4 seed=1 tag=detbayesrt_epoch-80_rpstd-0.01_rkl-1.0e-4_tpstd-0.01_tkl-5.0e-2_fusion-static_logit gpu=1
[launch] stage=core dataset=dtd shot=4 seed=1 tag=detbayesrt_epoch-80_rpstd-0.01_rkl-1.0e-3_tpstd-0.01_tkl-5.0e-2_fusion-static_logit gpu=1
[done] stage=core dataset=dtd shot=4 seed=1 tag=detbayesrt_epoch-80_rpstd-0.01_rkl-1.0e-4_tpstd-0.01_tkl-1.0e-2_fusion-static_logit gpu=0
[launch] stage=core dataset=dtd shot=4 seed=1 tag=detbayesrt_epoch-80_rpstd-0.01_rkl-1.0e-3_tpstd-0.01_tkl-1.0e-2_fusion-static_logit gpu=0
[done] stage=core dataset=dtd shot=4 seed=1 tag=detbayesrt_epoch-80_rpstd-0.01_rkl-1.0e-4_tpstd-0.01_tkl-1.0e-3_fusion-static_logit gpu=0
[launch] stage=core dataset=dtd shot=4 seed=1 tag=detbayesrt_epoch-80_rpstd-0.01_rkl-1.0e-3_tpstd-0.01_tkl-1.0e-3_fusion-static_logit gpu=0
[done] stage=core dataset=dtd shot=4 seed=1 tag=detbayesrt_epoch-80_rpstd-0.01_rkl-1.0e-4_tpstd-0.001_tkl-1.0e-3_fusion-static_logit gpu=2
[launch] stage=core dataset=dtd shot=4 seed=1 tag=detbayesrt_epoch-80_rpstd-0.01_rkl-1.0e-3_tpstd-0.001_tkl-5.0e-2_fusion-static_logit gpu=2
[done] stage=core dataset=dtd shot=4 seed=1 tag=detbayesrt_epoch-80_rpstd-0.01_rkl-1.0e-4_tpstd-0.001_tkl-1.0e-2_fusion-static_logit gpu=2
[done] stage=core dataset=dtd shot=4 seed=1 tag=detbayesrt_epoch-80_rpstd-0.01_rkl-1.0e-4_tpstd-0.001_tkl-5.0e-2_fusion-static_logit gpu=2
[launch] stage=core dataset=dtd shot=4 seed=1 tag=detbayesrt_epoch-80_rpstd-0.01_rkl-1.0e-3_tpstd-0.001_tkl-1.0e-2_fusion-static_logit gpu=2
[launch] stage=core dataset=dtd shot=4 seed=1 tag=detbayesrt_epoch-80_rpstd-0.01_rkl-1.0e-3_tpstd-0.001_tkl-1.0e-3_fusion-static_logit gpu=2
[done] stage=core dataset=dtd shot=4 seed=1 tag=detbayesrt_epoch-80_rpstd-0.01_rkl-1.0e-3_tpstd-0.1_tkl-5.0e-2_fusion-static_logit gpu=0
[launch] stage=core dataset=dtd shot=4 seed=1 tag=detbayesrt_epoch-80_rpstd-0.001_rkl-1.0e-5_tpstd-0.1_tkl-5.0e-2_fusion-static_logit gpu=0
[done] stage=core dataset=dtd shot=4 seed=1 tag=detbayesrt_epoch-80_rpstd-0.01_rkl-1.0e-3_tpstd-0.1_tkl-1.0e-2_fusion-static_logit gpu=1
[launch] stage=core dataset=dtd shot=4 seed=1 tag=detbayesrt_epoch-80_rpstd-0.001_rkl-1.0e-5_tpstd-0.1_tkl-1.0e-2_fusion-static_logit gpu=1
[done] stage=core dataset=dtd shot=4 seed=1 tag=detbayesrt_epoch-80_rpstd-0.01_rkl-1.0e-3_tpstd-0.1_tkl-1.0e-3_fusion-static_logit gpu=1
[launch] stage=core dataset=dtd shot=4 seed=1 tag=detbayesrt_epoch-80_rpstd-0.001_rkl-1.0e-5_tpstd-0.1_tkl-1.0e-3_fusion-static_logit gpu=1
[done] stage=core dataset=dtd shot=4 seed=1 tag=detbayesrt_epoch-80_rpstd-0.01_rkl-1.0e-3_tpstd-0.01_tkl-5.0e-2_fusion-static_logit gpu=1
[launch] stage=core dataset=dtd shot=4 seed=1 tag=detbayesrt_epoch-80_rpstd-0.001_rkl-1.0e-5_tpstd-0.01_tkl-5.0e-2_fusion-static_logit gpu=1
[done] stage=core dataset=dtd shot=4 seed=1 tag=detbayesrt_epoch-80_rpstd-0.01_rkl-1.0e-3_tpstd-0.01_tkl-1.0e-2_fusion-static_logit gpu=0
[done] stage=core dataset=dtd shot=4 seed=1 tag=detbayesrt_epoch-80_rpstd-0.01_rkl-1.0e-3_tpstd-0.01_tkl-1.0e-3_fusion-static_logit gpu=0
[launch] stage=core dataset=dtd shot=4 seed=1 tag=detbayesrt_epoch-80_rpstd-0.001_rkl-1.0e-5_tpstd-0.01_tkl-1.0e-2_fusion-static_logit gpu=0
[launch] stage=core dataset=dtd shot=4 seed=1 tag=detbayesrt_epoch-80_rpstd-0.001_rkl-1.0e-5_tpstd-0.01_tkl-1.0e-3_fusion-static_logit gpu=0
[done] stage=core dataset=dtd shot=4 seed=1 tag=detbayesrt_epoch-80_rpstd-0.01_rkl-1.0e-3_tpstd-0.001_tkl-5.0e-2_fusion-static_logit gpu=2
[launch] stage=core dataset=dtd shot=4 seed=1 tag=detbayesrt_epoch-80_rpstd-0.001_rkl-1.0e-5_tpstd-0.001_tkl-5.0e-2_fusion-static_logit gpu=2
[done] stage=core dataset=dtd shot=4 seed=1 tag=detbayesrt_epoch-80_rpstd-0.01_rkl-1.0e-3_tpstd-0.001_tkl-1.0e-2_fusion-static_logit gpu=2
[done] stage=core dataset=dtd shot=4 seed=1 tag=detbayesrt_epoch-80_rpstd-0.01_rkl-1.0e-3_tpstd-0.001_tkl-1.0e-3_fusion-static_logit gpu=2
[launch] stage=core dataset=dtd shot=4 seed=1 tag=detbayesrt_epoch-80_rpstd-0.001_rkl-1.0e-5_tpstd-0.001_tkl-1.0e-2_fusion-static_logit gpu=2
[launch] stage=core dataset=dtd shot=4 seed=1 tag=detbayesrt_epoch-80_rpstd-0.001_rkl-1.0e-5_tpstd-0.001_tkl-1.0e-3_fusion-static_logit gpu=2
[done] stage=core dataset=dtd shot=4 seed=1 tag=detbayesrt_epoch-80_rpstd-0.001_rkl-1.0e-5_tpstd-0.1_tkl-5.0e-2_fusion-static_logit gpu=0
[launch] stage=core dataset=dtd shot=4 seed=1 tag=detbayesrt_epoch-80_rpstd-0.001_rkl-1.0e-4_tpstd-0.1_tkl-5.0e-2_fusion-static_logit gpu=0
[done] stage=core dataset=dtd shot=4 seed=1 tag=detbayesrt_epoch-80_rpstd-0.001_rkl-1.0e-5_tpstd-0.1_tkl-1.0e-2_fusion-static_logit gpu=1
[launch] stage=core dataset=dtd shot=4 seed=1 tag=detbayesrt_epoch-80_rpstd-0.001_rkl-1.0e-4_tpstd-0.1_tkl-1.0e-2_fusion-static_logit gpu=1
[done] stage=core dataset=dtd shot=4 seed=1 tag=detbayesrt_epoch-80_rpstd-0.001_rkl-1.0e-5_tpstd-0.1_tkl-1.0e-3_fusion-static_logit gpu=1
[launch] stage=core dataset=dtd shot=4 seed=1 tag=detbayesrt_epoch-80_rpstd-0.001_rkl-1.0e-4_tpstd-0.1_tkl-1.0e-3_fusion-static_logit gpu=1
[done] stage=core dataset=dtd shot=4 seed=1 tag=detbayesrt_epoch-80_rpstd-0.001_rkl-1.0e-5_tpstd-0.01_tkl-5.0e-2_fusion-static_logit gpu=1
[launch] stage=core dataset=dtd shot=4 seed=1 tag=detbayesrt_epoch-80_rpstd-0.001_rkl-1.0e-4_tpstd-0.01_tkl-5.0e-2_fusion-static_logit gpu=1
[done] stage=core dataset=dtd shot=4 seed=1 tag=detbayesrt_epoch-80_rpstd-0.001_rkl-1.0e-5_tpstd-0.01_tkl-1.0e-3_fusion-static_logit gpu=0
[launch] stage=core dataset=dtd shot=4 seed=1 tag=detbayesrt_epoch-80_rpstd-0.001_rkl-1.0e-4_tpstd-0.01_tkl-1.0e-2_fusion-static_logit gpu=0
[done] stage=core dataset=dtd shot=4 seed=1 tag=detbayesrt_epoch-80_rpstd-0.001_rkl-1.0e-5_tpstd-0.01_tkl-1.0e-2_fusion-static_logit gpu=0
[launch] stage=core dataset=dtd shot=4 seed=1 tag=detbayesrt_epoch-80_rpstd-0.001_rkl-1.0e-4_tpstd-0.01_tkl-1.0e-3_fusion-static_logit gpu=0
[done] stage=core dataset=dtd shot=4 seed=1 tag=detbayesrt_epoch-80_rpstd-0.001_rkl-1.0e-5_tpstd-0.001_tkl-5.0e-2_fusion-static_logit gpu=2
[launch] stage=core dataset=dtd shot=4 seed=1 tag=detbayesrt_epoch-80_rpstd-0.001_rkl-1.0e-4_tpstd-0.001_tkl-5.0e-2_fusion-static_logit gpu=2
[done] stage=core dataset=dtd shot=4 seed=1 tag=detbayesrt_epoch-80_rpstd-0.001_rkl-1.0e-5_tpstd-0.001_tkl-1.0e-2_fusion-static_logit gpu=2
[done] stage=core dataset=dtd shot=4 seed=1 tag=detbayesrt_epoch-80_rpstd-0.001_rkl-1.0e-5_tpstd-0.001_tkl-1.0e-3_fusion-static_logit gpu=2
[launch] stage=core dataset=dtd shot=4 seed=1 tag=detbayesrt_epoch-80_rpstd-0.001_rkl-1.0e-4_tpstd-0.001_tkl-1.0e-2_fusion-static_logit gpu=2
[launch] stage=core dataset=dtd shot=4 seed=1 tag=detbayesrt_epoch-80_rpstd-0.001_rkl-1.0e-4_tpstd-0.001_tkl-1.0e-3_fusion-static_logit gpu=2
[done] stage=core dataset=dtd shot=4 seed=1 tag=detbayesrt_epoch-80_rpstd-0.001_rkl-1.0e-4_tpstd-0.1_tkl-5.0e-2_fusion-static_logit gpu=0
[launch] stage=core dataset=dtd shot=4 seed=1 tag=detbayesrt_epoch-80_rpstd-0.001_rkl-1.0e-3_tpstd-0.1_tkl-5.0e-2_fusion-static_logit gpu=0
[done] stage=core dataset=dtd shot=4 seed=1 tag=detbayesrt_epoch-80_rpstd-0.001_rkl-1.0e-4_tpstd-0.1_tkl-1.0e-2_fusion-static_logit gpu=1
[launch] stage=core dataset=dtd shot=4 seed=1 tag=detbayesrt_epoch-80_rpstd-0.001_rkl-1.0e-3_tpstd-0.1_tkl-1.0e-2_fusion-static_logit gpu=1
[done] stage=core dataset=dtd shot=4 seed=1 tag=detbayesrt_epoch-80_rpstd-0.001_rkl-1.0e-4_tpstd-0.1_tkl-1.0e-3_fusion-static_logit gpu=1
[launch] stage=core dataset=dtd shot=4 seed=1 tag=detbayesrt_epoch-80_rpstd-0.001_rkl-1.0e-3_tpstd-0.1_tkl-1.0e-3_fusion-static_logit gpu=1
[done] stage=core dataset=dtd shot=4 seed=1 tag=detbayesrt_epoch-80_rpstd-0.001_rkl-1.0e-4_tpstd-0.01_tkl-5.0e-2_fusion-static_logit gpu=1
[launch] stage=core dataset=dtd shot=4 seed=1 tag=detbayesrt_epoch-80_rpstd-0.001_rkl-1.0e-3_tpstd-0.01_tkl-5.0e-2_fusion-static_logit gpu=1
[done] stage=core dataset=dtd shot=4 seed=1 tag=detbayesrt_epoch-80_rpstd-0.001_rkl-1.0e-4_tpstd-0.01_tkl-1.0e-3_fusion-static_logit gpu=0
[done] stage=core dataset=dtd shot=4 seed=1 tag=detbayesrt_epoch-80_rpstd-0.001_rkl-1.0e-4_tpstd-0.01_tkl-1.0e-2_fusion-static_logit gpu=0
[launch] stage=core dataset=dtd shot=4 seed=1 tag=detbayesrt_epoch-80_rpstd-0.001_rkl-1.0e-3_tpstd-0.01_tkl-1.0e-2_fusion-static_logit gpu=0
[launch] stage=core dataset=dtd shot=4 seed=1 tag=detbayesrt_epoch-80_rpstd-0.001_rkl-1.0e-3_tpstd-0.01_tkl-1.0e-3_fusion-static_logit gpu=0
[done] stage=core dataset=dtd shot=4 seed=1 tag=detbayesrt_epoch-80_rpstd-0.001_rkl-1.0e-4_tpstd-0.001_tkl-5.0e-2_fusion-static_logit gpu=2
[launch] stage=core dataset=dtd shot=4 seed=1 tag=detbayesrt_epoch-80_rpstd-0.001_rkl-1.0e-3_tpstd-0.001_tkl-5.0e-2_fusion-static_logit gpu=2
[done] stage=core dataset=dtd shot=4 seed=1 tag=detbayesrt_epoch-80_rpstd-0.001_rkl-1.0e-4_tpstd-0.001_tkl-1.0e-2_fusion-static_logit gpu=2
[done] stage=core dataset=dtd shot=4 seed=1 tag=detbayesrt_epoch-80_rpstd-0.001_rkl-1.0e-4_tpstd-0.001_tkl-1.0e-3_fusion-static_logit gpu=2
[launch] stage=core dataset=dtd shot=4 seed=1 tag=detbayesrt_epoch-80_rpstd-0.001_rkl-1.0e-3_tpstd-0.001_tkl-1.0e-2_fusion-static_logit gpu=2
[launch] stage=core dataset=dtd shot=4 seed=1 tag=detbayesrt_epoch-80_rpstd-0.001_rkl-1.0e-3_tpstd-0.001_tkl-1.0e-3_fusion-static_logit gpu=2
[done] stage=core dataset=dtd shot=4 seed=1 tag=detbayesrt_epoch-80_rpstd-0.001_rkl-1.0e-3_tpstd-0.1_tkl-5.0e-2_fusion-static_logit gpu=0
[launch] stage=core dataset=dtd shot=8 seed=1 tag=detbayesrt_epoch-80_rpstd-0.1_rkl-1.0e-5_tpstd-0.1_tkl-5.0e-2_fusion-static_logit gpu=0
[done] stage=core dataset=dtd shot=4 seed=1 tag=detbayesrt_epoch-80_rpstd-0.001_rkl-1.0e-3_tpstd-0.1_tkl-1.0e-2_fusion-static_logit gpu=1
[launch] stage=core dataset=dtd shot=8 seed=1 tag=detbayesrt_epoch-80_rpstd-0.1_rkl-1.0e-5_tpstd-0.1_tkl-1.0e-2_fusion-static_logit gpu=1
[done] stage=core dataset=dtd shot=4 seed=1 tag=detbayesrt_epoch-80_rpstd-0.001_rkl-1.0e-3_tpstd-0.1_tkl-1.0e-3_fusion-static_logit gpu=1
[launch] stage=core dataset=dtd shot=8 seed=1 tag=detbayesrt_epoch-80_rpstd-0.1_rkl-1.0e-5_tpstd-0.1_tkl-1.0e-3_fusion-static_logit gpu=1
[done] stage=core dataset=dtd shot=4 seed=1 tag=detbayesrt_epoch-80_rpstd-0.001_rkl-1.0e-3_tpstd-0.01_tkl-5.0e-2_fusion-static_logit gpu=1
[launch] stage=core dataset=dtd shot=8 seed=1 tag=detbayesrt_epoch-80_rpstd-0.1_rkl-1.0e-5_tpstd-0.01_tkl-5.0e-2_fusion-static_logit gpu=1
[done] stage=core dataset=dtd shot=4 seed=1 tag=detbayesrt_epoch-80_rpstd-0.001_rkl-1.0e-3_tpstd-0.01_tkl-1.0e-2_fusion-static_logit gpu=0
[done] stage=core dataset=dtd shot=4 seed=1 tag=detbayesrt_epoch-80_rpstd-0.001_rkl-1.0e-3_tpstd-0.01_tkl-1.0e-3_fusion-static_logit gpu=0
[launch] stage=core dataset=dtd shot=8 seed=1 tag=detbayesrt_epoch-80_rpstd-0.1_rkl-1.0e-5_tpstd-0.01_tkl-1.0e-2_fusion-static_logit gpu=0
[launch] stage=core dataset=dtd shot=8 seed=1 tag=detbayesrt_epoch-80_rpstd-0.1_rkl-1.0e-5_tpstd-0.01_tkl-1.0e-3_fusion-static_logit gpu=0
[done] stage=core dataset=dtd shot=4 seed=1 tag=detbayesrt_epoch-80_rpstd-0.001_rkl-1.0e-3_tpstd-0.001_tkl-5.0e-2_fusion-static_logit gpu=2
[launch] stage=core dataset=dtd shot=8 seed=1 tag=detbayesrt_epoch-80_rpstd-0.1_rkl-1.0e-5_tpstd-0.001_tkl-5.0e-2_fusion-static_logit gpu=2
[done] stage=core dataset=dtd shot=4 seed=1 tag=detbayesrt_epoch-80_rpstd-0.001_rkl-1.0e-3_tpstd-0.001_tkl-1.0e-2_fusion-static_logit gpu=2
[done] stage=core dataset=dtd shot=4 seed=1 tag=detbayesrt_epoch-80_rpstd-0.001_rkl-1.0e-3_tpstd-0.001_tkl-1.0e-3_fusion-static_logit gpu=2
[launch] stage=core dataset=dtd shot=8 seed=1 tag=detbayesrt_epoch-80_rpstd-0.1_rkl-1.0e-5_tpstd-0.001_tkl-1.0e-2_fusion-static_logit gpu=2
[launch] stage=core dataset=dtd shot=8 seed=1 tag=detbayesrt_epoch-80_rpstd-0.1_rkl-1.0e-5_tpstd-0.001_tkl-1.0e-3_fusion-static_logit gpu=2
[done] stage=core dataset=dtd shot=8 seed=1 tag=detbayesrt_epoch-80_rpstd-0.1_rkl-1.0e-5_tpstd-0.1_tkl-5.0e-2_fusion-static_logit gpu=0
[launch] stage=core dataset=dtd shot=8 seed=1 tag=detbayesrt_epoch-80_rpstd-0.1_rkl-1.0e-4_tpstd-0.1_tkl-5.0e-2_fusion-static_logit gpu=0
[done] stage=core dataset=dtd shot=8 seed=1 tag=detbayesrt_epoch-80_rpstd-0.1_rkl-1.0e-5_tpstd-0.1_tkl-1.0e-2_fusion-static_logit gpu=1
[launch] stage=core dataset=dtd shot=8 seed=1 tag=detbayesrt_epoch-80_rpstd-0.1_rkl-1.0e-4_tpstd-0.1_tkl-1.0e-2_fusion-static_logit gpu=1
[done] stage=core dataset=dtd shot=8 seed=1 tag=detbayesrt_epoch-80_rpstd-0.1_rkl-1.0e-5_tpstd-0.1_tkl-1.0e-3_fusion-static_logit gpu=1
[launch] stage=core dataset=dtd shot=8 seed=1 tag=detbayesrt_epoch-80_rpstd-0.1_rkl-1.0e-4_tpstd-0.1_tkl-1.0e-3_fusion-static_logit gpu=1
[done] stage=core dataset=dtd shot=8 seed=1 tag=detbayesrt_epoch-80_rpstd-0.1_rkl-1.0e-5_tpstd-0.01_tkl-5.0e-2_fusion-static_logit gpu=1
[launch] stage=core dataset=dtd shot=8 seed=1 tag=detbayesrt_epoch-80_rpstd-0.1_rkl-1.0e-4_tpstd-0.01_tkl-5.0e-2_fusion-static_logit gpu=1
[done] stage=core dataset=dtd shot=8 seed=1 tag=detbayesrt_epoch-80_rpstd-0.1_rkl-1.0e-5_tpstd-0.01_tkl-1.0e-2_fusion-static_logit gpu=0
[done] stage=core dataset=dtd shot=8 seed=1 tag=detbayesrt_epoch-80_rpstd-0.1_rkl-1.0e-5_tpstd-0.01_tkl-1.0e-3_fusion-static_logit gpu=0
[launch] stage=core dataset=dtd shot=8 seed=1 tag=detbayesrt_epoch-80_rpstd-0.1_rkl-1.0e-4_tpstd-0.01_tkl-1.0e-2_fusion-static_logit gpu=0
[launch] stage=core dataset=dtd shot=8 seed=1 tag=detbayesrt_epoch-80_rpstd-0.1_rkl-1.0e-4_tpstd-0.01_tkl-1.0e-3_fusion-static_logit gpu=0
[done] stage=core dataset=dtd shot=8 seed=1 tag=detbayesrt_epoch-80_rpstd-0.1_rkl-1.0e-5_tpstd-0.001_tkl-5.0e-2_fusion-static_logit gpu=2
[launch] stage=core dataset=dtd shot=8 seed=1 tag=detbayesrt_epoch-80_rpstd-0.1_rkl-1.0e-4_tpstd-0.001_tkl-5.0e-2_fusion-static_logit gpu=2
[done] stage=core dataset=dtd shot=8 seed=1 tag=detbayesrt_epoch-80_rpstd-0.1_rkl-1.0e-5_tpstd-0.001_tkl-1.0e-2_fusion-static_logit gpu=2
[done] stage=core dataset=dtd shot=8 seed=1 tag=detbayesrt_epoch-80_rpstd-0.1_rkl-1.0e-5_tpstd-0.001_tkl-1.0e-3_fusion-static_logit gpu=2
[launch] stage=core dataset=dtd shot=8 seed=1 tag=detbayesrt_epoch-80_rpstd-0.1_rkl-1.0e-4_tpstd-0.001_tkl-1.0e-2_fusion-static_logit gpu=2
[launch] stage=core dataset=dtd shot=8 seed=1 tag=detbayesrt_epoch-80_rpstd-0.1_rkl-1.0e-4_tpstd-0.001_tkl-1.0e-3_fusion-static_logit gpu=2
[done] stage=core dataset=dtd shot=8 seed=1 tag=detbayesrt_epoch-80_rpstd-0.1_rkl-1.0e-4_tpstd-0.1_tkl-5.0e-2_fusion-static_logit gpu=0
[launch] stage=core dataset=dtd shot=8 seed=1 tag=detbayesrt_epoch-80_rpstd-0.1_rkl-1.0e-3_tpstd-0.1_tkl-5.0e-2_fusion-static_logit gpu=0
[done] stage=core dataset=dtd shot=8 seed=1 tag=detbayesrt_epoch-80_rpstd-0.1_rkl-1.0e-4_tpstd-0.1_tkl-1.0e-2_fusion-static_logit gpu=1
[launch] stage=core dataset=dtd shot=8 seed=1 tag=detbayesrt_epoch-80_rpstd-0.1_rkl-1.0e-3_tpstd-0.1_tkl-1.0e-2_fusion-static_logit gpu=1
[done] stage=core dataset=dtd shot=8 seed=1 tag=detbayesrt_epoch-80_rpstd-0.1_rkl-1.0e-4_tpstd-0.1_tkl-1.0e-3_fusion-static_logit gpu=1
[launch] stage=core dataset=dtd shot=8 seed=1 tag=detbayesrt_epoch-80_rpstd-0.1_rkl-1.0e-3_tpstd-0.1_tkl-1.0e-3_fusion-static_logit gpu=1
[done] stage=core dataset=dtd shot=8 seed=1 tag=detbayesrt_epoch-80_rpstd-0.1_rkl-1.0e-4_tpstd-0.01_tkl-5.0e-2_fusion-static_logit gpu=1
[launch] stage=core dataset=dtd shot=8 seed=1 tag=detbayesrt_epoch-80_rpstd-0.1_rkl-1.0e-3_tpstd-0.01_tkl-5.0e-2_fusion-static_logit gpu=1
[done] stage=core dataset=dtd shot=8 seed=1 tag=detbayesrt_epoch-80_rpstd-0.1_rkl-1.0e-4_tpstd-0.01_tkl-1.0e-2_fusion-static_logit gpu=0
[launch] stage=core dataset=dtd shot=8 seed=1 tag=detbayesrt_epoch-80_rpstd-0.1_rkl-1.0e-3_tpstd-0.01_tkl-1.0e-2_fusion-static_logit gpu=0
[done] stage=core dataset=dtd shot=8 seed=1 tag=detbayesrt_epoch-80_rpstd-0.1_rkl-1.0e-4_tpstd-0.01_tkl-1.0e-3_fusion-static_logit gpu=0
[launch] stage=core dataset=dtd shot=8 seed=1 tag=detbayesrt_epoch-80_rpstd-0.1_rkl-1.0e-3_tpstd-0.01_tkl-1.0e-3_fusion-static_logit gpu=0
[done] stage=core dataset=dtd shot=8 seed=1 tag=detbayesrt_epoch-80_rpstd-0.1_rkl-1.0e-4_tpstd-0.001_tkl-1.0e-2_fusion-static_logit gpu=2
[done] stage=core dataset=dtd shot=8 seed=1 tag=detbayesrt_epoch-80_rpstd-0.1_rkl-1.0e-4_tpstd-0.001_tkl-1.0e-3_fusion-static_logit gpu=2
[launch] stage=core dataset=dtd shot=8 seed=1 tag=detbayesrt_epoch-80_rpstd-0.1_rkl-1.0e-3_tpstd-0.001_tkl-5.0e-2_fusion-static_logit gpu=2
[launch] stage=core dataset=dtd shot=8 seed=1 tag=detbayesrt_epoch-80_rpstd-0.1_rkl-1.0e-3_tpstd-0.001_tkl-1.0e-2_fusion-static_logit gpu=2
[done] stage=core dataset=dtd shot=8 seed=1 tag=detbayesrt_epoch-80_rpstd-0.1_rkl-1.0e-4_tpstd-0.001_tkl-5.0e-2_fusion-static_logit gpu=2
[launch] stage=core dataset=dtd shot=8 seed=1 tag=detbayesrt_epoch-80_rpstd-0.1_rkl-1.0e-3_tpstd-0.001_tkl-1.0e-3_fusion-static_logit gpu=2
[done] stage=core dataset=dtd shot=8 seed=1 tag=detbayesrt_epoch-80_rpstd-0.1_rkl-1.0e-3_tpstd-0.1_tkl-5.0e-2_fusion-static_logit gpu=0
[done] stage=core dataset=dtd shot=8 seed=1 tag=detbayesrt_epoch-80_rpstd-0.1_rkl-1.0e-3_tpstd-0.1_tkl-1.0e-2_fusion-static_logit gpu=1
[launch] stage=core dataset=dtd shot=8 seed=1 tag=detbayesrt_epoch-80_rpstd-0.01_rkl-1.0e-5_tpstd-0.1_tkl-5.0e-2_fusion-static_logit gpu=0
[launch] stage=core dataset=dtd shot=8 seed=1 tag=detbayesrt_epoch-80_rpstd-0.01_rkl-1.0e-5_tpstd-0.1_tkl-1.0e-2_fusion-static_logit gpu=1
[done] stage=core dataset=dtd shot=8 seed=1 tag=detbayesrt_epoch-80_rpstd-0.1_rkl-1.0e-3_tpstd-0.1_tkl-1.0e-3_fusion-static_logit gpu=1
[launch] stage=core dataset=dtd shot=8 seed=1 tag=detbayesrt_epoch-80_rpstd-0.01_rkl-1.0e-5_tpstd-0.1_tkl-1.0e-3_fusion-static_logit gpu=1
[done] stage=core dataset=dtd shot=8 seed=1 tag=detbayesrt_epoch-80_rpstd-0.1_rkl-1.0e-3_tpstd-0.01_tkl-5.0e-2_fusion-static_logit gpu=1
[launch] stage=core dataset=dtd shot=8 seed=1 tag=detbayesrt_epoch-80_rpstd-0.01_rkl-1.0e-5_tpstd-0.01_tkl-5.0e-2_fusion-static_logit gpu=1
[done] stage=core dataset=dtd shot=8 seed=1 tag=detbayesrt_epoch-80_rpstd-0.1_rkl-1.0e-3_tpstd-0.01_tkl-1.0e-2_fusion-static_logit gpu=0
[launch] stage=core dataset=dtd shot=8 seed=1 tag=detbayesrt_epoch-80_rpstd-0.01_rkl-1.0e-5_tpstd-0.01_tkl-1.0e-2_fusion-static_logit gpu=0
[done] stage=core dataset=dtd shot=8 seed=1 tag=detbayesrt_epoch-80_rpstd-0.1_rkl-1.0e-3_tpstd-0.01_tkl-1.0e-3_fusion-static_logit gpu=0
[launch] stage=core dataset=dtd shot=8 seed=1 tag=detbayesrt_epoch-80_rpstd-0.01_rkl-1.0e-5_tpstd-0.01_tkl-1.0e-3_fusion-static_logit gpu=0
[done] stage=core dataset=dtd shot=8 seed=1 tag=detbayesrt_epoch-80_rpstd-0.1_rkl-1.0e-3_tpstd-0.001_tkl-1.0e-2_fusion-static_logit gpu=2
[launch] stage=core dataset=dtd shot=8 seed=1 tag=detbayesrt_epoch-80_rpstd-0.01_rkl-1.0e-5_tpstd-0.001_tkl-5.0e-2_fusion-static_logit gpu=2
[done] stage=core dataset=dtd shot=8 seed=1 tag=detbayesrt_epoch-80_rpstd-0.1_rkl-1.0e-3_tpstd-0.001_tkl-5.0e-2_fusion-static_logit gpu=2
[done] stage=core dataset=dtd shot=8 seed=1 tag=detbayesrt_epoch-80_rpstd-0.1_rkl-1.0e-3_tpstd-0.001_tkl-1.0e-3_fusion-static_logit gpu=2
[launch] stage=core dataset=dtd shot=8 seed=1 tag=detbayesrt_epoch-80_rpstd-0.01_rkl-1.0e-5_tpstd-0.001_tkl-1.0e-2_fusion-static_logit gpu=2
[launch] stage=core dataset=dtd shot=8 seed=1 tag=detbayesrt_epoch-80_rpstd-0.01_rkl-1.0e-5_tpstd-0.001_tkl-1.0e-3_fusion-static_logit gpu=2
[done] stage=core dataset=dtd shot=8 seed=1 tag=detbayesrt_epoch-80_rpstd-0.01_rkl-1.0e-5_tpstd-0.1_tkl-1.0e-2_fusion-static_logit gpu=1
[launch] stage=core dataset=dtd shot=8 seed=1 tag=detbayesrt_epoch-80_rpstd-0.01_rkl-1.0e-4_tpstd-0.1_tkl-5.0e-2_fusion-static_logit gpu=1
[done] stage=core dataset=dtd shot=8 seed=1 tag=detbayesrt_epoch-80_rpstd-0.01_rkl-1.0e-5_tpstd-0.1_tkl-5.0e-2_fusion-static_logit gpu=0
[launch] stage=core dataset=dtd shot=8 seed=1 tag=detbayesrt_epoch-80_rpstd-0.01_rkl-1.0e-4_tpstd-0.1_tkl-1.0e-2_fusion-static_logit gpu=0
[done] stage=core dataset=dtd shot=8 seed=1 tag=detbayesrt_epoch-80_rpstd-0.01_rkl-1.0e-5_tpstd-0.1_tkl-1.0e-3_fusion-static_logit gpu=1
[launch] stage=core dataset=dtd shot=8 seed=1 tag=detbayesrt_epoch-80_rpstd-0.01_rkl-1.0e-4_tpstd-0.1_tkl-1.0e-3_fusion-static_logit gpu=1
[done] stage=core dataset=dtd shot=8 seed=1 tag=detbayesrt_epoch-80_rpstd-0.01_rkl-1.0e-5_tpstd-0.01_tkl-5.0e-2_fusion-static_logit gpu=1
[launch] stage=core dataset=dtd shot=8 seed=1 tag=detbayesrt_epoch-80_rpstd-0.01_rkl-1.0e-4_tpstd-0.01_tkl-5.0e-2_fusion-static_logit gpu=1
[done] stage=core dataset=dtd shot=8 seed=1 tag=detbayesrt_epoch-80_rpstd-0.01_rkl-1.0e-5_tpstd-0.01_tkl-1.0e-2_fusion-static_logit gpu=0
[launch] stage=core dataset=dtd shot=8 seed=1 tag=detbayesrt_epoch-80_rpstd-0.01_rkl-1.0e-4_tpstd-0.01_tkl-1.0e-2_fusion-static_logit gpu=0
[done] stage=core dataset=dtd shot=8 seed=1 tag=detbayesrt_epoch-80_rpstd-0.01_rkl-1.0e-5_tpstd-0.01_tkl-1.0e-3_fusion-static_logit gpu=0
[done] stage=core dataset=dtd shot=8 seed=1 tag=detbayesrt_epoch-80_rpstd-0.01_rkl-1.0e-5_tpstd-0.001_tkl-5.0e-2_fusion-static_logit gpu=2
[launch] stage=core dataset=dtd shot=8 seed=1 tag=detbayesrt_epoch-80_rpstd-0.01_rkl-1.0e-4_tpstd-0.01_tkl-1.0e-3_fusion-static_logit gpu=0
[launch] stage=core dataset=dtd shot=8 seed=1 tag=detbayesrt_epoch-80_rpstd-0.01_rkl-1.0e-4_tpstd-0.001_tkl-5.0e-2_fusion-static_logit gpu=2
[done] stage=core dataset=dtd shot=8 seed=1 tag=detbayesrt_epoch-80_rpstd-0.01_rkl-1.0e-5_tpstd-0.001_tkl-1.0e-2_fusion-static_logit gpu=2
[done] stage=core dataset=dtd shot=8 seed=1 tag=detbayesrt_epoch-80_rpstd-0.01_rkl-1.0e-5_tpstd-0.001_tkl-1.0e-3_fusion-static_logit gpu=2
[launch] stage=core dataset=dtd shot=8 seed=1 tag=detbayesrt_epoch-80_rpstd-0.01_rkl-1.0e-4_tpstd-0.001_tkl-1.0e-2_fusion-static_logit gpu=2
[launch] stage=core dataset=dtd shot=8 seed=1 tag=detbayesrt_epoch-80_rpstd-0.01_rkl-1.0e-4_tpstd-0.001_tkl-1.0e-3_fusion-static_logit gpu=2
[done] stage=core dataset=dtd shot=8 seed=1 tag=detbayesrt_epoch-80_rpstd-0.01_rkl-1.0e-4_tpstd-0.1_tkl-5.0e-2_fusion-static_logit gpu=1
[launch] stage=core dataset=dtd shot=8 seed=1 tag=detbayesrt_epoch-80_rpstd-0.01_rkl-1.0e-3_tpstd-0.1_tkl-5.0e-2_fusion-static_logit gpu=1
[done] stage=core dataset=dtd shot=8 seed=1 tag=detbayesrt_epoch-80_rpstd-0.01_rkl-1.0e-4_tpstd-0.1_tkl-1.0e-2_fusion-static_logit gpu=0
[launch] stage=core dataset=dtd shot=8 seed=1 tag=detbayesrt_epoch-80_rpstd-0.01_rkl-1.0e-3_tpstd-0.1_tkl-1.0e-2_fusion-static_logit gpu=0
[done] stage=core dataset=dtd shot=8 seed=1 tag=detbayesrt_epoch-80_rpstd-0.01_rkl-1.0e-4_tpstd-0.1_tkl-1.0e-3_fusion-static_logit gpu=1
[launch] stage=core dataset=dtd shot=8 seed=1 tag=detbayesrt_epoch-80_rpstd-0.01_rkl-1.0e-3_tpstd-0.1_tkl-1.0e-3_fusion-static_logit gpu=1
[done] stage=core dataset=dtd shot=8 seed=1 tag=detbayesrt_epoch-80_rpstd-0.01_rkl-1.0e-4_tpstd-0.01_tkl-5.0e-2_fusion-static_logit gpu=1
[launch] stage=core dataset=dtd shot=8 seed=1 tag=detbayesrt_epoch-80_rpstd-0.01_rkl-1.0e-3_tpstd-0.01_tkl-5.0e-2_fusion-static_logit gpu=1
[done] stage=core dataset=dtd shot=8 seed=1 tag=detbayesrt_epoch-80_rpstd-0.01_rkl-1.0e-4_tpstd-0.01_tkl-1.0e-2_fusion-static_logit gpu=0
[done] stage=core dataset=dtd shot=8 seed=1 tag=detbayesrt_epoch-80_rpstd-0.01_rkl-1.0e-4_tpstd-0.01_tkl-1.0e-3_fusion-static_logit gpu=0
[launch] stage=core dataset=dtd shot=8 seed=1 tag=detbayesrt_epoch-80_rpstd-0.01_rkl-1.0e-3_tpstd-0.01_tkl-1.0e-2_fusion-static_logit gpu=0
[launch] stage=core dataset=dtd shot=8 seed=1 tag=detbayesrt_epoch-80_rpstd-0.01_rkl-1.0e-3_tpstd-0.01_tkl-1.0e-3_fusion-static_logit gpu=0
[done] stage=core dataset=dtd shot=8 seed=1 tag=detbayesrt_epoch-80_rpstd-0.01_rkl-1.0e-4_tpstd-0.001_tkl-5.0e-2_fusion-static_logit gpu=2
[launch] stage=core dataset=dtd shot=8 seed=1 tag=detbayesrt_epoch-80_rpstd-0.01_rkl-1.0e-3_tpstd-0.001_tkl-5.0e-2_fusion-static_logit gpu=2
[done] stage=core dataset=dtd shot=8 seed=1 tag=detbayesrt_epoch-80_rpstd-0.01_rkl-1.0e-4_tpstd-0.001_tkl-1.0e-2_fusion-static_logit gpu=2
[done] stage=core dataset=dtd shot=8 seed=1 tag=detbayesrt_epoch-80_rpstd-0.01_rkl-1.0e-4_tpstd-0.001_tkl-1.0e-3_fusion-static_logit gpu=2
[launch] stage=core dataset=dtd shot=8 seed=1 tag=detbayesrt_epoch-80_rpstd-0.01_rkl-1.0e-3_tpstd-0.001_tkl-1.0e-2_fusion-static_logit gpu=2
[launch] stage=core dataset=dtd shot=8 seed=1 tag=detbayesrt_epoch-80_rpstd-0.01_rkl-1.0e-3_tpstd-0.001_tkl-1.0e-3_fusion-static_logit gpu=2
[done] stage=core dataset=dtd shot=8 seed=1 tag=detbayesrt_epoch-80_rpstd-0.01_rkl-1.0e-3_tpstd-0.1_tkl-5.0e-2_fusion-static_logit gpu=1
[launch] stage=core dataset=dtd shot=8 seed=1 tag=detbayesrt_epoch-80_rpstd-0.001_rkl-1.0e-5_tpstd-0.1_tkl-5.0e-2_fusion-static_logit gpu=1
[done] stage=core dataset=dtd shot=8 seed=1 tag=detbayesrt_epoch-80_rpstd-0.01_rkl-1.0e-3_tpstd-0.1_tkl-1.0e-2_fusion-static_logit gpu=0
[launch] stage=core dataset=dtd shot=8 seed=1 tag=detbayesrt_epoch-80_rpstd-0.001_rkl-1.0e-5_tpstd-0.1_tkl-1.0e-2_fusion-static_logit gpu=0
[done] stage=core dataset=dtd shot=8 seed=1 tag=detbayesrt_epoch-80_rpstd-0.01_rkl-1.0e-3_tpstd-0.1_tkl-1.0e-3_fusion-static_logit gpu=1
[launch] stage=core dataset=dtd shot=8 seed=1 tag=detbayesrt_epoch-80_rpstd-0.001_rkl-1.0e-5_tpstd-0.1_tkl-1.0e-3_fusion-static_logit gpu=1
[done] stage=core dataset=dtd shot=8 seed=1 tag=detbayesrt_epoch-80_rpstd-0.01_rkl-1.0e-3_tpstd-0.01_tkl-5.0e-2_fusion-static_logit gpu=1
[launch] stage=core dataset=dtd shot=8 seed=1 tag=detbayesrt_epoch-80_rpstd-0.001_rkl-1.0e-5_tpstd-0.01_tkl-5.0e-2_fusion-static_logit gpu=1
[done] stage=core dataset=dtd shot=8 seed=1 tag=detbayesrt_epoch-80_rpstd-0.01_rkl-1.0e-3_tpstd-0.01_tkl-1.0e-2_fusion-static_logit gpu=0
[launch] stage=core dataset=dtd shot=8 seed=1 tag=detbayesrt_epoch-80_rpstd-0.001_rkl-1.0e-5_tpstd-0.01_tkl-1.0e-2_fusion-static_logit gpu=0
[done] stage=core dataset=dtd shot=8 seed=1 tag=detbayesrt_epoch-80_rpstd-0.01_rkl-1.0e-3_tpstd-0.01_tkl-1.0e-3_fusion-static_logit gpu=0
[launch] stage=core dataset=dtd shot=8 seed=1 tag=detbayesrt_epoch-80_rpstd-0.001_rkl-1.0e-5_tpstd-0.01_tkl-1.0e-3_fusion-static_logit gpu=0
[done] stage=core dataset=dtd shot=8 seed=1 tag=detbayesrt_epoch-80_rpstd-0.01_rkl-1.0e-3_tpstd-0.001_tkl-5.0e-2_fusion-static_logit gpu=2
[done] stage=core dataset=dtd shot=8 seed=1 tag=detbayesrt_epoch-80_rpstd-0.01_rkl-1.0e-3_tpstd-0.001_tkl-1.0e-3_fusion-static_logit gpu=2
[launch] stage=core dataset=dtd shot=8 seed=1 tag=detbayesrt_epoch-80_rpstd-0.001_rkl-1.0e-5_tpstd-0.001_tkl-5.0e-2_fusion-static_logit gpu=2
[launch] stage=core dataset=dtd shot=8 seed=1 tag=detbayesrt_epoch-80_rpstd-0.001_rkl-1.0e-5_tpstd-0.001_tkl-1.0e-2_fusion-static_logit gpu=2
[done] stage=core dataset=dtd shot=8 seed=1 tag=detbayesrt_epoch-80_rpstd-0.01_rkl-1.0e-3_tpstd-0.001_tkl-1.0e-2_fusion-static_logit gpu=2
[launch] stage=core dataset=dtd shot=8 seed=1 tag=detbayesrt_epoch-80_rpstd-0.001_rkl-1.0e-5_tpstd-0.001_tkl-1.0e-3_fusion-static_logit gpu=2
[done] stage=core dataset=dtd shot=8 seed=1 tag=detbayesrt_epoch-80_rpstd-0.001_rkl-1.0e-5_tpstd-0.1_tkl-5.0e-2_fusion-static_logit gpu=1
[launch] stage=core dataset=dtd shot=8 seed=1 tag=detbayesrt_epoch-80_rpstd-0.001_rkl-1.0e-4_tpstd-0.1_tkl-5.0e-2_fusion-static_logit gpu=1
[done] stage=core dataset=dtd shot=8 seed=1 tag=detbayesrt_epoch-80_rpstd-0.001_rkl-1.0e-5_tpstd-0.1_tkl-1.0e-2_fusion-static_logit gpu=0
[launch] stage=core dataset=dtd shot=8 seed=1 tag=detbayesrt_epoch-80_rpstd-0.001_rkl-1.0e-4_tpstd-0.1_tkl-1.0e-2_fusion-static_logit gpu=0
[done] stage=core dataset=dtd shot=8 seed=1 tag=detbayesrt_epoch-80_rpstd-0.001_rkl-1.0e-5_tpstd-0.1_tkl-1.0e-3_fusion-static_logit gpu=1
[launch] stage=core dataset=dtd shot=8 seed=1 tag=detbayesrt_epoch-80_rpstd-0.001_rkl-1.0e-4_tpstd-0.1_tkl-1.0e-3_fusion-static_logit gpu=1
[done] stage=core dataset=dtd shot=8 seed=1 tag=detbayesrt_epoch-80_rpstd-0.001_rkl-1.0e-5_tpstd-0.01_tkl-5.0e-2_fusion-static_logit gpu=1
[launch] stage=core dataset=dtd shot=8 seed=1 tag=detbayesrt_epoch-80_rpstd-0.001_rkl-1.0e-4_tpstd-0.01_tkl-5.0e-2_fusion-static_logit gpu=1
[done] stage=core dataset=dtd shot=8 seed=1 tag=detbayesrt_epoch-80_rpstd-0.001_rkl-1.0e-5_tpstd-0.01_tkl-1.0e-2_fusion-static_logit gpu=0
[launch] stage=core dataset=dtd shot=8 seed=1 tag=detbayesrt_epoch-80_rpstd-0.001_rkl-1.0e-4_tpstd-0.01_tkl-1.0e-2_fusion-static_logit gpu=0
[done] stage=core dataset=dtd shot=8 seed=1 tag=detbayesrt_epoch-80_rpstd-0.001_rkl-1.0e-5_tpstd-0.01_tkl-1.0e-3_fusion-static_logit gpu=0
[launch] stage=core dataset=dtd shot=8 seed=1 tag=detbayesrt_epoch-80_rpstd-0.001_rkl-1.0e-4_tpstd-0.01_tkl-1.0e-3_fusion-static_logit gpu=0
[done] stage=core dataset=dtd shot=8 seed=1 tag=detbayesrt_epoch-80_rpstd-0.001_rkl-1.0e-5_tpstd-0.001_tkl-1.0e-2_fusion-static_logit gpu=2
[launch] stage=core dataset=dtd shot=8 seed=1 tag=detbayesrt_epoch-80_rpstd-0.001_rkl-1.0e-4_tpstd-0.001_tkl-5.0e-2_fusion-static_logit gpu=2
[done] stage=core dataset=dtd shot=8 seed=1 tag=detbayesrt_epoch-80_rpstd-0.001_rkl-1.0e-5_tpstd-0.001_tkl-1.0e-3_fusion-static_logit gpu=2
[done] stage=core dataset=dtd shot=8 seed=1 tag=detbayesrt_epoch-80_rpstd-0.001_rkl-1.0e-5_tpstd-0.001_tkl-5.0e-2_fusion-static_logit gpu=2
[launch] stage=core dataset=dtd shot=8 seed=1 tag=detbayesrt_epoch-80_rpstd-0.001_rkl-1.0e-4_tpstd-0.001_tkl-1.0e-2_fusion-static_logit gpu=2
[launch] stage=core dataset=dtd shot=8 seed=1 tag=detbayesrt_epoch-80_rpstd-0.001_rkl-1.0e-4_tpstd-0.001_tkl-1.0e-3_fusion-static_logit gpu=2
[done] stage=core dataset=dtd shot=8 seed=1 tag=detbayesrt_epoch-80_rpstd-0.001_rkl-1.0e-4_tpstd-0.1_tkl-5.0e-2_fusion-static_logit gpu=1
[launch] stage=core dataset=dtd shot=8 seed=1 tag=detbayesrt_epoch-80_rpstd-0.001_rkl-1.0e-3_tpstd-0.1_tkl-5.0e-2_fusion-static_logit gpu=1
[done] stage=core dataset=dtd shot=8 seed=1 tag=detbayesrt_epoch-80_rpstd-0.001_rkl-1.0e-4_tpstd-0.1_tkl-1.0e-2_fusion-static_logit gpu=0
[launch] stage=core dataset=dtd shot=8 seed=1 tag=detbayesrt_epoch-80_rpstd-0.001_rkl-1.0e-3_tpstd-0.1_tkl-1.0e-2_fusion-static_logit gpu=0
[done] stage=core dataset=dtd shot=8 seed=1 tag=detbayesrt_epoch-80_rpstd-0.001_rkl-1.0e-4_tpstd-0.01_tkl-5.0e-2_fusion-static_logit gpu=1
[done] stage=core dataset=dtd shot=8 seed=1 tag=detbayesrt_epoch-80_rpstd-0.001_rkl-1.0e-4_tpstd-0.1_tkl-1.0e-3_fusion-static_logit gpu=1
[launch] stage=core dataset=dtd shot=8 seed=1 tag=detbayesrt_epoch-80_rpstd-0.001_rkl-1.0e-3_tpstd-0.1_tkl-1.0e-3_fusion-static_logit gpu=1
[launch] stage=core dataset=dtd shot=8 seed=1 tag=detbayesrt_epoch-80_rpstd-0.001_rkl-1.0e-3_tpstd-0.01_tkl-5.0e-2_fusion-static_logit gpu=1
[done] stage=core dataset=dtd shot=8 seed=1 tag=detbayesrt_epoch-80_rpstd-0.001_rkl-1.0e-4_tpstd-0.01_tkl-1.0e-2_fusion-static_logit gpu=0
[launch] stage=core dataset=dtd shot=8 seed=1 tag=detbayesrt_epoch-80_rpstd-0.001_rkl-1.0e-3_tpstd-0.01_tkl-1.0e-2_fusion-static_logit gpu=0
[done] stage=core dataset=dtd shot=8 seed=1 tag=detbayesrt_epoch-80_rpstd-0.001_rkl-1.0e-4_tpstd-0.01_tkl-1.0e-3_fusion-static_logit gpu=0
[launch] stage=core dataset=dtd shot=8 seed=1 tag=detbayesrt_epoch-80_rpstd-0.001_rkl-1.0e-3_tpstd-0.01_tkl-1.0e-3_fusion-static_logit gpu=0
[done] stage=core dataset=dtd shot=8 seed=1 tag=detbayesrt_epoch-80_rpstd-0.001_rkl-1.0e-4_tpstd-0.001_tkl-5.0e-2_fusion-static_logit gpu=2
[launch] stage=core dataset=dtd shot=8 seed=1 tag=detbayesrt_epoch-80_rpstd-0.001_rkl-1.0e-3_tpstd-0.001_tkl-5.0e-2_fusion-static_logit gpu=2
[done] stage=core dataset=dtd shot=8 seed=1 tag=detbayesrt_epoch-80_rpstd-0.001_rkl-1.0e-4_tpstd-0.001_tkl-1.0e-2_fusion-static_logit gpu=2
[done] stage=core dataset=dtd shot=8 seed=1 tag=detbayesrt_epoch-80_rpstd-0.001_rkl-1.0e-4_tpstd-0.001_tkl-1.0e-3_fusion-static_logit gpu=2
[launch] stage=core dataset=dtd shot=8 seed=1 tag=detbayesrt_epoch-80_rpstd-0.001_rkl-1.0e-3_tpstd-0.001_tkl-1.0e-2_fusion-static_logit gpu=2
[launch] stage=core dataset=dtd shot=8 seed=1 tag=detbayesrt_epoch-80_rpstd-0.001_rkl-1.0e-3_tpstd-0.001_tkl-1.0e-3_fusion-static_logit gpu=2
[done] stage=core dataset=dtd shot=8 seed=1 tag=detbayesrt_epoch-80_rpstd-0.001_rkl-1.0e-3_tpstd-0.1_tkl-5.0e-2_fusion-static_logit gpu=1
[launch] stage=core dataset=dtd shot=16 seed=1 tag=detbayesrt_epoch-80_rpstd-0.1_rkl-1.0e-5_tpstd-0.1_tkl-5.0e-2_fusion-static_logit gpu=1
[done] stage=core dataset=dtd shot=8 seed=1 tag=detbayesrt_epoch-80_rpstd-0.001_rkl-1.0e-3_tpstd-0.1_tkl-1.0e-2_fusion-static_logit gpu=0
[launch] stage=core dataset=dtd shot=16 seed=1 tag=detbayesrt_epoch-80_rpstd-0.1_rkl-1.0e-5_tpstd-0.1_tkl-1.0e-2_fusion-static_logit gpu=0
[done] stage=core dataset=dtd shot=8 seed=1 tag=detbayesrt_epoch-80_rpstd-0.001_rkl-1.0e-3_tpstd-0.1_tkl-1.0e-3_fusion-static_logit gpu=1
[done] stage=core dataset=dtd shot=8 seed=1 tag=detbayesrt_epoch-80_rpstd-0.001_rkl-1.0e-3_tpstd-0.01_tkl-5.0e-2_fusion-static_logit gpu=1
[launch] stage=core dataset=dtd shot=16 seed=1 tag=detbayesrt_epoch-80_rpstd-0.1_rkl-1.0e-5_tpstd-0.1_tkl-1.0e-3_fusion-static_logit gpu=1
[launch] stage=core dataset=dtd shot=16 seed=1 tag=detbayesrt_epoch-80_rpstd-0.1_rkl-1.0e-5_tpstd-0.01_tkl-5.0e-2_fusion-static_logit gpu=1
[done] stage=core dataset=dtd shot=8 seed=1 tag=detbayesrt_epoch-80_rpstd-0.001_rkl-1.0e-3_tpstd-0.01_tkl-1.0e-2_fusion-static_logit gpu=0
[launch] stage=core dataset=dtd shot=16 seed=1 tag=detbayesrt_epoch-80_rpstd-0.1_rkl-1.0e-5_tpstd-0.01_tkl-1.0e-2_fusion-static_logit gpu=0
[done] stage=core dataset=dtd shot=8 seed=1 tag=detbayesrt_epoch-80_rpstd-0.001_rkl-1.0e-3_tpstd-0.01_tkl-1.0e-3_fusion-static_logit gpu=0
[launch] stage=core dataset=dtd shot=16 seed=1 tag=detbayesrt_epoch-80_rpstd-0.1_rkl-1.0e-5_tpstd-0.01_tkl-1.0e-3_fusion-static_logit gpu=0
[done] stage=core dataset=dtd shot=8 seed=1 tag=detbayesrt_epoch-80_rpstd-0.001_rkl-1.0e-3_tpstd-0.001_tkl-5.0e-2_fusion-static_logit gpu=2
[launch] stage=core dataset=dtd shot=16 seed=1 tag=detbayesrt_epoch-80_rpstd-0.1_rkl-1.0e-5_tpstd-0.001_tkl-5.0e-2_fusion-static_logit gpu=2
[done] stage=core dataset=dtd shot=8 seed=1 tag=detbayesrt_epoch-80_rpstd-0.001_rkl-1.0e-3_tpstd-0.001_tkl-1.0e-3_fusion-static_logit gpu=2
[launch] stage=core dataset=dtd shot=16 seed=1 tag=detbayesrt_epoch-80_rpstd-0.1_rkl-1.0e-5_tpstd-0.001_tkl-1.0e-2_fusion-static_logit gpu=2
[done] stage=core dataset=dtd shot=8 seed=1 tag=detbayesrt_epoch-80_rpstd-0.001_rkl-1.0e-3_tpstd-0.001_tkl-1.0e-2_fusion-static_logit gpu=2
[launch] stage=core dataset=dtd shot=16 seed=1 tag=detbayesrt_epoch-80_rpstd-0.1_rkl-1.0e-5_tpstd-0.001_tkl-1.0e-3_fusion-static_logit gpu=2
[done] stage=core dataset=dtd shot=16 seed=1 tag=detbayesrt_epoch-80_rpstd-0.1_rkl-1.0e-5_tpstd-0.1_tkl-5.0e-2_fusion-static_logit gpu=1
[launch] stage=core dataset=dtd shot=16 seed=1 tag=detbayesrt_epoch-80_rpstd-0.1_rkl-1.0e-4_tpstd-0.1_tkl-5.0e-2_fusion-static_logit gpu=1
[done] stage=core dataset=dtd shot=16 seed=1 tag=detbayesrt_epoch-80_rpstd-0.1_rkl-1.0e-5_tpstd-0.1_tkl-1.0e-2_fusion-static_logit gpu=0
[launch] stage=core dataset=dtd shot=16 seed=1 tag=detbayesrt_epoch-80_rpstd-0.1_rkl-1.0e-4_tpstd-0.1_tkl-1.0e-2_fusion-static_logit gpu=0
[done] stage=core dataset=dtd shot=16 seed=1 tag=detbayesrt_epoch-80_rpstd-0.1_rkl-1.0e-5_tpstd-0.01_tkl-5.0e-2_fusion-static_logit gpu=1
[launch] stage=core dataset=dtd shot=16 seed=1 tag=detbayesrt_epoch-80_rpstd-0.1_rkl-1.0e-4_tpstd-0.1_tkl-1.0e-3_fusion-static_logit gpu=1
[done] stage=core dataset=dtd shot=16 seed=1 tag=detbayesrt_epoch-80_rpstd-0.1_rkl-1.0e-5_tpstd-0.1_tkl-1.0e-3_fusion-static_logit gpu=1
[launch] stage=core dataset=dtd shot=16 seed=1 tag=detbayesrt_epoch-80_rpstd-0.1_rkl-1.0e-4_tpstd-0.01_tkl-5.0e-2_fusion-static_logit gpu=1
[done] stage=core dataset=dtd shot=16 seed=1 tag=detbayesrt_epoch-80_rpstd-0.1_rkl-1.0e-5_tpstd-0.01_tkl-1.0e-2_fusion-static_logit gpu=0
[launch] stage=core dataset=dtd shot=16 seed=1 tag=detbayesrt_epoch-80_rpstd-0.1_rkl-1.0e-4_tpstd-0.01_tkl-1.0e-2_fusion-static_logit gpu=0
[done] stage=core dataset=dtd shot=16 seed=1 tag=detbayesrt_epoch-80_rpstd-0.1_rkl-1.0e-5_tpstd-0.01_tkl-1.0e-3_fusion-static_logit gpu=0
[launch] stage=core dataset=dtd shot=16 seed=1 tag=detbayesrt_epoch-80_rpstd-0.1_rkl-1.0e-4_tpstd-0.01_tkl-1.0e-3_fusion-static_logit gpu=0
[done] stage=core dataset=dtd shot=16 seed=1 tag=detbayesrt_epoch-80_rpstd-0.1_rkl-1.0e-5_tpstd-0.001_tkl-5.0e-2_fusion-static_logit gpu=2
[launch] stage=core dataset=dtd shot=16 seed=1 tag=detbayesrt_epoch-80_rpstd-0.1_rkl-1.0e-4_tpstd-0.001_tkl-5.0e-2_fusion-static_logit gpu=2
[done] stage=core dataset=dtd shot=16 seed=1 tag=detbayesrt_epoch-80_rpstd-0.1_rkl-1.0e-5_tpstd-0.001_tkl-1.0e-3_fusion-static_logit gpu=2
[done] stage=core dataset=dtd shot=16 seed=1 tag=detbayesrt_epoch-80_rpstd-0.1_rkl-1.0e-5_tpstd-0.001_tkl-1.0e-2_fusion-static_logit gpu=2
[launch] stage=core dataset=dtd shot=16 seed=1 tag=detbayesrt_epoch-80_rpstd-0.1_rkl-1.0e-4_tpstd-0.001_tkl-1.0e-2_fusion-static_logit gpu=2
[launch] stage=core dataset=dtd shot=16 seed=1 tag=detbayesrt_epoch-80_rpstd-0.1_rkl-1.0e-4_tpstd-0.001_tkl-1.0e-3_fusion-static_logit gpu=2
[done] stage=core dataset=dtd shot=16 seed=1 tag=detbayesrt_epoch-80_rpstd-0.1_rkl-1.0e-4_tpstd-0.1_tkl-5.0e-2_fusion-static_logit gpu=1
[launch] stage=core dataset=dtd shot=16 seed=1 tag=detbayesrt_epoch-80_rpstd-0.1_rkl-1.0e-3_tpstd-0.1_tkl-5.0e-2_fusion-static_logit gpu=1
[done] stage=core dataset=dtd shot=16 seed=1 tag=detbayesrt_epoch-80_rpstd-0.1_rkl-1.0e-4_tpstd-0.1_tkl-1.0e-2_fusion-static_logit gpu=0
[launch] stage=core dataset=dtd shot=16 seed=1 tag=detbayesrt_epoch-80_rpstd-0.1_rkl-1.0e-3_tpstd-0.1_tkl-1.0e-2_fusion-static_logit gpu=0
[done] stage=core dataset=dtd shot=16 seed=1 tag=detbayesrt_epoch-80_rpstd-0.1_rkl-1.0e-4_tpstd-0.1_tkl-1.0e-3_fusion-static_logit gpu=1
[launch] stage=core dataset=dtd shot=16 seed=1 tag=detbayesrt_epoch-80_rpstd-0.1_rkl-1.0e-3_tpstd-0.1_tkl-1.0e-3_fusion-static_logit gpu=1
[done] stage=core dataset=dtd shot=16 seed=1 tag=detbayesrt_epoch-80_rpstd-0.1_rkl-1.0e-4_tpstd-0.01_tkl-5.0e-2_fusion-static_logit gpu=1
[launch] stage=core dataset=dtd shot=16 seed=1 tag=detbayesrt_epoch-80_rpstd-0.1_rkl-1.0e-3_tpstd-0.01_tkl-5.0e-2_fusion-static_logit gpu=1
[done] stage=core dataset=dtd shot=16 seed=1 tag=detbayesrt_epoch-80_rpstd-0.1_rkl-1.0e-4_tpstd-0.001_tkl-5.0e-2_fusion-static_logit gpu=2
[launch] stage=core dataset=dtd shot=16 seed=1 tag=detbayesrt_epoch-80_rpstd-0.1_rkl-1.0e-3_tpstd-0.01_tkl-1.0e-2_fusion-static_logit gpu=2
[done] stage=core dataset=dtd shot=16 seed=1 tag=detbayesrt_epoch-80_rpstd-0.1_rkl-1.0e-4_tpstd-0.01_tkl-1.0e-2_fusion-static_logit gpu=0
[launch] stage=core dataset=dtd shot=16 seed=1 tag=detbayesrt_epoch-80_rpstd-0.1_rkl-1.0e-3_tpstd-0.01_tkl-1.0e-3_fusion-static_logit gpu=0
[done] stage=core dataset=dtd shot=16 seed=1 tag=detbayesrt_epoch-80_rpstd-0.1_rkl-1.0e-4_tpstd-0.01_tkl-1.0e-3_fusion-static_logit gpu=0
[launch] stage=core dataset=dtd shot=16 seed=1 tag=detbayesrt_epoch-80_rpstd-0.1_rkl-1.0e-3_tpstd-0.001_tkl-5.0e-2_fusion-static_logit gpu=0
[done] stage=core dataset=dtd shot=16 seed=1 tag=detbayesrt_epoch-80_rpstd-0.1_rkl-1.0e-4_tpstd-0.001_tkl-1.0e-2_fusion-static_logit gpu=2
[launch] stage=core dataset=dtd shot=16 seed=1 tag=detbayesrt_epoch-80_rpstd-0.1_rkl-1.0e-3_tpstd-0.001_tkl-1.0e-2_fusion-static_logit gpu=2
[done] stage=core dataset=dtd shot=16 seed=1 tag=detbayesrt_epoch-80_rpstd-0.1_rkl-1.0e-4_tpstd-0.001_tkl-1.0e-3_fusion-static_logit gpu=2
[launch] stage=core dataset=dtd shot=16 seed=1 tag=detbayesrt_epoch-80_rpstd-0.1_rkl-1.0e-3_tpstd-0.001_tkl-1.0e-3_fusion-static_logit gpu=2
[done] stage=core dataset=dtd shot=16 seed=1 tag=detbayesrt_epoch-80_rpstd-0.1_rkl-1.0e-3_tpstd-0.1_tkl-5.0e-2_fusion-static_logit gpu=1
[launch] stage=core dataset=dtd shot=16 seed=1 tag=detbayesrt_epoch-80_rpstd-0.01_rkl-1.0e-5_tpstd-0.1_tkl-5.0e-2_fusion-static_logit gpu=1
[done] stage=core dataset=dtd shot=16 seed=1 tag=detbayesrt_epoch-80_rpstd-0.1_rkl-1.0e-3_tpstd-0.1_tkl-1.0e-2_fusion-static_logit gpu=0
[launch] stage=core dataset=dtd shot=16 seed=1 tag=detbayesrt_epoch-80_rpstd-0.01_rkl-1.0e-5_tpstd-0.1_tkl-1.0e-2_fusion-static_logit gpu=0
[done] stage=core dataset=dtd shot=16 seed=1 tag=detbayesrt_epoch-80_rpstd-0.1_rkl-1.0e-3_tpstd-0.1_tkl-1.0e-3_fusion-static_logit gpu=1
[launch] stage=core dataset=dtd shot=16 seed=1 tag=detbayesrt_epoch-80_rpstd-0.01_rkl-1.0e-5_tpstd-0.1_tkl-1.0e-3_fusion-static_logit gpu=1
[done] stage=core dataset=dtd shot=16 seed=1 tag=detbayesrt_epoch-80_rpstd-0.1_rkl-1.0e-3_tpstd-0.01_tkl-5.0e-2_fusion-static_logit gpu=1
[launch] stage=core dataset=dtd shot=16 seed=1 tag=detbayesrt_epoch-80_rpstd-0.01_rkl-1.0e-5_tpstd-0.01_tkl-5.0e-2_fusion-static_logit gpu=1
[done] stage=core dataset=dtd shot=16 seed=1 tag=detbayesrt_epoch-80_rpstd-0.1_rkl-1.0e-3_tpstd-0.01_tkl-1.0e-2_fusion-static_logit gpu=2
[launch] stage=core dataset=dtd shot=16 seed=1 tag=detbayesrt_epoch-80_rpstd-0.01_rkl-1.0e-5_tpstd-0.01_tkl-1.0e-2_fusion-static_logit gpu=2
[done] stage=core dataset=dtd shot=16 seed=1 tag=detbayesrt_epoch-80_rpstd-0.1_rkl-1.0e-3_tpstd-0.01_tkl-1.0e-3_fusion-static_logit gpu=0
[launch] stage=core dataset=dtd shot=16 seed=1 tag=detbayesrt_epoch-80_rpstd-0.01_rkl-1.0e-5_tpstd-0.01_tkl-1.0e-3_fusion-static_logit gpu=0
[done] stage=core dataset=dtd shot=16 seed=1 tag=detbayesrt_epoch-80_rpstd-0.1_rkl-1.0e-3_tpstd-0.001_tkl-1.0e-2_fusion-static_logit gpu=2
[launch] stage=core dataset=dtd shot=16 seed=1 tag=detbayesrt_epoch-80_rpstd-0.01_rkl-1.0e-5_tpstd-0.001_tkl-5.0e-2_fusion-static_logit gpu=2
[done] stage=core dataset=dtd shot=16 seed=1 tag=detbayesrt_epoch-80_rpstd-0.1_rkl-1.0e-3_tpstd-0.001_tkl-1.0e-3_fusion-static_logit gpu=2
[launch] stage=core dataset=dtd shot=16 seed=1 tag=detbayesrt_epoch-80_rpstd-0.01_rkl-1.0e-5_tpstd-0.001_tkl-1.0e-2_fusion-static_logit gpu=2
[done] stage=core dataset=dtd shot=16 seed=1 tag=detbayesrt_epoch-80_rpstd-0.1_rkl-1.0e-3_tpstd-0.001_tkl-5.0e-2_fusion-static_logit gpu=0
[launch] stage=core dataset=dtd shot=16 seed=1 tag=detbayesrt_epoch-80_rpstd-0.01_rkl-1.0e-5_tpstd-0.001_tkl-1.0e-3_fusion-static_logit gpu=0
[done] stage=core dataset=dtd shot=16 seed=1 tag=detbayesrt_epoch-80_rpstd-0.01_rkl-1.0e-5_tpstd-0.1_tkl-5.0e-2_fusion-static_logit gpu=1
[launch] stage=core dataset=dtd shot=16 seed=1 tag=detbayesrt_epoch-80_rpstd-0.01_rkl-1.0e-4_tpstd-0.1_tkl-5.0e-2_fusion-static_logit gpu=1
[done] stage=core dataset=dtd shot=16 seed=1 tag=detbayesrt_epoch-80_rpstd-0.01_rkl-1.0e-5_tpstd-0.1_tkl-1.0e-2_fusion-static_logit gpu=0
[launch] stage=core dataset=dtd shot=16 seed=1 tag=detbayesrt_epoch-80_rpstd-0.01_rkl-1.0e-4_tpstd-0.1_tkl-1.0e-2_fusion-static_logit gpu=0
[done] stage=core dataset=dtd shot=16 seed=1 tag=detbayesrt_epoch-80_rpstd-0.01_rkl-1.0e-5_tpstd-0.01_tkl-5.0e-2_fusion-static_logit gpu=1
[launch] stage=core dataset=dtd shot=16 seed=1 tag=detbayesrt_epoch-80_rpstd-0.01_rkl-1.0e-4_tpstd-0.1_tkl-1.0e-3_fusion-static_logit gpu=1
[done] stage=core dataset=dtd shot=16 seed=1 tag=detbayesrt_epoch-80_rpstd-0.01_rkl-1.0e-5_tpstd-0.1_tkl-1.0e-3_fusion-static_logit gpu=1
[launch] stage=core dataset=dtd shot=16 seed=1 tag=detbayesrt_epoch-80_rpstd-0.01_rkl-1.0e-4_tpstd-0.01_tkl-5.0e-2_fusion-static_logit gpu=1
[done] stage=core dataset=dtd shot=16 seed=1 tag=detbayesrt_epoch-80_rpstd-0.01_rkl-1.0e-5_tpstd-0.01_tkl-1.0e-2_fusion-static_logit gpu=2
[launch] stage=core dataset=dtd shot=16 seed=1 tag=detbayesrt_epoch-80_rpstd-0.01_rkl-1.0e-4_tpstd-0.01_tkl-1.0e-2_fusion-static_logit gpu=2
[done] stage=core dataset=dtd shot=16 seed=1 tag=detbayesrt_epoch-80_rpstd-0.01_rkl-1.0e-5_tpstd-0.001_tkl-5.0e-2_fusion-static_logit gpu=2
[launch] stage=core dataset=dtd shot=16 seed=1 tag=detbayesrt_epoch-80_rpstd-0.01_rkl-1.0e-4_tpstd-0.01_tkl-1.0e-3_fusion-static_logit gpu=2
[done] stage=core dataset=dtd shot=16 seed=1 tag=detbayesrt_epoch-80_rpstd-0.01_rkl-1.0e-5_tpstd-0.01_tkl-1.0e-3_fusion-static_logit gpu=0
[launch] stage=core dataset=dtd shot=16 seed=1 tag=detbayesrt_epoch-80_rpstd-0.01_rkl-1.0e-4_tpstd-0.001_tkl-5.0e-2_fusion-static_logit gpu=0
[done] stage=core dataset=dtd shot=16 seed=1 tag=detbayesrt_epoch-80_rpstd-0.01_rkl-1.0e-5_tpstd-0.001_tkl-1.0e-2_fusion-static_logit gpu=2
[launch] stage=core dataset=dtd shot=16 seed=1 tag=detbayesrt_epoch-80_rpstd-0.01_rkl-1.0e-4_tpstd-0.001_tkl-1.0e-2_fusion-static_logit gpu=2
[done] stage=core dataset=dtd shot=16 seed=1 tag=detbayesrt_epoch-80_rpstd-0.01_rkl-1.0e-5_tpstd-0.001_tkl-1.0e-3_fusion-static_logit gpu=0
[launch] stage=core dataset=dtd shot=16 seed=1 tag=detbayesrt_epoch-80_rpstd-0.01_rkl-1.0e-4_tpstd-0.001_tkl-1.0e-3_fusion-static_logit gpu=0
[done] stage=core dataset=dtd shot=16 seed=1 tag=detbayesrt_epoch-80_rpstd-0.01_rkl-1.0e-4_tpstd-0.1_tkl-5.0e-2_fusion-static_logit gpu=1
[launch] stage=core dataset=dtd shot=16 seed=1 tag=detbayesrt_epoch-80_rpstd-0.01_rkl-1.0e-3_tpstd-0.1_tkl-5.0e-2_fusion-static_logit gpu=1
[done] stage=core dataset=dtd shot=16 seed=1 tag=detbayesrt_epoch-80_rpstd-0.01_rkl-1.0e-4_tpstd-0.1_tkl-1.0e-2_fusion-static_logit gpu=0
[launch] stage=core dataset=dtd shot=16 seed=1 tag=detbayesrt_epoch-80_rpstd-0.01_rkl-1.0e-3_tpstd-0.1_tkl-1.0e-2_fusion-static_logit gpu=0
[done] stage=core dataset=dtd shot=16 seed=1 tag=detbayesrt_epoch-80_rpstd-0.01_rkl-1.0e-4_tpstd-0.1_tkl-1.0e-3_fusion-static_logit gpu=1
[done] stage=core dataset=dtd shot=16 seed=1 tag=detbayesrt_epoch-80_rpstd-0.01_rkl-1.0e-4_tpstd-0.01_tkl-5.0e-2_fusion-static_logit gpu=1
[launch] stage=core dataset=dtd shot=16 seed=1 tag=detbayesrt_epoch-80_rpstd-0.01_rkl-1.0e-3_tpstd-0.1_tkl-1.0e-3_fusion-static_logit gpu=1
[launch] stage=core dataset=dtd shot=16 seed=1 tag=detbayesrt_epoch-80_rpstd-0.01_rkl-1.0e-3_tpstd-0.01_tkl-5.0e-2_fusion-static_logit gpu=1
[done] stage=core dataset=dtd shot=16 seed=1 tag=detbayesrt_epoch-80_rpstd-0.01_rkl-1.0e-4_tpstd-0.01_tkl-1.0e-3_fusion-static_logit gpu=2
[done] stage=core dataset=dtd shot=16 seed=1 tag=detbayesrt_epoch-80_rpstd-0.01_rkl-1.0e-4_tpstd-0.01_tkl-1.0e-2_fusion-static_logit gpu=2
[launch] stage=core dataset=dtd shot=16 seed=1 tag=detbayesrt_epoch-80_rpstd-0.01_rkl-1.0e-3_tpstd-0.01_tkl-1.0e-2_fusion-static_logit gpu=2
[launch] stage=core dataset=dtd shot=16 seed=1 tag=detbayesrt_epoch-80_rpstd-0.01_rkl-1.0e-3_tpstd-0.01_tkl-1.0e-3_fusion-static_logit gpu=2
[done] stage=core dataset=dtd shot=16 seed=1 tag=detbayesrt_epoch-80_rpstd-0.01_rkl-1.0e-4_tpstd-0.001_tkl-5.0e-2_fusion-static_logit gpu=0
[launch] stage=core dataset=dtd shot=16 seed=1 tag=detbayesrt_epoch-80_rpstd-0.01_rkl-1.0e-3_tpstd-0.001_tkl-5.0e-2_fusion-static_logit gpu=0
[done] stage=core dataset=dtd shot=16 seed=1 tag=detbayesrt_epoch-80_rpstd-0.01_rkl-1.0e-4_tpstd-0.001_tkl-1.0e-2_fusion-static_logit gpu=2
[launch] stage=core dataset=dtd shot=16 seed=1 tag=detbayesrt_epoch-80_rpstd-0.01_rkl-1.0e-3_tpstd-0.001_tkl-1.0e-2_fusion-static_logit gpu=2
[done] stage=core dataset=dtd shot=16 seed=1 tag=detbayesrt_epoch-80_rpstd-0.01_rkl-1.0e-4_tpstd-0.001_tkl-1.0e-3_fusion-static_logit gpu=0
[launch] stage=core dataset=dtd shot=16 seed=1 tag=detbayesrt_epoch-80_rpstd-0.01_rkl-1.0e-3_tpstd-0.001_tkl-1.0e-3_fusion-static_logit gpu=0
[done] stage=core dataset=dtd shot=16 seed=1 tag=detbayesrt_epoch-80_rpstd-0.01_rkl-1.0e-3_tpstd-0.1_tkl-5.0e-2_fusion-static_logit gpu=1
[launch] stage=core dataset=dtd shot=16 seed=1 tag=detbayesrt_epoch-80_rpstd-0.001_rkl-1.0e-5_tpstd-0.1_tkl-5.0e-2_fusion-static_logit gpu=1
[done] stage=core dataset=dtd shot=16 seed=1 tag=detbayesrt_epoch-80_rpstd-0.01_rkl-1.0e-3_tpstd-0.1_tkl-1.0e-2_fusion-static_logit gpu=0
[launch] stage=core dataset=dtd shot=16 seed=1 tag=detbayesrt_epoch-80_rpstd-0.001_rkl-1.0e-5_tpstd-0.1_tkl-1.0e-2_fusion-static_logit gpu=0
[done] stage=core dataset=dtd shot=16 seed=1 tag=detbayesrt_epoch-80_rpstd-0.01_rkl-1.0e-3_tpstd-0.01_tkl-5.0e-2_fusion-static_logit gpu=1
[launch] stage=core dataset=dtd shot=16 seed=1 tag=detbayesrt_epoch-80_rpstd-0.001_rkl-1.0e-5_tpstd-0.1_tkl-1.0e-3_fusion-static_logit gpu=1
[done] stage=core dataset=dtd shot=16 seed=1 tag=detbayesrt_epoch-80_rpstd-0.01_rkl-1.0e-3_tpstd-0.1_tkl-1.0e-3_fusion-static_logit gpu=1
[launch] stage=core dataset=dtd shot=16 seed=1 tag=detbayesrt_epoch-80_rpstd-0.001_rkl-1.0e-5_tpstd-0.01_tkl-5.0e-2_fusion-static_logit gpu=1
[done] stage=core dataset=dtd shot=16 seed=1 tag=detbayesrt_epoch-80_rpstd-0.01_rkl-1.0e-3_tpstd-0.01_tkl-1.0e-2_fusion-static_logit gpu=2
[done] stage=core dataset=dtd shot=16 seed=1 tag=detbayesrt_epoch-80_rpstd-0.01_rkl-1.0e-3_tpstd-0.01_tkl-1.0e-3_fusion-static_logit gpu=2
[launch] stage=core dataset=dtd shot=16 seed=1 tag=detbayesrt_epoch-80_rpstd-0.001_rkl-1.0e-5_tpstd-0.01_tkl-1.0e-2_fusion-static_logit gpu=2
[launch] stage=core dataset=dtd shot=16 seed=1 tag=detbayesrt_epoch-80_rpstd-0.001_rkl-1.0e-5_tpstd-0.01_tkl-1.0e-3_fusion-static_logit gpu=2
[done] stage=core dataset=dtd shot=16 seed=1 tag=detbayesrt_epoch-80_rpstd-0.01_rkl-1.0e-3_tpstd-0.001_tkl-5.0e-2_fusion-static_logit gpu=0
[launch] stage=core dataset=dtd shot=16 seed=1 tag=detbayesrt_epoch-80_rpstd-0.001_rkl-1.0e-5_tpstd-0.001_tkl-5.0e-2_fusion-static_logit gpu=0
[done] stage=core dataset=dtd shot=16 seed=1 tag=detbayesrt_epoch-80_rpstd-0.01_rkl-1.0e-3_tpstd-0.001_tkl-1.0e-3_fusion-static_logit gpu=0
[done] stage=core dataset=dtd shot=16 seed=1 tag=detbayesrt_epoch-80_rpstd-0.01_rkl-1.0e-3_tpstd-0.001_tkl-1.0e-2_fusion-static_logit gpu=2
[launch] stage=core dataset=dtd shot=16 seed=1 tag=detbayesrt_epoch-80_rpstd-0.001_rkl-1.0e-5_tpstd-0.001_tkl-1.0e-2_fusion-static_logit gpu=0
[launch] stage=core dataset=dtd shot=16 seed=1 tag=detbayesrt_epoch-80_rpstd-0.001_rkl-1.0e-5_tpstd-0.001_tkl-1.0e-3_fusion-static_logit gpu=2
[done] stage=core dataset=dtd shot=16 seed=1 tag=detbayesrt_epoch-80_rpstd-0.001_rkl-1.0e-5_tpstd-0.1_tkl-5.0e-2_fusion-static_logit gpu=1
[launch] stage=core dataset=dtd shot=16 seed=1 tag=detbayesrt_epoch-80_rpstd-0.001_rkl-1.0e-4_tpstd-0.1_tkl-5.0e-2_fusion-static_logit gpu=1
[done] stage=core dataset=dtd shot=16 seed=1 tag=detbayesrt_epoch-80_rpstd-0.001_rkl-1.0e-5_tpstd-0.1_tkl-1.0e-2_fusion-static_logit gpu=0
[launch] stage=core dataset=dtd shot=16 seed=1 tag=detbayesrt_epoch-80_rpstd-0.001_rkl-1.0e-4_tpstd-0.1_tkl-1.0e-2_fusion-static_logit gpu=0
[done] stage=core dataset=dtd shot=16 seed=1 tag=detbayesrt_epoch-80_rpstd-0.001_rkl-1.0e-5_tpstd-0.1_tkl-1.0e-3_fusion-static_logit gpu=1
[launch] stage=core dataset=dtd shot=16 seed=1 tag=detbayesrt_epoch-80_rpstd-0.001_rkl-1.0e-4_tpstd-0.1_tkl-1.0e-3_fusion-static_logit gpu=1
[done] stage=core dataset=dtd shot=16 seed=1 tag=detbayesrt_epoch-80_rpstd-0.001_rkl-1.0e-5_tpstd-0.01_tkl-5.0e-2_fusion-static_logit gpu=1
[launch] stage=core dataset=dtd shot=16 seed=1 tag=detbayesrt_epoch-80_rpstd-0.001_rkl-1.0e-4_tpstd-0.01_tkl-5.0e-2_fusion-static_logit gpu=1
[done] stage=core dataset=dtd shot=16 seed=1 tag=detbayesrt_epoch-80_rpstd-0.001_rkl-1.0e-5_tpstd-0.01_tkl-1.0e-2_fusion-static_logit gpu=2
[done] stage=core dataset=dtd shot=16 seed=1 tag=detbayesrt_epoch-80_rpstd-0.001_rkl-1.0e-5_tpstd-0.01_tkl-1.0e-3_fusion-static_logit gpu=2
[launch] stage=core dataset=dtd shot=16 seed=1 tag=detbayesrt_epoch-80_rpstd-0.001_rkl-1.0e-4_tpstd-0.01_tkl-1.0e-2_fusion-static_logit gpu=2
[launch] stage=core dataset=dtd shot=16 seed=1 tag=detbayesrt_epoch-80_rpstd-0.001_rkl-1.0e-4_tpstd-0.01_tkl-1.0e-3_fusion-static_logit gpu=2
[done] stage=core dataset=dtd shot=16 seed=1 tag=detbayesrt_epoch-80_rpstd-0.001_rkl-1.0e-5_tpstd-0.001_tkl-1.0e-3_fusion-static_logit gpu=2
[launch] stage=core dataset=dtd shot=16 seed=1 tag=detbayesrt_epoch-80_rpstd-0.001_rkl-1.0e-4_tpstd-0.001_tkl-5.0e-2_fusion-static_logit gpu=2
[done] stage=core dataset=dtd shot=16 seed=1 tag=detbayesrt_epoch-80_rpstd-0.001_rkl-1.0e-5_tpstd-0.001_tkl-5.0e-2_fusion-static_logit gpu=0
[done] stage=core dataset=dtd shot=16 seed=1 tag=detbayesrt_epoch-80_rpstd-0.001_rkl-1.0e-5_tpstd-0.001_tkl-1.0e-2_fusion-static_logit gpu=0
[launch] stage=core dataset=dtd shot=16 seed=1 tag=detbayesrt_epoch-80_rpstd-0.001_rkl-1.0e-4_tpstd-0.001_tkl-1.0e-2_fusion-static_logit gpu=0
[launch] stage=core dataset=dtd shot=16 seed=1 tag=detbayesrt_epoch-80_rpstd-0.001_rkl-1.0e-4_tpstd-0.001_tkl-1.0e-3_fusion-static_logit gpu=0
[done] stage=core dataset=dtd shot=16 seed=1 tag=detbayesrt_epoch-80_rpstd-0.001_rkl-1.0e-4_tpstd-0.1_tkl-5.0e-2_fusion-static_logit gpu=1
[launch] stage=core dataset=dtd shot=16 seed=1 tag=detbayesrt_epoch-80_rpstd-0.001_rkl-1.0e-3_tpstd-0.1_tkl-5.0e-2_fusion-static_logit gpu=1
[done] stage=core dataset=dtd shot=16 seed=1 tag=detbayesrt_epoch-80_rpstd-0.001_rkl-1.0e-4_tpstd-0.1_tkl-1.0e-2_fusion-static_logit gpu=0
[launch] stage=core dataset=dtd shot=16 seed=1 tag=detbayesrt_epoch-80_rpstd-0.001_rkl-1.0e-3_tpstd-0.1_tkl-1.0e-2_fusion-static_logit gpu=0
[done] stage=core dataset=dtd shot=16 seed=1 tag=detbayesrt_epoch-80_rpstd-0.001_rkl-1.0e-4_tpstd-0.01_tkl-5.0e-2_fusion-static_logit gpu=1
[done] stage=core dataset=dtd shot=16 seed=1 tag=detbayesrt_epoch-80_rpstd-0.001_rkl-1.0e-4_tpstd-0.1_tkl-1.0e-3_fusion-static_logit gpu=1
[launch] stage=core dataset=dtd shot=16 seed=1 tag=detbayesrt_epoch-80_rpstd-0.001_rkl-1.0e-3_tpstd-0.1_tkl-1.0e-3_fusion-static_logit gpu=1
[launch] stage=core dataset=dtd shot=16 seed=1 tag=detbayesrt_epoch-80_rpstd-0.001_rkl-1.0e-3_tpstd-0.01_tkl-5.0e-2_fusion-static_logit gpu=1
[done] stage=core dataset=dtd shot=16 seed=1 tag=detbayesrt_epoch-80_rpstd-0.001_rkl-1.0e-4_tpstd-0.01_tkl-1.0e-2_fusion-static_logit gpu=2
[launch] stage=core dataset=dtd shot=16 seed=1 tag=detbayesrt_epoch-80_rpstd-0.001_rkl-1.0e-3_tpstd-0.01_tkl-1.0e-2_fusion-static_logit gpu=2
[done] stage=core dataset=dtd shot=16 seed=1 tag=detbayesrt_epoch-80_rpstd-0.001_rkl-1.0e-4_tpstd-0.01_tkl-1.0e-3_fusion-static_logit gpu=2
[launch] stage=core dataset=dtd shot=16 seed=1 tag=detbayesrt_epoch-80_rpstd-0.001_rkl-1.0e-3_tpstd-0.01_tkl-1.0e-3_fusion-static_logit gpu=2
[done] stage=core dataset=dtd shot=16 seed=1 tag=detbayesrt_epoch-80_rpstd-0.001_rkl-1.0e-4_tpstd-0.001_tkl-5.0e-2_fusion-static_logit gpu=2
[launch] stage=core dataset=dtd shot=16 seed=1 tag=detbayesrt_epoch-80_rpstd-0.001_rkl-1.0e-3_tpstd-0.001_tkl-5.0e-2_fusion-static_logit gpu=2
[done] stage=core dataset=dtd shot=16 seed=1 tag=detbayesrt_epoch-80_rpstd-0.001_rkl-1.0e-4_tpstd-0.001_tkl-1.0e-2_fusion-static_logit gpu=0
[launch] stage=core dataset=dtd shot=16 seed=1 tag=detbayesrt_epoch-80_rpstd-0.001_rkl-1.0e-3_tpstd-0.001_tkl-1.0e-2_fusion-static_logit gpu=0
[done] stage=core dataset=dtd shot=16 seed=1 tag=detbayesrt_epoch-80_rpstd-0.001_rkl-1.0e-4_tpstd-0.001_tkl-1.0e-3_fusion-static_logit gpu=0
[launch] stage=core dataset=dtd shot=16 seed=1 tag=detbayesrt_epoch-80_rpstd-0.001_rkl-1.0e-3_tpstd-0.001_tkl-1.0e-3_fusion-static_logit gpu=0
[done] stage=core dataset=dtd shot=16 seed=1 tag=detbayesrt_epoch-80_rpstd-0.001_rkl-1.0e-3_tpstd-0.1_tkl-5.0e-2_fusion-static_logit gpu=1
[launch] stage=core dataset=eurosat shot=1 seed=1 tag=detbayesrt_epoch-80_rpstd-0.1_rkl-1.0e-5_tpstd-0.1_tkl-5.0e-2_fusion-static_logit gpu=1
[done] stage=core dataset=dtd shot=16 seed=1 tag=detbayesrt_epoch-80_rpstd-0.001_rkl-1.0e-3_tpstd-0.1_tkl-1.0e-2_fusion-static_logit gpu=0
[launch] stage=core dataset=eurosat shot=1 seed=1 tag=detbayesrt_epoch-80_rpstd-0.1_rkl-1.0e-5_tpstd-0.1_tkl-1.0e-2_fusion-static_logit gpu=0
[done] stage=core dataset=dtd shot=16 seed=1 tag=detbayesrt_epoch-80_rpstd-0.001_rkl-1.0e-3_tpstd-0.1_tkl-1.0e-3_fusion-static_logit gpu=1
[done] stage=core dataset=dtd shot=16 seed=1 tag=detbayesrt_epoch-80_rpstd-0.001_rkl-1.0e-3_tpstd-0.01_tkl-5.0e-2_fusion-static_logit gpu=1
[launch] stage=core dataset=eurosat shot=1 seed=1 tag=detbayesrt_epoch-80_rpstd-0.1_rkl-1.0e-5_tpstd-0.1_tkl-1.0e-3_fusion-static_logit gpu=1
[launch] stage=core dataset=eurosat shot=1 seed=1 tag=detbayesrt_epoch-80_rpstd-0.1_rkl-1.0e-5_tpstd-0.01_tkl-5.0e-2_fusion-static_logit gpu=1
[done] stage=core dataset=eurosat shot=1 seed=1 tag=detbayesrt_epoch-80_rpstd-0.1_rkl-1.0e-5_tpstd-0.1_tkl-5.0e-2_fusion-static_logit gpu=1
[launch] stage=core dataset=eurosat shot=1 seed=1 tag=detbayesrt_epoch-80_rpstd-0.1_rkl-1.0e-5_tpstd-0.01_tkl-1.0e-2_fusion-static_logit gpu=1
[done] stage=core dataset=eurosat shot=1 seed=1 tag=detbayesrt_epoch-80_rpstd-0.1_rkl-1.0e-5_tpstd-0.1_tkl-1.0e-2_fusion-static_logit gpu=0
[launch] stage=core dataset=eurosat shot=1 seed=1 tag=detbayesrt_epoch-80_rpstd-0.1_rkl-1.0e-5_tpstd-0.01_tkl-1.0e-3_fusion-static_logit gpu=0
[done] stage=core dataset=eurosat shot=1 seed=1 tag=detbayesrt_epoch-80_rpstd-0.1_rkl-1.0e-5_tpstd-0.1_tkl-1.0e-3_fusion-static_logit gpu=1
[done] stage=core dataset=eurosat shot=1 seed=1 tag=detbayesrt_epoch-80_rpstd-0.1_rkl-1.0e-5_tpstd-0.01_tkl-5.0e-2_fusion-static_logit gpu=1
[launch] stage=core dataset=eurosat shot=1 seed=1 tag=detbayesrt_epoch-80_rpstd-0.1_rkl-1.0e-5_tpstd-0.001_tkl-5.0e-2_fusion-static_logit gpu=1
[launch] stage=core dataset=eurosat shot=1 seed=1 tag=detbayesrt_epoch-80_rpstd-0.1_rkl-1.0e-5_tpstd-0.001_tkl-1.0e-2_fusion-static_logit gpu=1
[done] stage=core dataset=eurosat shot=1 seed=1 tag=detbayesrt_epoch-80_rpstd-0.1_rkl-1.0e-5_tpstd-0.01_tkl-1.0e-2_fusion-static_logit gpu=1
[launch] stage=core dataset=eurosat shot=1 seed=1 tag=detbayesrt_epoch-80_rpstd-0.1_rkl-1.0e-5_tpstd-0.001_tkl-1.0e-3_fusion-static_logit gpu=1
[done] stage=core dataset=dtd shot=16 seed=1 tag=detbayesrt_epoch-80_rpstd-0.001_rkl-1.0e-3_tpstd-0.01_tkl-1.0e-3_fusion-static_logit gpu=2
[launch] stage=core dataset=eurosat shot=1 seed=1 tag=detbayesrt_epoch-80_rpstd-0.1_rkl-1.0e-4_tpstd-0.1_tkl-5.0e-2_fusion-static_logit gpu=2
[done] stage=core dataset=dtd shot=16 seed=1 tag=detbayesrt_epoch-80_rpstd-0.001_rkl-1.0e-3_tpstd-0.001_tkl-1.0e-3_fusion-static_logit gpu=0
[done] stage=core dataset=dtd shot=16 seed=1 tag=detbayesrt_epoch-80_rpstd-0.001_rkl-1.0e-3_tpstd-0.01_tkl-1.0e-2_fusion-static_logit gpu=2
[done] stage=core dataset=dtd shot=16 seed=1 tag=detbayesrt_epoch-80_rpstd-0.001_rkl-1.0e-3_tpstd-0.001_tkl-5.0e-2_fusion-static_logit gpu=2
[launch] stage=core dataset=eurosat shot=1 seed=1 tag=detbayesrt_epoch-80_rpstd-0.1_rkl-1.0e-4_tpstd-0.1_tkl-1.0e-2_fusion-static_logit gpu=0
[launch] stage=core dataset=eurosat shot=1 seed=1 tag=detbayesrt_epoch-80_rpstd-0.1_rkl-1.0e-4_tpstd-0.1_tkl-1.0e-3_fusion-static_logit gpu=2
[done] stage=core dataset=dtd shot=16 seed=1 tag=detbayesrt_epoch-80_rpstd-0.001_rkl-1.0e-3_tpstd-0.001_tkl-1.0e-2_fusion-static_logit gpu=0
[launch] stage=core dataset=eurosat shot=1 seed=1 tag=detbayesrt_epoch-80_rpstd-0.1_rkl-1.0e-4_tpstd-0.01_tkl-5.0e-2_fusion-static_logit gpu=0
[launch] stage=core dataset=eurosat shot=1 seed=1 tag=detbayesrt_epoch-80_rpstd-0.1_rkl-1.0e-4_tpstd-0.01_tkl-1.0e-2_fusion-static_logit gpu=2
[done] stage=core dataset=eurosat shot=1 seed=1 tag=detbayesrt_epoch-80_rpstd-0.1_rkl-1.0e-5_tpstd-0.01_tkl-1.0e-3_fusion-static_logit gpu=0
[launch] stage=core dataset=eurosat shot=1 seed=1 tag=detbayesrt_epoch-80_rpstd-0.1_rkl-1.0e-4_tpstd-0.01_tkl-1.0e-3_fusion-static_logit gpu=0
[done] stage=core dataset=eurosat shot=1 seed=1 tag=detbayesrt_epoch-80_rpstd-0.1_rkl-1.0e-5_tpstd-0.001_tkl-5.0e-2_fusion-static_logit gpu=1
[launch] stage=core dataset=eurosat shot=1 seed=1 tag=detbayesrt_epoch-80_rpstd-0.1_rkl-1.0e-4_tpstd-0.001_tkl-5.0e-2_fusion-static_logit gpu=1
[done] stage=core dataset=eurosat shot=1 seed=1 tag=detbayesrt_epoch-80_rpstd-0.1_rkl-1.0e-4_tpstd-0.01_tkl-5.0e-2_fusion-static_logit gpu=0
[done] stage=core dataset=eurosat shot=1 seed=1 tag=detbayesrt_epoch-80_rpstd-0.1_rkl-1.0e-4_tpstd-0.1_tkl-1.0e-2_fusion-static_logit gpu=0
[done] stage=core dataset=eurosat shot=1 seed=1 tag=detbayesrt_epoch-80_rpstd-0.1_rkl-1.0e-5_tpstd-0.001_tkl-1.0e-2_fusion-static_logit gpu=1
[done] stage=core dataset=eurosat shot=1 seed=1 tag=detbayesrt_epoch-80_rpstd-0.1_rkl-1.0e-5_tpstd-0.001_tkl-1.0e-3_fusion-static_logit gpu=1
[launch] stage=core dataset=eurosat shot=1 seed=1 tag=detbayesrt_epoch-80_rpstd-0.1_rkl-1.0e-4_tpstd-0.001_tkl-1.0e-2_fusion-static_logit gpu=0
[launch] stage=core dataset=eurosat shot=1 seed=1 tag=detbayesrt_epoch-80_rpstd-0.1_rkl-1.0e-4_tpstd-0.001_tkl-1.0e-3_fusion-static_logit gpu=0
[launch] stage=core dataset=eurosat shot=1 seed=1 tag=detbayesrt_epoch-80_rpstd-0.1_rkl-1.0e-3_tpstd-0.1_tkl-5.0e-2_fusion-static_logit gpu=1
[launch] stage=core dataset=eurosat shot=1 seed=1 tag=detbayesrt_epoch-80_rpstd-0.1_rkl-1.0e-3_tpstd-0.1_tkl-1.0e-2_fusion-static_logit gpu=1
[done] stage=core dataset=eurosat shot=1 seed=1 tag=detbayesrt_epoch-80_rpstd-0.1_rkl-1.0e-4_tpstd-0.1_tkl-5.0e-2_fusion-static_logit gpu=2
[launch] stage=core dataset=eurosat shot=1 seed=1 tag=detbayesrt_epoch-80_rpstd-0.1_rkl-1.0e-3_tpstd-0.1_tkl-1.0e-3_fusion-static_logit gpu=2
[done] stage=core dataset=eurosat shot=1 seed=1 tag=detbayesrt_epoch-80_rpstd-0.1_rkl-1.0e-4_tpstd-0.1_tkl-1.0e-3_fusion-static_logit gpu=2
[done] stage=core dataset=eurosat shot=1 seed=1 tag=detbayesrt_epoch-80_rpstd-0.1_rkl-1.0e-4_tpstd-0.01_tkl-1.0e-2_fusion-static_logit gpu=2
[launch] stage=core dataset=eurosat shot=1 seed=1 tag=detbayesrt_epoch-80_rpstd-0.1_rkl-1.0e-3_tpstd-0.01_tkl-5.0e-2_fusion-static_logit gpu=2
[launch] stage=core dataset=eurosat shot=1 seed=1 tag=detbayesrt_epoch-80_rpstd-0.1_rkl-1.0e-3_tpstd-0.01_tkl-1.0e-2_fusion-static_logit gpu=2
[done] stage=core dataset=eurosat shot=1 seed=1 tag=detbayesrt_epoch-80_rpstd-0.1_rkl-1.0e-4_tpstd-0.01_tkl-1.0e-3_fusion-static_logit gpu=0
[launch] stage=core dataset=eurosat shot=1 seed=1 tag=detbayesrt_epoch-80_rpstd-0.1_rkl-1.0e-3_tpstd-0.01_tkl-1.0e-3_fusion-static_logit gpu=0
[done] stage=core dataset=eurosat shot=1 seed=1 tag=detbayesrt_epoch-80_rpstd-0.1_rkl-1.0e-4_tpstd-0.001_tkl-1.0e-2_fusion-static_logit gpu=0
[done] stage=core dataset=eurosat shot=1 seed=1 tag=detbayesrt_epoch-80_rpstd-0.1_rkl-1.0e-4_tpstd-0.001_tkl-1.0e-3_fusion-static_logit gpu=0
[launch] stage=core dataset=eurosat shot=1 seed=1 tag=detbayesrt_epoch-80_rpstd-0.1_rkl-1.0e-3_tpstd-0.001_tkl-5.0e-2_fusion-static_logit gpu=0
[launch] stage=core dataset=eurosat shot=1 seed=1 tag=detbayesrt_epoch-80_rpstd-0.1_rkl-1.0e-3_tpstd-0.001_tkl-1.0e-2_fusion-static_logit gpu=0
[done] stage=core dataset=eurosat shot=1 seed=1 tag=detbayesrt_epoch-80_rpstd-0.1_rkl-1.0e-4_tpstd-0.001_tkl-5.0e-2_fusion-static_logit gpu=1
[done] stage=core dataset=eurosat shot=1 seed=1 tag=detbayesrt_epoch-80_rpstd-0.1_rkl-1.0e-3_tpstd-0.1_tkl-1.0e-2_fusion-static_logit gpu=1
[launch] stage=core dataset=eurosat shot=1 seed=1 tag=detbayesrt_epoch-80_rpstd-0.1_rkl-1.0e-3_tpstd-0.001_tkl-1.0e-3_fusion-static_logit gpu=1
[launch] stage=core dataset=eurosat shot=1 seed=1 tag=detbayesrt_epoch-80_rpstd-0.01_rkl-1.0e-5_tpstd-0.1_tkl-5.0e-2_fusion-static_logit gpu=1
[done] stage=core dataset=eurosat shot=1 seed=1 tag=detbayesrt_epoch-80_rpstd-0.1_rkl-1.0e-3_tpstd-0.1_tkl-5.0e-2_fusion-static_logit gpu=1
[launch] stage=core dataset=eurosat shot=1 seed=1 tag=detbayesrt_epoch-80_rpstd-0.01_rkl-1.0e-5_tpstd-0.1_tkl-1.0e-2_fusion-static_logit gpu=1
[done] stage=core dataset=eurosat shot=1 seed=1 tag=detbayesrt_epoch-80_rpstd-0.1_rkl-1.0e-3_tpstd-0.1_tkl-1.0e-3_fusion-static_logit gpu=2
[launch] stage=core dataset=eurosat shot=1 seed=1 tag=detbayesrt_epoch-80_rpstd-0.01_rkl-1.0e-5_tpstd-0.1_tkl-1.0e-3_fusion-static_logit gpu=2
[done] stage=core dataset=eurosat shot=1 seed=1 tag=detbayesrt_epoch-80_rpstd-0.1_rkl-1.0e-3_tpstd-0.01_tkl-5.0e-2_fusion-static_logit gpu=2
[done] stage=core dataset=eurosat shot=1 seed=1 tag=detbayesrt_epoch-80_rpstd-0.1_rkl-1.0e-3_tpstd-0.01_tkl-1.0e-2_fusion-static_logit gpu=2
[launch] stage=core dataset=eurosat shot=1 seed=1 tag=detbayesrt_epoch-80_rpstd-0.01_rkl-1.0e-5_tpstd-0.01_tkl-5.0e-2_fusion-static_logit gpu=2
[launch] stage=core dataset=eurosat shot=1 seed=1 tag=detbayesrt_epoch-80_rpstd-0.01_rkl-1.0e-5_tpstd-0.01_tkl-1.0e-2_fusion-static_logit gpu=2
[done] stage=core dataset=eurosat shot=1 seed=1 tag=detbayesrt_epoch-80_rpstd-0.1_rkl-1.0e-3_tpstd-0.01_tkl-1.0e-3_fusion-static_logit gpu=0
[launch] stage=core dataset=eurosat shot=1 seed=1 tag=detbayesrt_epoch-80_rpstd-0.01_rkl-1.0e-5_tpstd-0.01_tkl-1.0e-3_fusion-static_logit gpu=0
[done] stage=core dataset=eurosat shot=1 seed=1 tag=detbayesrt_epoch-80_rpstd-0.1_rkl-1.0e-3_tpstd-0.001_tkl-1.0e-2_fusion-static_logit gpu=0
[launch] stage=core dataset=eurosat shot=1 seed=1 tag=detbayesrt_epoch-80_rpstd-0.01_rkl-1.0e-5_tpstd-0.001_tkl-5.0e-2_fusion-static_logit gpu=0
[done] stage=core dataset=eurosat shot=1 seed=1 tag=detbayesrt_epoch-80_rpstd-0.1_rkl-1.0e-3_tpstd-0.001_tkl-5.0e-2_fusion-static_logit gpu=0
[launch] stage=core dataset=eurosat shot=1 seed=1 tag=detbayesrt_epoch-80_rpstd-0.01_rkl-1.0e-5_tpstd-0.001_tkl-1.0e-2_fusion-static_logit gpu=0
[done] stage=core dataset=eurosat shot=1 seed=1 tag=detbayesrt_epoch-80_rpstd-0.01_rkl-1.0e-5_tpstd-0.01_tkl-1.0e-3_fusion-static_logit gpu=0
[launch] stage=core dataset=eurosat shot=1 seed=1 tag=detbayesrt_epoch-80_rpstd-0.01_rkl-1.0e-5_tpstd-0.001_tkl-1.0e-3_fusion-static_logit gpu=0
[done] stage=core dataset=eurosat shot=1 seed=1 tag=detbayesrt_epoch-80_rpstd-0.01_rkl-1.0e-5_tpstd-0.1_tkl-5.0e-2_fusion-static_logit gpu=1
[launch] stage=core dataset=eurosat shot=1 seed=1 tag=detbayesrt_epoch-80_rpstd-0.01_rkl-1.0e-4_tpstd-0.1_tkl-5.0e-2_fusion-static_logit gpu=1
[done] stage=core dataset=eurosat shot=1 seed=1 tag=detbayesrt_epoch-80_rpstd-0.1_rkl-1.0e-3_tpstd-0.001_tkl-1.0e-3_fusion-static_logit gpu=1
[done] stage=core dataset=eurosat shot=1 seed=1 tag=detbayesrt_epoch-80_rpstd-0.01_rkl-1.0e-5_tpstd-0.1_tkl-1.0e-2_fusion-static_logit gpu=1
[launch] stage=core dataset=eurosat shot=1 seed=1 tag=detbayesrt_epoch-80_rpstd-0.01_rkl-1.0e-4_tpstd-0.1_tkl-1.0e-2_fusion-static_logit gpu=1
[launch] stage=core dataset=eurosat shot=1 seed=1 tag=detbayesrt_epoch-80_rpstd-0.01_rkl-1.0e-4_tpstd-0.1_tkl-1.0e-3_fusion-static_logit gpu=1
[done] stage=core dataset=eurosat shot=1 seed=1 tag=detbayesrt_epoch-80_rpstd-0.01_rkl-1.0e-5_tpstd-0.01_tkl-5.0e-2_fusion-static_logit gpu=2
[launch] stage=core dataset=eurosat shot=1 seed=1 tag=detbayesrt_epoch-80_rpstd-0.01_rkl-1.0e-4_tpstd-0.01_tkl-5.0e-2_fusion-static_logit gpu=2
[done] stage=core dataset=eurosat shot=1 seed=1 tag=detbayesrt_epoch-80_rpstd-0.01_rkl-1.0e-5_tpstd-0.01_tkl-1.0e-2_fusion-static_logit gpu=2
[done] stage=core dataset=eurosat shot=1 seed=1 tag=detbayesrt_epoch-80_rpstd-0.01_rkl-1.0e-5_tpstd-0.1_tkl-1.0e-3_fusion-static_logit gpu=2
[launch] stage=core dataset=eurosat shot=1 seed=1 tag=detbayesrt_epoch-80_rpstd-0.01_rkl-1.0e-4_tpstd-0.01_tkl-1.0e-2_fusion-static_logit gpu=2
[launch] stage=core dataset=eurosat shot=1 seed=1 tag=detbayesrt_epoch-80_rpstd-0.01_rkl-1.0e-4_tpstd-0.01_tkl-1.0e-3_fusion-static_logit gpu=2
[done] stage=core dataset=eurosat shot=1 seed=1 tag=detbayesrt_epoch-80_rpstd-0.01_rkl-1.0e-5_tpstd-0.001_tkl-5.0e-2_fusion-static_logit gpu=0
[launch] stage=core dataset=eurosat shot=1 seed=1 tag=detbayesrt_epoch-80_rpstd-0.01_rkl-1.0e-4_tpstd-0.001_tkl-5.0e-2_fusion-static_logit gpu=0
[done] stage=core dataset=eurosat shot=1 seed=1 tag=detbayesrt_epoch-80_rpstd-0.01_rkl-1.0e-5_tpstd-0.001_tkl-1.0e-2_fusion-static_logit gpu=0
[launch] stage=core dataset=eurosat shot=1 seed=1 tag=detbayesrt_epoch-80_rpstd-0.01_rkl-1.0e-4_tpstd-0.001_tkl-1.0e-2_fusion-static_logit gpu=0
[done] stage=core dataset=eurosat shot=1 seed=1 tag=detbayesrt_epoch-80_rpstd-0.01_rkl-1.0e-5_tpstd-0.001_tkl-1.0e-3_fusion-static_logit gpu=0
[launch] stage=core dataset=eurosat shot=1 seed=1 tag=detbayesrt_epoch-80_rpstd-0.01_rkl-1.0e-4_tpstd-0.001_tkl-1.0e-3_fusion-static_logit gpu=0
[done] stage=core dataset=eurosat shot=1 seed=1 tag=detbayesrt_epoch-80_rpstd-0.01_rkl-1.0e-4_tpstd-0.1_tkl-5.0e-2_fusion-static_logit gpu=1
[launch] stage=core dataset=eurosat shot=1 seed=1 tag=detbayesrt_epoch-80_rpstd-0.01_rkl-1.0e-3_tpstd-0.1_tkl-5.0e-2_fusion-static_logit gpu=1
[done] stage=core dataset=eurosat shot=1 seed=1 tag=detbayesrt_epoch-80_rpstd-0.01_rkl-1.0e-4_tpstd-0.1_tkl-1.0e-2_fusion-static_logit gpu=1
[done] stage=core dataset=eurosat shot=1 seed=1 tag=detbayesrt_epoch-80_rpstd-0.01_rkl-1.0e-4_tpstd-0.1_tkl-1.0e-3_fusion-static_logit gpu=1
[launch] stage=core dataset=eurosat shot=1 seed=1 tag=detbayesrt_epoch-80_rpstd-0.01_rkl-1.0e-3_tpstd-0.1_tkl-1.0e-2_fusion-static_logit gpu=1
[launch] stage=core dataset=eurosat shot=1 seed=1 tag=detbayesrt_epoch-80_rpstd-0.01_rkl-1.0e-3_tpstd-0.1_tkl-1.0e-3_fusion-static_logit gpu=1
[done] stage=core dataset=eurosat shot=1 seed=1 tag=detbayesrt_epoch-80_rpstd-0.01_rkl-1.0e-4_tpstd-0.01_tkl-5.0e-2_fusion-static_logit gpu=2
[launch] stage=core dataset=eurosat shot=1 seed=1 tag=detbayesrt_epoch-80_rpstd-0.01_rkl-1.0e-3_tpstd-0.01_tkl-5.0e-2_fusion-static_logit gpu=2
[done] stage=core dataset=eurosat shot=1 seed=1 tag=detbayesrt_epoch-80_rpstd-0.01_rkl-1.0e-4_tpstd-0.01_tkl-1.0e-2_fusion-static_logit gpu=2
[done] stage=core dataset=eurosat shot=1 seed=1 tag=detbayesrt_epoch-80_rpstd-0.01_rkl-1.0e-4_tpstd-0.01_tkl-1.0e-3_fusion-static_logit gpu=2
[launch] stage=core dataset=eurosat shot=1 seed=1 tag=detbayesrt_epoch-80_rpstd-0.01_rkl-1.0e-3_tpstd-0.01_tkl-1.0e-2_fusion-static_logit gpu=2
[launch] stage=core dataset=eurosat shot=1 seed=1 tag=detbayesrt_epoch-80_rpstd-0.01_rkl-1.0e-3_tpstd-0.01_tkl-1.0e-3_fusion-static_logit gpu=2
[done] stage=core dataset=eurosat shot=1 seed=1 tag=detbayesrt_epoch-80_rpstd-0.01_rkl-1.0e-4_tpstd-0.001_tkl-5.0e-2_fusion-static_logit gpu=0
[launch] stage=core dataset=eurosat shot=1 seed=1 tag=detbayesrt_epoch-80_rpstd-0.01_rkl-1.0e-3_tpstd-0.001_tkl-5.0e-2_fusion-static_logit gpu=0
[done] stage=core dataset=eurosat shot=1 seed=1 tag=detbayesrt_epoch-80_rpstd-0.01_rkl-1.0e-4_tpstd-0.001_tkl-1.0e-3_fusion-static_logit gpu=0
[done] stage=core dataset=eurosat shot=1 seed=1 tag=detbayesrt_epoch-80_rpstd-0.01_rkl-1.0e-4_tpstd-0.001_tkl-1.0e-2_fusion-static_logit gpu=0
[launch] stage=core dataset=eurosat shot=1 seed=1 tag=detbayesrt_epoch-80_rpstd-0.01_rkl-1.0e-3_tpstd-0.001_tkl-1.0e-2_fusion-static_logit gpu=0
[launch] stage=core dataset=eurosat shot=1 seed=1 tag=detbayesrt_epoch-80_rpstd-0.01_rkl-1.0e-3_tpstd-0.001_tkl-1.0e-3_fusion-static_logit gpu=0
[done] stage=core dataset=eurosat shot=1 seed=1 tag=detbayesrt_epoch-80_rpstd-0.01_rkl-1.0e-3_tpstd-0.1_tkl-1.0e-2_fusion-static_logit gpu=1
[done] stage=core dataset=eurosat shot=1 seed=1 tag=detbayesrt_epoch-80_rpstd-0.01_rkl-1.0e-3_tpstd-0.1_tkl-1.0e-3_fusion-static_logit gpu=1
[done] stage=core dataset=eurosat shot=1 seed=1 tag=detbayesrt_epoch-80_rpstd-0.01_rkl-1.0e-3_tpstd-0.1_tkl-5.0e-2_fusion-static_logit gpu=1
[launch] stage=core dataset=eurosat shot=1 seed=1 tag=detbayesrt_epoch-80_rpstd-0.001_rkl-1.0e-5_tpstd-0.1_tkl-5.0e-2_fusion-static_logit gpu=1
[launch] stage=core dataset=eurosat shot=1 seed=1 tag=detbayesrt_epoch-80_rpstd-0.001_rkl-1.0e-5_tpstd-0.1_tkl-1.0e-2_fusion-static_logit gpu=1
[launch] stage=core dataset=eurosat shot=1 seed=1 tag=detbayesrt_epoch-80_rpstd-0.001_rkl-1.0e-5_tpstd-0.1_tkl-1.0e-3_fusion-static_logit gpu=1
[done] stage=core dataset=eurosat shot=1 seed=1 tag=detbayesrt_epoch-80_rpstd-0.01_rkl-1.0e-3_tpstd-0.01_tkl-5.0e-2_fusion-static_logit gpu=2
[done] stage=core dataset=eurosat shot=1 seed=1 tag=detbayesrt_epoch-80_rpstd-0.01_rkl-1.0e-3_tpstd-0.01_tkl-1.0e-2_fusion-static_logit gpu=2
[done] stage=core dataset=eurosat shot=1 seed=1 tag=detbayesrt_epoch-80_rpstd-0.01_rkl-1.0e-3_tpstd-0.01_tkl-1.0e-3_fusion-static_logit gpu=2
[launch] stage=core dataset=eurosat shot=1 seed=1 tag=detbayesrt_epoch-80_rpstd-0.001_rkl-1.0e-5_tpstd-0.01_tkl-5.0e-2_fusion-static_logit gpu=2
[launch] stage=core dataset=eurosat shot=1 seed=1 tag=detbayesrt_epoch-80_rpstd-0.001_rkl-1.0e-5_tpstd-0.01_tkl-1.0e-2_fusion-static_logit gpu=2
[launch] stage=core dataset=eurosat shot=1 seed=1 tag=detbayesrt_epoch-80_rpstd-0.001_rkl-1.0e-5_tpstd-0.01_tkl-1.0e-3_fusion-static_logit gpu=2
[done] stage=core dataset=eurosat shot=1 seed=1 tag=detbayesrt_epoch-80_rpstd-0.01_rkl-1.0e-3_tpstd-0.001_tkl-5.0e-2_fusion-static_logit gpu=0
[launch] stage=core dataset=eurosat shot=1 seed=1 tag=detbayesrt_epoch-80_rpstd-0.001_rkl-1.0e-5_tpstd-0.001_tkl-5.0e-2_fusion-static_logit gpu=0
[done] stage=core dataset=eurosat shot=1 seed=1 tag=detbayesrt_epoch-80_rpstd-0.01_rkl-1.0e-3_tpstd-0.001_tkl-1.0e-2_fusion-static_logit gpu=0
[done] stage=core dataset=eurosat shot=1 seed=1 tag=detbayesrt_epoch-80_rpstd-0.01_rkl-1.0e-3_tpstd-0.001_tkl-1.0e-3_fusion-static_logit gpu=0
[launch] stage=core dataset=eurosat shot=1 seed=1 tag=detbayesrt_epoch-80_rpstd-0.001_rkl-1.0e-5_tpstd-0.001_tkl-1.0e-2_fusion-static_logit gpu=0
[launch] stage=core dataset=eurosat shot=1 seed=1 tag=detbayesrt_epoch-80_rpstd-0.001_rkl-1.0e-5_tpstd-0.001_tkl-1.0e-3_fusion-static_logit gpu=0
[done] stage=core dataset=eurosat shot=1 seed=1 tag=detbayesrt_epoch-80_rpstd-0.001_rkl-1.0e-5_tpstd-0.1_tkl-5.0e-2_fusion-static_logit gpu=1
[done] stage=core dataset=eurosat shot=1 seed=1 tag=detbayesrt_epoch-80_rpstd-0.001_rkl-1.0e-5_tpstd-0.1_tkl-1.0e-2_fusion-static_logit gpu=1
[done] stage=core dataset=eurosat shot=1 seed=1 tag=detbayesrt_epoch-80_rpstd-0.001_rkl-1.0e-5_tpstd-0.1_tkl-1.0e-3_fusion-static_logit gpu=1
[launch] stage=core dataset=eurosat shot=1 seed=1 tag=detbayesrt_epoch-80_rpstd-0.001_rkl-1.0e-4_tpstd-0.1_tkl-5.0e-2_fusion-static_logit gpu=1
[launch] stage=core dataset=eurosat shot=1 seed=1 tag=detbayesrt_epoch-80_rpstd-0.001_rkl-1.0e-4_tpstd-0.1_tkl-1.0e-2_fusion-static_logit gpu=1
[launch] stage=core dataset=eurosat shot=1 seed=1 tag=detbayesrt_epoch-80_rpstd-0.001_rkl-1.0e-4_tpstd-0.1_tkl-1.0e-3_fusion-static_logit gpu=1
[done] stage=core dataset=eurosat shot=1 seed=1 tag=detbayesrt_epoch-80_rpstd-0.001_rkl-1.0e-5_tpstd-0.01_tkl-5.0e-2_fusion-static_logit gpu=2
[done] stage=core dataset=eurosat shot=1 seed=1 tag=detbayesrt_epoch-80_rpstd-0.001_rkl-1.0e-5_tpstd-0.01_tkl-1.0e-2_fusion-static_logit gpu=2
[launch] stage=core dataset=eurosat shot=1 seed=1 tag=detbayesrt_epoch-80_rpstd-0.001_rkl-1.0e-4_tpstd-0.01_tkl-5.0e-2_fusion-static_logit gpu=2
[launch] stage=core dataset=eurosat shot=1 seed=1 tag=detbayesrt_epoch-80_rpstd-0.001_rkl-1.0e-4_tpstd-0.01_tkl-1.0e-2_fusion-static_logit gpu=2
[done] stage=core dataset=eurosat shot=1 seed=1 tag=detbayesrt_epoch-80_rpstd-0.001_rkl-1.0e-5_tpstd-0.01_tkl-1.0e-3_fusion-static_logit gpu=2
[launch] stage=core dataset=eurosat shot=1 seed=1 tag=detbayesrt_epoch-80_rpstd-0.001_rkl-1.0e-4_tpstd-0.01_tkl-1.0e-3_fusion-static_logit gpu=2
[done] stage=core dataset=eurosat shot=1 seed=1 tag=detbayesrt_epoch-80_rpstd-0.001_rkl-1.0e-5_tpstd-0.001_tkl-5.0e-2_fusion-static_logit gpu=0
[launch] stage=core dataset=eurosat shot=1 seed=1 tag=detbayesrt_epoch-80_rpstd-0.001_rkl-1.0e-4_tpstd-0.001_tkl-5.0e-2_fusion-static_logit gpu=0
[done] stage=core dataset=eurosat shot=1 seed=1 tag=detbayesrt_epoch-80_rpstd-0.001_rkl-1.0e-5_tpstd-0.001_tkl-1.0e-2_fusion-static_logit gpu=0
[launch] stage=core dataset=eurosat shot=1 seed=1 tag=detbayesrt_epoch-80_rpstd-0.001_rkl-1.0e-4_tpstd-0.001_tkl-1.0e-2_fusion-static_logit gpu=0
[done] stage=core dataset=eurosat shot=1 seed=1 tag=detbayesrt_epoch-80_rpstd-0.001_rkl-1.0e-5_tpstd-0.001_tkl-1.0e-3_fusion-static_logit gpu=0
[launch] stage=core dataset=eurosat shot=1 seed=1 tag=detbayesrt_epoch-80_rpstd-0.001_rkl-1.0e-4_tpstd-0.001_tkl-1.0e-3_fusion-static_logit gpu=0
[done] stage=core dataset=eurosat shot=1 seed=1 tag=detbayesrt_epoch-80_rpstd-0.001_rkl-1.0e-4_tpstd-0.1_tkl-5.0e-2_fusion-static_logit gpu=1
[done] stage=core dataset=eurosat shot=1 seed=1 tag=detbayesrt_epoch-80_rpstd-0.001_rkl-1.0e-4_tpstd-0.1_tkl-1.0e-2_fusion-static_logit gpu=1
[launch] stage=core dataset=eurosat shot=1 seed=1 tag=detbayesrt_epoch-80_rpstd-0.001_rkl-1.0e-3_tpstd-0.1_tkl-5.0e-2_fusion-static_logit gpu=1
[launch] stage=core dataset=eurosat shot=1 seed=1 tag=detbayesrt_epoch-80_rpstd-0.001_rkl-1.0e-3_tpstd-0.1_tkl-1.0e-2_fusion-static_logit gpu=1
[done] stage=core dataset=eurosat shot=1 seed=1 tag=detbayesrt_epoch-80_rpstd-0.001_rkl-1.0e-4_tpstd-0.1_tkl-1.0e-3_fusion-static_logit gpu=1
[launch] stage=core dataset=eurosat shot=1 seed=1 tag=detbayesrt_epoch-80_rpstd-0.001_rkl-1.0e-3_tpstd-0.1_tkl-1.0e-3_fusion-static_logit gpu=1
[done] stage=core dataset=eurosat shot=1 seed=1 tag=detbayesrt_epoch-80_rpstd-0.001_rkl-1.0e-4_tpstd-0.01_tkl-5.0e-2_fusion-static_logit gpu=2
[done] stage=core dataset=eurosat shot=1 seed=1 tag=detbayesrt_epoch-80_rpstd-0.001_rkl-1.0e-4_tpstd-0.01_tkl-1.0e-2_fusion-static_logit gpu=2
[done] stage=core dataset=eurosat shot=1 seed=1 tag=detbayesrt_epoch-80_rpstd-0.001_rkl-1.0e-4_tpstd-0.01_tkl-1.0e-3_fusion-static_logit gpu=2
[launch] stage=core dataset=eurosat shot=1 seed=1 tag=detbayesrt_epoch-80_rpstd-0.001_rkl-1.0e-3_tpstd-0.01_tkl-5.0e-2_fusion-static_logit gpu=2
[launch] stage=core dataset=eurosat shot=1 seed=1 tag=detbayesrt_epoch-80_rpstd-0.001_rkl-1.0e-3_tpstd-0.01_tkl-1.0e-2_fusion-static_logit gpu=2
[launch] stage=core dataset=eurosat shot=1 seed=1 tag=detbayesrt_epoch-80_rpstd-0.001_rkl-1.0e-3_tpstd-0.01_tkl-1.0e-3_fusion-static_logit gpu=2
[done] stage=core dataset=eurosat shot=1 seed=1 tag=detbayesrt_epoch-80_rpstd-0.001_rkl-1.0e-4_tpstd-0.001_tkl-5.0e-2_fusion-static_logit gpu=0
[launch] stage=core dataset=eurosat shot=1 seed=1 tag=detbayesrt_epoch-80_rpstd-0.001_rkl-1.0e-3_tpstd-0.001_tkl-5.0e-2_fusion-static_logit gpu=0
[done] stage=core dataset=eurosat shot=1 seed=1 tag=detbayesrt_epoch-80_rpstd-0.001_rkl-1.0e-4_tpstd-0.001_tkl-1.0e-2_fusion-static_logit gpu=0
[launch] stage=core dataset=eurosat shot=1 seed=1 tag=detbayesrt_epoch-80_rpstd-0.001_rkl-1.0e-3_tpstd-0.001_tkl-1.0e-2_fusion-static_logit gpu=0
[done] stage=core dataset=eurosat shot=1 seed=1 tag=detbayesrt_epoch-80_rpstd-0.001_rkl-1.0e-4_tpstd-0.001_tkl-1.0e-3_fusion-static_logit gpu=0
[launch] stage=core dataset=eurosat shot=1 seed=1 tag=detbayesrt_epoch-80_rpstd-0.001_rkl-1.0e-3_tpstd-0.001_tkl-1.0e-3_fusion-static_logit gpu=0
[done] stage=core dataset=eurosat shot=1 seed=1 tag=detbayesrt_epoch-80_rpstd-0.001_rkl-1.0e-3_tpstd-0.1_tkl-5.0e-2_fusion-static_logit gpu=1
[done] stage=core dataset=eurosat shot=1 seed=1 tag=detbayesrt_epoch-80_rpstd-0.001_rkl-1.0e-3_tpstd-0.1_tkl-1.0e-2_fusion-static_logit gpu=1
[done] stage=core dataset=eurosat shot=1 seed=1 tag=detbayesrt_epoch-80_rpstd-0.001_rkl-1.0e-3_tpstd-0.1_tkl-1.0e-3_fusion-static_logit gpu=1
[launch] stage=core dataset=eurosat shot=4 seed=1 tag=detbayesrt_epoch-80_rpstd-0.1_rkl-1.0e-5_tpstd-0.1_tkl-5.0e-2_fusion-static_logit gpu=1
[launch] stage=core dataset=eurosat shot=4 seed=1 tag=detbayesrt_epoch-80_rpstd-0.1_rkl-1.0e-5_tpstd-0.1_tkl-1.0e-2_fusion-static_logit gpu=1
[launch] stage=core dataset=eurosat shot=4 seed=1 tag=detbayesrt_epoch-80_rpstd-0.1_rkl-1.0e-5_tpstd-0.1_tkl-1.0e-3_fusion-static_logit gpu=1
[done] stage=core dataset=eurosat shot=1 seed=1 tag=detbayesrt_epoch-80_rpstd-0.001_rkl-1.0e-3_tpstd-0.01_tkl-5.0e-2_fusion-static_logit gpu=2
[done] stage=core dataset=eurosat shot=1 seed=1 tag=detbayesrt_epoch-80_rpstd-0.001_rkl-1.0e-3_tpstd-0.01_tkl-1.0e-2_fusion-static_logit gpu=2
[done] stage=core dataset=eurosat shot=1 seed=1 tag=detbayesrt_epoch-80_rpstd-0.001_rkl-1.0e-3_tpstd-0.01_tkl-1.0e-3_fusion-static_logit gpu=2
[launch] stage=core dataset=eurosat shot=4 seed=1 tag=detbayesrt_epoch-80_rpstd-0.1_rkl-1.0e-5_tpstd-0.01_tkl-5.0e-2_fusion-static_logit gpu=2
[launch] stage=core dataset=eurosat shot=4 seed=1 tag=detbayesrt_epoch-80_rpstd-0.1_rkl-1.0e-5_tpstd-0.01_tkl-1.0e-2_fusion-static_logit gpu=2
[launch] stage=core dataset=eurosat shot=4 seed=1 tag=detbayesrt_epoch-80_rpstd-0.1_rkl-1.0e-5_tpstd-0.01_tkl-1.0e-3_fusion-static_logit gpu=2
[done] stage=core dataset=eurosat shot=1 seed=1 tag=detbayesrt_epoch-80_rpstd-0.001_rkl-1.0e-3_tpstd-0.001_tkl-5.0e-2_fusion-static_logit gpu=0
[launch] stage=core dataset=eurosat shot=4 seed=1 tag=detbayesrt_epoch-80_rpstd-0.1_rkl-1.0e-5_tpstd-0.001_tkl-5.0e-2_fusion-static_logit gpu=0
[done] stage=core dataset=eurosat shot=1 seed=1 tag=detbayesrt_epoch-80_rpstd-0.001_rkl-1.0e-3_tpstd-0.001_tkl-1.0e-2_fusion-static_logit gpu=0
[done] stage=core dataset=eurosat shot=1 seed=1 tag=detbayesrt_epoch-80_rpstd-0.001_rkl-1.0e-3_tpstd-0.001_tkl-1.0e-3_fusion-static_logit gpu=0
[launch] stage=core dataset=eurosat shot=4 seed=1 tag=detbayesrt_epoch-80_rpstd-0.1_rkl-1.0e-5_tpstd-0.001_tkl-1.0e-2_fusion-static_logit gpu=0
[launch] stage=core dataset=eurosat shot=4 seed=1 tag=detbayesrt_epoch-80_rpstd-0.1_rkl-1.0e-5_tpstd-0.001_tkl-1.0e-3_fusion-static_logit gpu=0
[done] stage=core dataset=eurosat shot=4 seed=1 tag=detbayesrt_epoch-80_rpstd-0.1_rkl-1.0e-5_tpstd-0.001_tkl-5.0e-2_fusion-static_logit gpu=0
[launch] stage=core dataset=eurosat shot=4 seed=1 tag=detbayesrt_epoch-80_rpstd-0.1_rkl-1.0e-4_tpstd-0.1_tkl-5.0e-2_fusion-static_logit gpu=0
[done] stage=core dataset=eurosat shot=4 seed=1 tag=detbayesrt_epoch-80_rpstd-0.1_rkl-1.0e-5_tpstd-0.1_tkl-5.0e-2_fusion-static_logit gpu=1
[done] stage=core dataset=eurosat shot=4 seed=1 tag=detbayesrt_epoch-80_rpstd-0.1_rkl-1.0e-5_tpstd-0.1_tkl-1.0e-2_fusion-static_logit gpu=1
[done] stage=core dataset=eurosat shot=4 seed=1 tag=detbayesrt_epoch-80_rpstd-0.1_rkl-1.0e-5_tpstd-0.1_tkl-1.0e-3_fusion-static_logit gpu=1
[launch] stage=core dataset=eurosat shot=4 seed=1 tag=detbayesrt_epoch-80_rpstd-0.1_rkl-1.0e-4_tpstd-0.1_tkl-1.0e-2_fusion-static_logit gpu=1
[launch] stage=core dataset=eurosat shot=4 seed=1 tag=detbayesrt_epoch-80_rpstd-0.1_rkl-1.0e-4_tpstd-0.1_tkl-1.0e-3_fusion-static_logit gpu=1
[launch] stage=core dataset=eurosat shot=4 seed=1 tag=detbayesrt_epoch-80_rpstd-0.1_rkl-1.0e-4_tpstd-0.01_tkl-5.0e-2_fusion-static_logit gpu=1
[done] stage=core dataset=eurosat shot=4 seed=1 tag=detbayesrt_epoch-80_rpstd-0.1_rkl-1.0e-5_tpstd-0.01_tkl-1.0e-2_fusion-static_logit gpu=2
[launch] stage=core dataset=eurosat shot=4 seed=1 tag=detbayesrt_epoch-80_rpstd-0.1_rkl-1.0e-4_tpstd-0.01_tkl-1.0e-2_fusion-static_logit gpu=2
[done] stage=core dataset=eurosat shot=4 seed=1 tag=detbayesrt_epoch-80_rpstd-0.1_rkl-1.0e-5_tpstd-0.01_tkl-5.0e-2_fusion-static_logit gpu=2
[done] stage=core dataset=eurosat shot=4 seed=1 tag=detbayesrt_epoch-80_rpstd-0.1_rkl-1.0e-5_tpstd-0.01_tkl-1.0e-3_fusion-static_logit gpu=2
[launch] stage=core dataset=eurosat shot=4 seed=1 tag=detbayesrt_epoch-80_rpstd-0.1_rkl-1.0e-4_tpstd-0.01_tkl-1.0e-3_fusion-static_logit gpu=2
[launch] stage=core dataset=eurosat shot=4 seed=1 tag=detbayesrt_epoch-80_rpstd-0.1_rkl-1.0e-4_tpstd-0.001_tkl-5.0e-2_fusion-static_logit gpu=2
[done] stage=core dataset=eurosat shot=4 seed=1 tag=detbayesrt_epoch-80_rpstd-0.1_rkl-1.0e-5_tpstd-0.001_tkl-1.0e-3_fusion-static_logit gpu=0
[launch] stage=core dataset=eurosat shot=4 seed=1 tag=detbayesrt_epoch-80_rpstd-0.1_rkl-1.0e-4_tpstd-0.001_tkl-1.0e-2_fusion-static_logit gpu=0
[done] stage=core dataset=eurosat shot=4 seed=1 tag=detbayesrt_epoch-80_rpstd-0.1_rkl-1.0e-5_tpstd-0.001_tkl-1.0e-2_fusion-static_logit gpu=0
[launch] stage=core dataset=eurosat shot=4 seed=1 tag=detbayesrt_epoch-80_rpstd-0.1_rkl-1.0e-4_tpstd-0.001_tkl-1.0e-3_fusion-static_logit gpu=0
[done] stage=core dataset=eurosat shot=4 seed=1 tag=detbayesrt_epoch-80_rpstd-0.1_rkl-1.0e-4_tpstd-0.1_tkl-5.0e-2_fusion-static_logit gpu=0
[launch] stage=core dataset=eurosat shot=4 seed=1 tag=detbayesrt_epoch-80_rpstd-0.1_rkl-1.0e-3_tpstd-0.1_tkl-5.0e-2_fusion-static_logit gpu=0
[done] stage=core dataset=eurosat shot=4 seed=1 tag=detbayesrt_epoch-80_rpstd-0.1_rkl-1.0e-4_tpstd-0.1_tkl-1.0e-2_fusion-static_logit gpu=1
[launch] stage=core dataset=eurosat shot=4 seed=1 tag=detbayesrt_epoch-80_rpstd-0.1_rkl-1.0e-3_tpstd-0.1_tkl-1.0e-2_fusion-static_logit gpu=1
[done] stage=core dataset=eurosat shot=4 seed=1 tag=detbayesrt_epoch-80_rpstd-0.1_rkl-1.0e-4_tpstd-0.1_tkl-1.0e-3_fusion-static_logit gpu=1
[done] stage=core dataset=eurosat shot=4 seed=1 tag=detbayesrt_epoch-80_rpstd-0.1_rkl-1.0e-4_tpstd-0.01_tkl-5.0e-2_fusion-static_logit gpu=1
[launch] stage=core dataset=eurosat shot=4 seed=1 tag=detbayesrt_epoch-80_rpstd-0.1_rkl-1.0e-3_tpstd-0.1_tkl-1.0e-3_fusion-static_logit gpu=1
[launch] stage=core dataset=eurosat shot=4 seed=1 tag=detbayesrt_epoch-80_rpstd-0.1_rkl-1.0e-3_tpstd-0.01_tkl-5.0e-2_fusion-static_logit gpu=1
[done] stage=core dataset=eurosat shot=4 seed=1 tag=detbayesrt_epoch-80_rpstd-0.1_rkl-1.0e-4_tpstd-0.01_tkl-1.0e-3_fusion-static_logit gpu=2
[done] stage=core dataset=eurosat shot=4 seed=1 tag=detbayesrt_epoch-80_rpstd-0.1_rkl-1.0e-4_tpstd-0.01_tkl-1.0e-2_fusion-static_logit gpu=2
[done] stage=core dataset=eurosat shot=4 seed=1 tag=detbayesrt_epoch-80_rpstd-0.1_rkl-1.0e-4_tpstd-0.001_tkl-5.0e-2_fusion-static_logit gpu=2
[launch] stage=core dataset=eurosat shot=4 seed=1 tag=detbayesrt_epoch-80_rpstd-0.1_rkl-1.0e-3_tpstd-0.01_tkl-1.0e-2_fusion-static_logit gpu=2
[launch] stage=core dataset=eurosat shot=4 seed=1 tag=detbayesrt_epoch-80_rpstd-0.1_rkl-1.0e-3_tpstd-0.01_tkl-1.0e-3_fusion-static_logit gpu=2
[launch] stage=core dataset=eurosat shot=4 seed=1 tag=detbayesrt_epoch-80_rpstd-0.1_rkl-1.0e-3_tpstd-0.001_tkl-5.0e-2_fusion-static_logit gpu=2
[done] stage=core dataset=eurosat shot=4 seed=1 tag=detbayesrt_epoch-80_rpstd-0.1_rkl-1.0e-4_tpstd-0.001_tkl-1.0e-2_fusion-static_logit gpu=0
[launch] stage=core dataset=eurosat shot=4 seed=1 tag=detbayesrt_epoch-80_rpstd-0.1_rkl-1.0e-3_tpstd-0.001_tkl-1.0e-2_fusion-static_logit gpu=0
[done] stage=core dataset=eurosat shot=4 seed=1 tag=detbayesrt_epoch-80_rpstd-0.1_rkl-1.0e-4_tpstd-0.001_tkl-1.0e-3_fusion-static_logit gpu=0
[launch] stage=core dataset=eurosat shot=4 seed=1 tag=detbayesrt_epoch-80_rpstd-0.1_rkl-1.0e-3_tpstd-0.001_tkl-1.0e-3_fusion-static_logit gpu=0
[done] stage=core dataset=eurosat shot=4 seed=1 tag=detbayesrt_epoch-80_rpstd-0.1_rkl-1.0e-3_tpstd-0.1_tkl-5.0e-2_fusion-static_logit gpu=0
[launch] stage=core dataset=eurosat shot=4 seed=1 tag=detbayesrt_epoch-80_rpstd-0.01_rkl-1.0e-5_tpstd-0.1_tkl-5.0e-2_fusion-static_logit gpu=0
[done] stage=core dataset=eurosat shot=4 seed=1 tag=detbayesrt_epoch-80_rpstd-0.1_rkl-1.0e-3_tpstd-0.1_tkl-1.0e-2_fusion-static_logit gpu=1
[launch] stage=core dataset=eurosat shot=4 seed=1 tag=detbayesrt_epoch-80_rpstd-0.01_rkl-1.0e-5_tpstd-0.1_tkl-1.0e-2_fusion-static_logit gpu=1
[done] stage=core dataset=eurosat shot=4 seed=1 tag=detbayesrt_epoch-80_rpstd-0.1_rkl-1.0e-3_tpstd-0.1_tkl-1.0e-3_fusion-static_logit gpu=1
[done] stage=core dataset=eurosat shot=4 seed=1 tag=detbayesrt_epoch-80_rpstd-0.1_rkl-1.0e-3_tpstd-0.01_tkl-5.0e-2_fusion-static_logit gpu=1
[launch] stage=core dataset=eurosat shot=4 seed=1 tag=detbayesrt_epoch-80_rpstd-0.01_rkl-1.0e-5_tpstd-0.1_tkl-1.0e-3_fusion-static_logit gpu=1
[launch] stage=core dataset=eurosat shot=4 seed=1 tag=detbayesrt_epoch-80_rpstd-0.01_rkl-1.0e-5_tpstd-0.01_tkl-5.0e-2_fusion-static_logit gpu=1
[done] stage=core dataset=eurosat shot=4 seed=1 tag=detbayesrt_epoch-80_rpstd-0.1_rkl-1.0e-3_tpstd-0.001_tkl-1.0e-2_fusion-static_logit gpu=0
[done] stage=core dataset=eurosat shot=4 seed=1 tag=detbayesrt_epoch-80_rpstd-0.1_rkl-1.0e-3_tpstd-0.01_tkl-1.0e-2_fusion-static_logit gpu=2
[done] stage=core dataset=eurosat shot=4 seed=1 tag=detbayesrt_epoch-80_rpstd-0.1_rkl-1.0e-3_tpstd-0.001_tkl-5.0e-2_fusion-static_logit gpu=2
[launch] stage=core dataset=eurosat shot=4 seed=1 tag=detbayesrt_epoch-80_rpstd-0.01_rkl-1.0e-5_tpstd-0.01_tkl-1.0e-2_fusion-static_logit gpu=0
[launch] stage=core dataset=eurosat shot=4 seed=1 tag=detbayesrt_epoch-80_rpstd-0.01_rkl-1.0e-5_tpstd-0.01_tkl-1.0e-3_fusion-static_logit gpu=2
[launch] stage=core dataset=eurosat shot=4 seed=1 tag=detbayesrt_epoch-80_rpstd-0.01_rkl-1.0e-5_tpstd-0.001_tkl-5.0e-2_fusion-static_logit gpu=2
[done] stage=core dataset=eurosat shot=4 seed=1 tag=detbayesrt_epoch-80_rpstd-0.1_rkl-1.0e-3_tpstd-0.001_tkl-1.0e-3_fusion-static_logit gpu=0
[done] stage=core dataset=eurosat shot=4 seed=1 tag=detbayesrt_epoch-80_rpstd-0.1_rkl-1.0e-3_tpstd-0.01_tkl-1.0e-3_fusion-static_logit gpu=2
[launch] stage=core dataset=eurosat shot=4 seed=1 tag=detbayesrt_epoch-80_rpstd-0.01_rkl-1.0e-5_tpstd-0.001_tkl-1.0e-2_fusion-static_logit gpu=0
[launch] stage=core dataset=eurosat shot=4 seed=1 tag=detbayesrt_epoch-80_rpstd-0.01_rkl-1.0e-5_tpstd-0.001_tkl-1.0e-3_fusion-static_logit gpu=2
[done] stage=core dataset=eurosat shot=4 seed=1 tag=detbayesrt_epoch-80_rpstd-0.01_rkl-1.0e-5_tpstd-0.1_tkl-5.0e-2_fusion-static_logit gpu=0
[launch] stage=core dataset=eurosat shot=4 seed=1 tag=detbayesrt_epoch-80_rpstd-0.01_rkl-1.0e-4_tpstd-0.1_tkl-5.0e-2_fusion-static_logit gpu=0
[done] stage=core dataset=eurosat shot=4 seed=1 tag=detbayesrt_epoch-80_rpstd-0.01_rkl-1.0e-5_tpstd-0.1_tkl-1.0e-2_fusion-static_logit gpu=1
[launch] stage=core dataset=eurosat shot=4 seed=1 tag=detbayesrt_epoch-80_rpstd-0.01_rkl-1.0e-4_tpstd-0.1_tkl-1.0e-2_fusion-static_logit gpu=1
[done] stage=core dataset=eurosat shot=4 seed=1 tag=detbayesrt_epoch-80_rpstd-0.01_rkl-1.0e-5_tpstd-0.01_tkl-1.0e-2_fusion-static_logit gpu=0
[launch] stage=core dataset=eurosat shot=4 seed=1 tag=detbayesrt_epoch-80_rpstd-0.01_rkl-1.0e-4_tpstd-0.1_tkl-1.0e-3_fusion-static_logit gpu=0
[done] stage=core dataset=eurosat shot=4 seed=1 tag=detbayesrt_epoch-80_rpstd-0.01_rkl-1.0e-5_tpstd-0.001_tkl-1.0e-2_fusion-static_logit gpu=0
[done] stage=core dataset=eurosat shot=4 seed=1 tag=detbayesrt_epoch-80_rpstd-0.01_rkl-1.0e-5_tpstd-0.1_tkl-1.0e-3_fusion-static_logit gpu=1
[done] stage=core dataset=eurosat shot=4 seed=1 tag=detbayesrt_epoch-80_rpstd-0.01_rkl-1.0e-5_tpstd-0.01_tkl-5.0e-2_fusion-static_logit gpu=1
[launch] stage=core dataset=eurosat shot=4 seed=1 tag=detbayesrt_epoch-80_rpstd-0.01_rkl-1.0e-4_tpstd-0.01_tkl-5.0e-2_fusion-static_logit gpu=0
[launch] stage=core dataset=eurosat shot=4 seed=1 tag=detbayesrt_epoch-80_rpstd-0.01_rkl-1.0e-4_tpstd-0.01_tkl-1.0e-2_fusion-static_logit gpu=1
[launch] stage=core dataset=eurosat shot=4 seed=1 tag=detbayesrt_epoch-80_rpstd-0.01_rkl-1.0e-4_tpstd-0.01_tkl-1.0e-3_fusion-static_logit gpu=1
[done] stage=core dataset=eurosat shot=4 seed=1 tag=detbayesrt_epoch-80_rpstd-0.01_rkl-1.0e-5_tpstd-0.01_tkl-1.0e-3_fusion-static_logit gpu=2
[done] stage=core dataset=eurosat shot=4 seed=1 tag=detbayesrt_epoch-80_rpstd-0.01_rkl-1.0e-5_tpstd-0.001_tkl-5.0e-2_fusion-static_logit gpu=2
[launch] stage=core dataset=eurosat shot=4 seed=1 tag=detbayesrt_epoch-80_rpstd-0.01_rkl-1.0e-4_tpstd-0.001_tkl-5.0e-2_fusion-static_logit gpu=2
[launch] stage=core dataset=eurosat shot=4 seed=1 tag=detbayesrt_epoch-80_rpstd-0.01_rkl-1.0e-4_tpstd-0.001_tkl-1.0e-2_fusion-static_logit gpu=2
[done] stage=core dataset=eurosat shot=4 seed=1 tag=detbayesrt_epoch-80_rpstd-0.01_rkl-1.0e-5_tpstd-0.001_tkl-1.0e-3_fusion-static_logit gpu=2
[launch] stage=core dataset=eurosat shot=4 seed=1 tag=detbayesrt_epoch-80_rpstd-0.01_rkl-1.0e-4_tpstd-0.001_tkl-1.0e-3_fusion-static_logit gpu=2
[done] stage=core dataset=eurosat shot=4 seed=1 tag=detbayesrt_epoch-80_rpstd-0.01_rkl-1.0e-4_tpstd-0.1_tkl-5.0e-2_fusion-static_logit gpu=0
[launch] stage=core dataset=eurosat shot=4 seed=1 tag=detbayesrt_epoch-80_rpstd-0.01_rkl-1.0e-3_tpstd-0.1_tkl-5.0e-2_fusion-static_logit gpu=0
[done] stage=core dataset=eurosat shot=4 seed=1 tag=detbayesrt_epoch-80_rpstd-0.01_rkl-1.0e-4_tpstd-0.1_tkl-1.0e-2_fusion-static_logit gpu=1
[launch] stage=core dataset=eurosat shot=4 seed=1 tag=detbayesrt_epoch-80_rpstd-0.01_rkl-1.0e-3_tpstd-0.1_tkl-1.0e-2_fusion-static_logit gpu=1
[done] stage=core dataset=eurosat shot=4 seed=1 tag=detbayesrt_epoch-80_rpstd-0.01_rkl-1.0e-4_tpstd-0.1_tkl-1.0e-3_fusion-static_logit gpu=0
[launch] stage=core dataset=eurosat shot=4 seed=1 tag=detbayesrt_epoch-80_rpstd-0.01_rkl-1.0e-3_tpstd-0.1_tkl-1.0e-3_fusion-static_logit gpu=0
[done] stage=core dataset=eurosat shot=4 seed=1 tag=detbayesrt_epoch-80_rpstd-0.01_rkl-1.0e-4_tpstd-0.01_tkl-5.0e-2_fusion-static_logit gpu=0
[launch] stage=core dataset=eurosat shot=4 seed=1 tag=detbayesrt_epoch-80_rpstd-0.01_rkl-1.0e-3_tpstd-0.01_tkl-5.0e-2_fusion-static_logit gpu=0
[done] stage=core dataset=eurosat shot=4 seed=1 tag=detbayesrt_epoch-80_rpstd-0.01_rkl-1.0e-4_tpstd-0.01_tkl-1.0e-2_fusion-static_logit gpu=1
[done] stage=core dataset=eurosat shot=4 seed=1 tag=detbayesrt_epoch-80_rpstd-0.01_rkl-1.0e-4_tpstd-0.01_tkl-1.0e-3_fusion-static_logit gpu=1
[launch] stage=core dataset=eurosat shot=4 seed=1 tag=detbayesrt_epoch-80_rpstd-0.01_rkl-1.0e-3_tpstd-0.01_tkl-1.0e-2_fusion-static_logit gpu=1
[launch] stage=core dataset=eurosat shot=4 seed=1 tag=detbayesrt_epoch-80_rpstd-0.01_rkl-1.0e-3_tpstd-0.01_tkl-1.0e-3_fusion-static_logit gpu=1
[done] stage=core dataset=eurosat shot=4 seed=1 tag=detbayesrt_epoch-80_rpstd-0.01_rkl-1.0e-4_tpstd-0.001_tkl-5.0e-2_fusion-static_logit gpu=2
[done] stage=core dataset=eurosat shot=4 seed=1 tag=detbayesrt_epoch-80_rpstd-0.01_rkl-1.0e-4_tpstd-0.001_tkl-1.0e-3_fusion-static_logit gpu=2
[done] stage=core dataset=eurosat shot=4 seed=1 tag=detbayesrt_epoch-80_rpstd-0.01_rkl-1.0e-4_tpstd-0.001_tkl-1.0e-2_fusion-static_logit gpu=2
[launch] stage=core dataset=eurosat shot=4 seed=1 tag=detbayesrt_epoch-80_rpstd-0.01_rkl-1.0e-3_tpstd-0.001_tkl-5.0e-2_fusion-static_logit gpu=2
[launch] stage=core dataset=eurosat shot=4 seed=1 tag=detbayesrt_epoch-80_rpstd-0.01_rkl-1.0e-3_tpstd-0.001_tkl-1.0e-2_fusion-static_logit gpu=2
[launch] stage=core dataset=eurosat shot=4 seed=1 tag=detbayesrt_epoch-80_rpstd-0.01_rkl-1.0e-3_tpstd-0.001_tkl-1.0e-3_fusion-static_logit gpu=2
[done] stage=core dataset=eurosat shot=4 seed=1 tag=detbayesrt_epoch-80_rpstd-0.01_rkl-1.0e-3_tpstd-0.1_tkl-5.0e-2_fusion-static_logit gpu=0
[launch] stage=core dataset=eurosat shot=4 seed=1 tag=detbayesrt_epoch-80_rpstd-0.001_rkl-1.0e-5_tpstd-0.1_tkl-5.0e-2_fusion-static_logit gpu=0
[done] stage=core dataset=eurosat shot=4 seed=1 tag=detbayesrt_epoch-80_rpstd-0.01_rkl-1.0e-3_tpstd-0.1_tkl-1.0e-2_fusion-static_logit gpu=1
[launch] stage=core dataset=eurosat shot=4 seed=1 tag=detbayesrt_epoch-80_rpstd-0.001_rkl-1.0e-5_tpstd-0.1_tkl-1.0e-2_fusion-static_logit gpu=1
[done] stage=core dataset=eurosat shot=4 seed=1 tag=detbayesrt_epoch-80_rpstd-0.01_rkl-1.0e-3_tpstd-0.1_tkl-1.0e-3_fusion-static_logit gpu=0
[launch] stage=core dataset=eurosat shot=4 seed=1 tag=detbayesrt_epoch-80_rpstd-0.001_rkl-1.0e-5_tpstd-0.1_tkl-1.0e-3_fusion-static_logit gpu=0
[done] stage=core dataset=eurosat shot=4 seed=1 tag=detbayesrt_epoch-80_rpstd-0.01_rkl-1.0e-3_tpstd-0.01_tkl-5.0e-2_fusion-static_logit gpu=0
[launch] stage=core dataset=eurosat shot=4 seed=1 tag=detbayesrt_epoch-80_rpstd-0.001_rkl-1.0e-5_tpstd-0.01_tkl-5.0e-2_fusion-static_logit gpu=0
[done] stage=core dataset=eurosat shot=4 seed=1 tag=detbayesrt_epoch-80_rpstd-0.01_rkl-1.0e-3_tpstd-0.01_tkl-1.0e-2_fusion-static_logit gpu=1
[launch] stage=core dataset=eurosat shot=4 seed=1 tag=detbayesrt_epoch-80_rpstd-0.001_rkl-1.0e-5_tpstd-0.01_tkl-1.0e-2_fusion-static_logit gpu=1
[done] stage=core dataset=eurosat shot=4 seed=1 tag=detbayesrt_epoch-80_rpstd-0.01_rkl-1.0e-3_tpstd-0.01_tkl-1.0e-3_fusion-static_logit gpu=1
[launch] stage=core dataset=eurosat shot=4 seed=1 tag=detbayesrt_epoch-80_rpstd-0.001_rkl-1.0e-5_tpstd-0.01_tkl-1.0e-3_fusion-static_logit gpu=1
[done] stage=core dataset=eurosat shot=4 seed=1 tag=detbayesrt_epoch-80_rpstd-0.001_rkl-1.0e-5_tpstd-0.1_tkl-5.0e-2_fusion-static_logit gpu=0
[launch] stage=core dataset=eurosat shot=4 seed=1 tag=detbayesrt_epoch-80_rpstd-0.001_rkl-1.0e-5_tpstd-0.001_tkl-5.0e-2_fusion-static_logit gpu=0
[done] stage=core dataset=eurosat shot=4 seed=1 tag=detbayesrt_epoch-80_rpstd-0.01_rkl-1.0e-3_tpstd-0.001_tkl-5.0e-2_fusion-static_logit gpu=2
[done] stage=core dataset=eurosat shot=4 seed=1 tag=detbayesrt_epoch-80_rpstd-0.01_rkl-1.0e-3_tpstd-0.001_tkl-1.0e-2_fusion-static_logit gpu=2
[done] stage=core dataset=eurosat shot=4 seed=1 tag=detbayesrt_epoch-80_rpstd-0.01_rkl-1.0e-3_tpstd-0.001_tkl-1.0e-3_fusion-static_logit gpu=2
[launch] stage=core dataset=eurosat shot=4 seed=1 tag=detbayesrt_epoch-80_rpstd-0.001_rkl-1.0e-5_tpstd-0.001_tkl-1.0e-2_fusion-static_logit gpu=2
[launch] stage=core dataset=eurosat shot=4 seed=1 tag=detbayesrt_epoch-80_rpstd-0.001_rkl-1.0e-5_tpstd-0.001_tkl-1.0e-3_fusion-static_logit gpu=2
[launch] stage=core dataset=eurosat shot=4 seed=1 tag=detbayesrt_epoch-80_rpstd-0.001_rkl-1.0e-4_tpstd-0.1_tkl-5.0e-2_fusion-static_logit gpu=2
[done] stage=core dataset=eurosat shot=4 seed=1 tag=detbayesrt_epoch-80_rpstd-0.001_rkl-1.0e-5_tpstd-0.1_tkl-1.0e-2_fusion-static_logit gpu=1
[launch] stage=core dataset=eurosat shot=4 seed=1 tag=detbayesrt_epoch-80_rpstd-0.001_rkl-1.0e-4_tpstd-0.1_tkl-1.0e-2_fusion-static_logit gpu=1
[done] stage=core dataset=eurosat shot=4 seed=1 tag=detbayesrt_epoch-80_rpstd-0.001_rkl-1.0e-5_tpstd-0.01_tkl-5.0e-2_fusion-static_logit gpu=0
[done] stage=core dataset=eurosat shot=4 seed=1 tag=detbayesrt_epoch-80_rpstd-0.001_rkl-1.0e-5_tpstd-0.1_tkl-1.0e-3_fusion-static_logit gpu=0
[launch] stage=core dataset=eurosat shot=4 seed=1 tag=detbayesrt_epoch-80_rpstd-0.001_rkl-1.0e-4_tpstd-0.1_tkl-1.0e-3_fusion-static_logit gpu=0
[launch] stage=core dataset=eurosat shot=4 seed=1 tag=detbayesrt_epoch-80_rpstd-0.001_rkl-1.0e-4_tpstd-0.01_tkl-5.0e-2_fusion-static_logit gpu=0
[done] stage=core dataset=eurosat shot=4 seed=1 tag=detbayesrt_epoch-80_rpstd-0.001_rkl-1.0e-5_tpstd-0.01_tkl-1.0e-2_fusion-static_logit gpu=1
[launch] stage=core dataset=eurosat shot=4 seed=1 tag=detbayesrt_epoch-80_rpstd-0.001_rkl-1.0e-4_tpstd-0.01_tkl-1.0e-2_fusion-static_logit gpu=1
[done] stage=core dataset=eurosat shot=4 seed=1 tag=detbayesrt_epoch-80_rpstd-0.001_rkl-1.0e-5_tpstd-0.01_tkl-1.0e-3_fusion-static_logit gpu=1
[launch] stage=core dataset=eurosat shot=4 seed=1 tag=detbayesrt_epoch-80_rpstd-0.001_rkl-1.0e-4_tpstd-0.01_tkl-1.0e-3_fusion-static_logit gpu=1
[done] stage=core dataset=eurosat shot=4 seed=1 tag=detbayesrt_epoch-80_rpstd-0.001_rkl-1.0e-5_tpstd-0.001_tkl-5.0e-2_fusion-static_logit gpu=0
[launch] stage=core dataset=eurosat shot=4 seed=1 tag=detbayesrt_epoch-80_rpstd-0.001_rkl-1.0e-4_tpstd-0.001_tkl-5.0e-2_fusion-static_logit gpu=0
[done] stage=core dataset=eurosat shot=4 seed=1 tag=detbayesrt_epoch-80_rpstd-0.001_rkl-1.0e-5_tpstd-0.001_tkl-1.0e-2_fusion-static_logit gpu=2
[done] stage=core dataset=eurosat shot=4 seed=1 tag=detbayesrt_epoch-80_rpstd-0.001_rkl-1.0e-5_tpstd-0.001_tkl-1.0e-3_fusion-static_logit gpu=2
[done] stage=core dataset=eurosat shot=4 seed=1 tag=detbayesrt_epoch-80_rpstd-0.001_rkl-1.0e-4_tpstd-0.1_tkl-5.0e-2_fusion-static_logit gpu=2
[launch] stage=core dataset=eurosat shot=4 seed=1 tag=detbayesrt_epoch-80_rpstd-0.001_rkl-1.0e-4_tpstd-0.001_tkl-1.0e-2_fusion-static_logit gpu=2
[launch] stage=core dataset=eurosat shot=4 seed=1 tag=detbayesrt_epoch-80_rpstd-0.001_rkl-1.0e-4_tpstd-0.001_tkl-1.0e-3_fusion-static_logit gpu=2
[launch] stage=core dataset=eurosat shot=4 seed=1 tag=detbayesrt_epoch-80_rpstd-0.001_rkl-1.0e-3_tpstd-0.1_tkl-5.0e-2_fusion-static_logit gpu=2
[done] stage=core dataset=eurosat shot=4 seed=1 tag=detbayesrt_epoch-80_rpstd-0.001_rkl-1.0e-4_tpstd-0.1_tkl-1.0e-2_fusion-static_logit gpu=1
[launch] stage=core dataset=eurosat shot=4 seed=1 tag=detbayesrt_epoch-80_rpstd-0.001_rkl-1.0e-3_tpstd-0.1_tkl-1.0e-2_fusion-static_logit gpu=1
[done] stage=core dataset=eurosat shot=4 seed=1 tag=detbayesrt_epoch-80_rpstd-0.001_rkl-1.0e-4_tpstd-0.01_tkl-5.0e-2_fusion-static_logit gpu=0
[launch] stage=core dataset=eurosat shot=4 seed=1 tag=detbayesrt_epoch-80_rpstd-0.001_rkl-1.0e-3_tpstd-0.1_tkl-1.0e-3_fusion-static_logit gpu=0
[done] stage=core dataset=eurosat shot=4 seed=1 tag=detbayesrt_epoch-80_rpstd-0.001_rkl-1.0e-4_tpstd-0.1_tkl-1.0e-3_fusion-static_logit gpu=0
[launch] stage=core dataset=eurosat shot=4 seed=1 tag=detbayesrt_epoch-80_rpstd-0.001_rkl-1.0e-3_tpstd-0.01_tkl-5.0e-2_fusion-static_logit gpu=0
[done] stage=core dataset=eurosat shot=4 seed=1 tag=detbayesrt_epoch-80_rpstd-0.001_rkl-1.0e-4_tpstd-0.001_tkl-5.0e-2_fusion-static_logit gpu=0
[done] stage=core dataset=eurosat shot=4 seed=1 tag=detbayesrt_epoch-80_rpstd-0.001_rkl-1.0e-4_tpstd-0.01_tkl-1.0e-2_fusion-static_logit gpu=1
[done] stage=core dataset=eurosat shot=4 seed=1 tag=detbayesrt_epoch-80_rpstd-0.001_rkl-1.0e-4_tpstd-0.01_tkl-1.0e-3_fusion-static_logit gpu=1
[launch] stage=core dataset=eurosat shot=4 seed=1 tag=detbayesrt_epoch-80_rpstd-0.001_rkl-1.0e-3_tpstd-0.01_tkl-1.0e-2_fusion-static_logit gpu=0
[launch] stage=core dataset=eurosat shot=4 seed=1 tag=detbayesrt_epoch-80_rpstd-0.001_rkl-1.0e-3_tpstd-0.01_tkl-1.0e-3_fusion-static_logit gpu=1
[launch] stage=core dataset=eurosat shot=4 seed=1 tag=detbayesrt_epoch-80_rpstd-0.001_rkl-1.0e-3_tpstd-0.001_tkl-5.0e-2_fusion-static_logit gpu=1
[done] stage=core dataset=eurosat shot=4 seed=1 tag=detbayesrt_epoch-80_rpstd-0.001_rkl-1.0e-4_tpstd-0.001_tkl-1.0e-2_fusion-static_logit gpu=2
[done] stage=core dataset=eurosat shot=4 seed=1 tag=detbayesrt_epoch-80_rpstd-0.001_rkl-1.0e-4_tpstd-0.001_tkl-1.0e-3_fusion-static_logit gpu=2
[done] stage=core dataset=eurosat shot=4 seed=1 tag=detbayesrt_epoch-80_rpstd-0.001_rkl-1.0e-3_tpstd-0.1_tkl-5.0e-2_fusion-static_logit gpu=2
[launch] stage=core dataset=eurosat shot=4 seed=1 tag=detbayesrt_epoch-80_rpstd-0.001_rkl-1.0e-3_tpstd-0.001_tkl-1.0e-2_fusion-static_logit gpu=2
[launch] stage=core dataset=eurosat shot=4 seed=1 tag=detbayesrt_epoch-80_rpstd-0.001_rkl-1.0e-3_tpstd-0.001_tkl-1.0e-3_fusion-static_logit gpu=2
[launch] stage=core dataset=eurosat shot=8 seed=1 tag=detbayesrt_epoch-80_rpstd-0.1_rkl-1.0e-5_tpstd-0.1_tkl-5.0e-2_fusion-static_logit gpu=2
[done] stage=core dataset=eurosat shot=4 seed=1 tag=detbayesrt_epoch-80_rpstd-0.001_rkl-1.0e-3_tpstd-0.1_tkl-1.0e-2_fusion-static_logit gpu=1
[launch] stage=core dataset=eurosat shot=8 seed=1 tag=detbayesrt_epoch-80_rpstd-0.1_rkl-1.0e-5_tpstd-0.1_tkl-1.0e-2_fusion-static_logit gpu=1
[done] stage=core dataset=eurosat shot=4 seed=1 tag=detbayesrt_epoch-80_rpstd-0.001_rkl-1.0e-3_tpstd-0.1_tkl-1.0e-3_fusion-static_logit gpu=0
[launch] stage=core dataset=eurosat shot=8 seed=1 tag=detbayesrt_epoch-80_rpstd-0.1_rkl-1.0e-5_tpstd-0.1_tkl-1.0e-3_fusion-static_logit gpu=0
[done] stage=core dataset=eurosat shot=4 seed=1 tag=detbayesrt_epoch-80_rpstd-0.001_rkl-1.0e-3_tpstd-0.01_tkl-5.0e-2_fusion-static_logit gpu=0
[done] stage=core dataset=eurosat shot=4 seed=1 tag=detbayesrt_epoch-80_rpstd-0.001_rkl-1.0e-3_tpstd-0.01_tkl-1.0e-2_fusion-static_logit gpu=0
[done] stage=core dataset=eurosat shot=4 seed=1 tag=detbayesrt_epoch-80_rpstd-0.001_rkl-1.0e-3_tpstd-0.01_tkl-1.0e-3_fusion-static_logit gpu=1
[done] stage=core dataset=eurosat shot=4 seed=1 tag=detbayesrt_epoch-80_rpstd-0.001_rkl-1.0e-3_tpstd-0.001_tkl-5.0e-2_fusion-static_logit gpu=1
[launch] stage=core dataset=eurosat shot=8 seed=1 tag=detbayesrt_epoch-80_rpstd-0.1_rkl-1.0e-5_tpstd-0.01_tkl-5.0e-2_fusion-static_logit gpu=0
[launch] stage=core dataset=eurosat shot=8 seed=1 tag=detbayesrt_epoch-80_rpstd-0.1_rkl-1.0e-5_tpstd-0.01_tkl-1.0e-2_fusion-static_logit gpu=0
[launch] stage=core dataset=eurosat shot=8 seed=1 tag=detbayesrt_epoch-80_rpstd-0.1_rkl-1.0e-5_tpstd-0.01_tkl-1.0e-3_fusion-static_logit gpu=1
[launch] stage=core dataset=eurosat shot=8 seed=1 tag=detbayesrt_epoch-80_rpstd-0.1_rkl-1.0e-5_tpstd-0.001_tkl-5.0e-2_fusion-static_logit gpu=1
[done] stage=core dataset=eurosat shot=4 seed=1 tag=detbayesrt_epoch-80_rpstd-0.001_rkl-1.0e-3_tpstd-0.001_tkl-1.0e-2_fusion-static_logit gpu=2
[launch] stage=core dataset=eurosat shot=8 seed=1 tag=detbayesrt_epoch-80_rpstd-0.1_rkl-1.0e-5_tpstd-0.001_tkl-1.0e-2_fusion-static_logit gpu=2
[done] stage=core dataset=eurosat shot=4 seed=1 tag=detbayesrt_epoch-80_rpstd-0.001_rkl-1.0e-3_tpstd-0.001_tkl-1.0e-3_fusion-static_logit gpu=2
[done] stage=core dataset=eurosat shot=8 seed=1 tag=detbayesrt_epoch-80_rpstd-0.1_rkl-1.0e-5_tpstd-0.1_tkl-5.0e-2_fusion-static_logit gpu=2
[launch] stage=core dataset=eurosat shot=8 seed=1 tag=detbayesrt_epoch-80_rpstd-0.1_rkl-1.0e-5_tpstd-0.001_tkl-1.0e-3_fusion-static_logit gpu=2
[launch] stage=core dataset=eurosat shot=8 seed=1 tag=detbayesrt_epoch-80_rpstd-0.1_rkl-1.0e-4_tpstd-0.1_tkl-5.0e-2_fusion-static_logit gpu=2
[done] stage=core dataset=eurosat shot=8 seed=1 tag=detbayesrt_epoch-80_rpstd-0.1_rkl-1.0e-5_tpstd-0.1_tkl-1.0e-2_fusion-static_logit gpu=1
[launch] stage=core dataset=eurosat shot=8 seed=1 tag=detbayesrt_epoch-80_rpstd-0.1_rkl-1.0e-4_tpstd-0.1_tkl-1.0e-2_fusion-static_logit gpu=1
[done] stage=core dataset=eurosat shot=8 seed=1 tag=detbayesrt_epoch-80_rpstd-0.1_rkl-1.0e-5_tpstd-0.1_tkl-1.0e-3_fusion-static_logit gpu=0
[launch] stage=core dataset=eurosat shot=8 seed=1 tag=detbayesrt_epoch-80_rpstd-0.1_rkl-1.0e-4_tpstd-0.1_tkl-1.0e-3_fusion-static_logit gpu=0
[done] stage=core dataset=eurosat shot=8 seed=1 tag=detbayesrt_epoch-80_rpstd-0.1_rkl-1.0e-5_tpstd-0.001_tkl-5.0e-2_fusion-static_logit gpu=1
[launch] stage=core dataset=eurosat shot=8 seed=1 tag=detbayesrt_epoch-80_rpstd-0.1_rkl-1.0e-4_tpstd-0.01_tkl-5.0e-2_fusion-static_logit gpu=1
[done] stage=core dataset=eurosat shot=8 seed=1 tag=detbayesrt_epoch-80_rpstd-0.1_rkl-1.0e-5_tpstd-0.01_tkl-1.0e-3_fusion-static_logit gpu=1
[launch] stage=core dataset=eurosat shot=8 seed=1 tag=detbayesrt_epoch-80_rpstd-0.1_rkl-1.0e-4_tpstd-0.01_tkl-1.0e-2_fusion-static_logit gpu=1
[done] stage=core dataset=eurosat shot=8 seed=1 tag=detbayesrt_epoch-80_rpstd-0.1_rkl-1.0e-5_tpstd-0.01_tkl-5.0e-2_fusion-static_logit gpu=0
[done] stage=core dataset=eurosat shot=8 seed=1 tag=detbayesrt_epoch-80_rpstd-0.1_rkl-1.0e-5_tpstd-0.01_tkl-1.0e-2_fusion-static_logit gpu=0
[launch] stage=core dataset=eurosat shot=8 seed=1 tag=detbayesrt_epoch-80_rpstd-0.1_rkl-1.0e-4_tpstd-0.01_tkl-1.0e-3_fusion-static_logit gpu=0
[launch] stage=core dataset=eurosat shot=8 seed=1 tag=detbayesrt_epoch-80_rpstd-0.1_rkl-1.0e-4_tpstd-0.001_tkl-5.0e-2_fusion-static_logit gpu=0
[done] stage=core dataset=eurosat shot=8 seed=1 tag=detbayesrt_epoch-80_rpstd-0.1_rkl-1.0e-4_tpstd-0.1_tkl-1.0e-2_fusion-static_logit gpu=1
[launch] stage=core dataset=eurosat shot=8 seed=1 tag=detbayesrt_epoch-80_rpstd-0.1_rkl-1.0e-4_tpstd-0.001_tkl-1.0e-2_fusion-static_logit gpu=1
[done] stage=core dataset=eurosat shot=8 seed=1 tag=detbayesrt_epoch-80_rpstd-0.1_rkl-1.0e-5_tpstd-0.001_tkl-1.0e-2_fusion-static_logit gpu=2
[done] stage=core dataset=eurosat shot=8 seed=1 tag=detbayesrt_epoch-80_rpstd-0.1_rkl-1.0e-5_tpstd-0.001_tkl-1.0e-3_fusion-static_logit gpu=2
[done] stage=core dataset=eurosat shot=8 seed=1 tag=detbayesrt_epoch-80_rpstd-0.1_rkl-1.0e-4_tpstd-0.1_tkl-5.0e-2_fusion-static_logit gpu=2
[launch] stage=core dataset=eurosat shot=8 seed=1 tag=detbayesrt_epoch-80_rpstd-0.1_rkl-1.0e-4_tpstd-0.001_tkl-1.0e-3_fusion-static_logit gpu=2
[launch] stage=core dataset=eurosat shot=8 seed=1 tag=detbayesrt_epoch-80_rpstd-0.1_rkl-1.0e-3_tpstd-0.1_tkl-5.0e-2_fusion-static_logit gpu=2
[launch] stage=core dataset=eurosat shot=8 seed=1 tag=detbayesrt_epoch-80_rpstd-0.1_rkl-1.0e-3_tpstd-0.1_tkl-1.0e-2_fusion-static_logit gpu=2
[done] stage=core dataset=eurosat shot=8 seed=1 tag=detbayesrt_epoch-80_rpstd-0.1_rkl-1.0e-4_tpstd-0.1_tkl-1.0e-3_fusion-static_logit gpu=0
[launch] stage=core dataset=eurosat shot=8 seed=1 tag=detbayesrt_epoch-80_rpstd-0.1_rkl-1.0e-3_tpstd-0.1_tkl-1.0e-3_fusion-static_logit gpu=0
[done] stage=core dataset=eurosat shot=8 seed=1 tag=detbayesrt_epoch-80_rpstd-0.1_rkl-1.0e-4_tpstd-0.01_tkl-1.0e-2_fusion-static_logit gpu=1
[done] stage=core dataset=eurosat shot=8 seed=1 tag=detbayesrt_epoch-80_rpstd-0.1_rkl-1.0e-4_tpstd-0.01_tkl-5.0e-2_fusion-static_logit gpu=1
[launch] stage=core dataset=eurosat shot=8 seed=1 tag=detbayesrt_epoch-80_rpstd-0.1_rkl-1.0e-3_tpstd-0.01_tkl-5.0e-2_fusion-static_logit gpu=1
[launch] stage=core dataset=eurosat shot=8 seed=1 tag=detbayesrt_epoch-80_rpstd-0.1_rkl-1.0e-3_tpstd-0.01_tkl-1.0e-2_fusion-static_logit gpu=1
[done] stage=core dataset=eurosat shot=8 seed=1 tag=detbayesrt_epoch-80_rpstd-0.1_rkl-1.0e-4_tpstd-0.01_tkl-1.0e-3_fusion-static_logit gpu=0
[done] stage=core dataset=eurosat shot=8 seed=1 tag=detbayesrt_epoch-80_rpstd-0.1_rkl-1.0e-4_tpstd-0.001_tkl-5.0e-2_fusion-static_logit gpu=0
[launch] stage=core dataset=eurosat shot=8 seed=1 tag=detbayesrt_epoch-80_rpstd-0.1_rkl-1.0e-3_tpstd-0.01_tkl-1.0e-3_fusion-static_logit gpu=0
[launch] stage=core dataset=eurosat shot=8 seed=1 tag=detbayesrt_epoch-80_rpstd-0.1_rkl-1.0e-3_tpstd-0.001_tkl-5.0e-2_fusion-static_logit gpu=0
[done] stage=core dataset=eurosat shot=8 seed=1 tag=detbayesrt_epoch-80_rpstd-0.1_rkl-1.0e-4_tpstd-0.001_tkl-1.0e-2_fusion-static_logit gpu=1
[launch] stage=core dataset=eurosat shot=8 seed=1 tag=detbayesrt_epoch-80_rpstd-0.1_rkl-1.0e-3_tpstd-0.001_tkl-1.0e-2_fusion-static_logit gpu=1
[done] stage=core dataset=eurosat shot=8 seed=1 tag=detbayesrt_epoch-80_rpstd-0.1_rkl-1.0e-4_tpstd-0.001_tkl-1.0e-3_fusion-static_logit gpu=2
[done] stage=core dataset=eurosat shot=8 seed=1 tag=detbayesrt_epoch-80_rpstd-0.1_rkl-1.0e-3_tpstd-0.1_tkl-5.0e-2_fusion-static_logit gpu=2
[done] stage=core dataset=eurosat shot=8 seed=1 tag=detbayesrt_epoch-80_rpstd-0.1_rkl-1.0e-3_tpstd-0.1_tkl-1.0e-2_fusion-static_logit gpu=2
[launch] stage=core dataset=eurosat shot=8 seed=1 tag=detbayesrt_epoch-80_rpstd-0.1_rkl-1.0e-3_tpstd-0.001_tkl-1.0e-3_fusion-static_logit gpu=2
[launch] stage=core dataset=eurosat shot=8 seed=1 tag=detbayesrt_epoch-80_rpstd-0.01_rkl-1.0e-5_tpstd-0.1_tkl-5.0e-2_fusion-static_logit gpu=2
[launch] stage=core dataset=eurosat shot=8 seed=1 tag=detbayesrt_epoch-80_rpstd-0.01_rkl-1.0e-5_tpstd-0.1_tkl-1.0e-2_fusion-static_logit gpu=2
[done] stage=core dataset=eurosat shot=8 seed=1 tag=detbayesrt_epoch-80_rpstd-0.1_rkl-1.0e-3_tpstd-0.1_tkl-1.0e-3_fusion-static_logit gpu=0
[launch] stage=core dataset=eurosat shot=8 seed=1 tag=detbayesrt_epoch-80_rpstd-0.01_rkl-1.0e-5_tpstd-0.1_tkl-1.0e-3_fusion-static_logit gpu=0
[done] stage=core dataset=eurosat shot=8 seed=1 tag=detbayesrt_epoch-80_rpstd-0.1_rkl-1.0e-3_tpstd-0.01_tkl-5.0e-2_fusion-static_logit gpu=1
[done] stage=core dataset=eurosat shot=8 seed=1 tag=detbayesrt_epoch-80_rpstd-0.1_rkl-1.0e-3_tpstd-0.01_tkl-1.0e-2_fusion-static_logit gpu=1
[launch] stage=core dataset=eurosat shot=8 seed=1 tag=detbayesrt_epoch-80_rpstd-0.01_rkl-1.0e-5_tpstd-0.01_tkl-5.0e-2_fusion-static_logit gpu=1
[launch] stage=core dataset=eurosat shot=8 seed=1 tag=detbayesrt_epoch-80_rpstd-0.01_rkl-1.0e-5_tpstd-0.01_tkl-1.0e-2_fusion-static_logit gpu=1
[done] stage=core dataset=eurosat shot=8 seed=1 tag=detbayesrt_epoch-80_rpstd-0.1_rkl-1.0e-3_tpstd-0.001_tkl-5.0e-2_fusion-static_logit gpu=0
[launch] stage=core dataset=eurosat shot=8 seed=1 tag=detbayesrt_epoch-80_rpstd-0.01_rkl-1.0e-5_tpstd-0.01_tkl-1.0e-3_fusion-static_logit gpu=0
[done] stage=core dataset=eurosat shot=8 seed=1 tag=detbayesrt_epoch-80_rpstd-0.1_rkl-1.0e-3_tpstd-0.01_tkl-1.0e-3_fusion-static_logit gpu=0
[launch] stage=core dataset=eurosat shot=8 seed=1 tag=detbayesrt_epoch-80_rpstd-0.01_rkl-1.0e-5_tpstd-0.001_tkl-5.0e-2_fusion-static_logit gpu=0
[done] stage=core dataset=eurosat shot=8 seed=1 tag=detbayesrt_epoch-80_rpstd-0.1_rkl-1.0e-3_tpstd-0.001_tkl-1.0e-2_fusion-static_logit gpu=1
[launch] stage=core dataset=eurosat shot=8 seed=1 tag=detbayesrt_epoch-80_rpstd-0.01_rkl-1.0e-5_tpstd-0.001_tkl-1.0e-2_fusion-static_logit gpu=1
[done] stage=core dataset=eurosat shot=8 seed=1 tag=detbayesrt_epoch-80_rpstd-0.1_rkl-1.0e-3_tpstd-0.001_tkl-1.0e-3_fusion-static_logit gpu=2
[launch] stage=core dataset=eurosat shot=8 seed=1 tag=detbayesrt_epoch-80_rpstd-0.01_rkl-1.0e-5_tpstd-0.001_tkl-1.0e-3_fusion-static_logit gpu=2
[done] stage=core dataset=eurosat shot=8 seed=1 tag=detbayesrt_epoch-80_rpstd-0.01_rkl-1.0e-5_tpstd-0.1_tkl-1.0e-3_fusion-static_logit gpu=0
[done] stage=core dataset=eurosat shot=8 seed=1 tag=detbayesrt_epoch-80_rpstd-0.01_rkl-1.0e-5_tpstd-0.1_tkl-5.0e-2_fusion-static_logit gpu=2
[done] stage=core dataset=eurosat shot=8 seed=1 tag=detbayesrt_epoch-80_rpstd-0.01_rkl-1.0e-5_tpstd-0.1_tkl-1.0e-2_fusion-static_logit gpu=2
[launch] stage=core dataset=eurosat shot=8 seed=1 tag=detbayesrt_epoch-80_rpstd-0.01_rkl-1.0e-4_tpstd-0.1_tkl-5.0e-2_fusion-static_logit gpu=0
[launch] stage=core dataset=eurosat shot=8 seed=1 tag=detbayesrt_epoch-80_rpstd-0.01_rkl-1.0e-4_tpstd-0.1_tkl-1.0e-2_fusion-static_logit gpu=2
[launch] stage=core dataset=eurosat shot=8 seed=1 tag=detbayesrt_epoch-80_rpstd-0.01_rkl-1.0e-4_tpstd-0.1_tkl-1.0e-3_fusion-static_logit gpu=2
[done] stage=core dataset=eurosat shot=8 seed=1 tag=detbayesrt_epoch-80_rpstd-0.01_rkl-1.0e-5_tpstd-0.001_tkl-5.0e-2_fusion-static_logit gpu=0
[done] stage=core dataset=eurosat shot=8 seed=1 tag=detbayesrt_epoch-80_rpstd-0.01_rkl-1.0e-5_tpstd-0.01_tkl-1.0e-3_fusion-static_logit gpu=0
[done] stage=core dataset=eurosat shot=8 seed=1 tag=detbayesrt_epoch-80_rpstd-0.01_rkl-1.0e-5_tpstd-0.01_tkl-5.0e-2_fusion-static_logit gpu=1
[done] stage=core dataset=eurosat shot=8 seed=1 tag=detbayesrt_epoch-80_rpstd-0.01_rkl-1.0e-5_tpstd-0.01_tkl-1.0e-2_fusion-static_logit gpu=1
[launch] stage=core dataset=eurosat shot=8 seed=1 tag=detbayesrt_epoch-80_rpstd-0.01_rkl-1.0e-4_tpstd-0.01_tkl-5.0e-2_fusion-static_logit gpu=0
[launch] stage=core dataset=eurosat shot=8 seed=1 tag=detbayesrt_epoch-80_rpstd-0.01_rkl-1.0e-4_tpstd-0.01_tkl-1.0e-2_fusion-static_logit gpu=0
[launch] stage=core dataset=eurosat shot=8 seed=1 tag=detbayesrt_epoch-80_rpstd-0.01_rkl-1.0e-4_tpstd-0.01_tkl-1.0e-3_fusion-static_logit gpu=1
[launch] stage=core dataset=eurosat shot=8 seed=1 tag=detbayesrt_epoch-80_rpstd-0.01_rkl-1.0e-4_tpstd-0.001_tkl-5.0e-2_fusion-static_logit gpu=1
[done] stage=core dataset=eurosat shot=8 seed=1 tag=detbayesrt_epoch-80_rpstd-0.01_rkl-1.0e-5_tpstd-0.001_tkl-1.0e-2_fusion-static_logit gpu=1
[launch] stage=core dataset=eurosat shot=8 seed=1 tag=detbayesrt_epoch-80_rpstd-0.01_rkl-1.0e-4_tpstd-0.001_tkl-1.0e-2_fusion-static_logit gpu=1
[done] stage=core dataset=eurosat shot=8 seed=1 tag=detbayesrt_epoch-80_rpstd-0.01_rkl-1.0e-4_tpstd-0.1_tkl-5.0e-2_fusion-static_logit gpu=0
[launch] stage=core dataset=eurosat shot=8 seed=1 tag=detbayesrt_epoch-80_rpstd-0.01_rkl-1.0e-4_tpstd-0.001_tkl-1.0e-3_fusion-static_logit gpu=0
[done] stage=core dataset=eurosat shot=8 seed=1 tag=detbayesrt_epoch-80_rpstd-0.01_rkl-1.0e-5_tpstd-0.001_tkl-1.0e-3_fusion-static_logit gpu=2
[launch] stage=core dataset=eurosat shot=8 seed=1 tag=detbayesrt_epoch-80_rpstd-0.01_rkl-1.0e-3_tpstd-0.1_tkl-5.0e-2_fusion-static_logit gpu=2
[done] stage=core dataset=eurosat shot=8 seed=1 tag=detbayesrt_epoch-80_rpstd-0.01_rkl-1.0e-4_tpstd-0.1_tkl-1.0e-2_fusion-static_logit gpu=2
[done] stage=core dataset=eurosat shot=8 seed=1 tag=detbayesrt_epoch-80_rpstd-0.01_rkl-1.0e-4_tpstd-0.1_tkl-1.0e-3_fusion-static_logit gpu=2
[launch] stage=core dataset=eurosat shot=8 seed=1 tag=detbayesrt_epoch-80_rpstd-0.01_rkl-1.0e-3_tpstd-0.1_tkl-1.0e-2_fusion-static_logit gpu=2
[launch] stage=core dataset=eurosat shot=8 seed=1 tag=detbayesrt_epoch-80_rpstd-0.01_rkl-1.0e-3_tpstd-0.1_tkl-1.0e-3_fusion-static_logit gpu=2
[done] stage=core dataset=eurosat shot=8 seed=1 tag=detbayesrt_epoch-80_rpstd-0.01_rkl-1.0e-4_tpstd-0.01_tkl-1.0e-2_fusion-static_logit gpu=0
[launch] stage=core dataset=eurosat shot=8 seed=1 tag=detbayesrt_epoch-80_rpstd-0.01_rkl-1.0e-3_tpstd-0.01_tkl-5.0e-2_fusion-static_logit gpu=0
[done] stage=core dataset=eurosat shot=8 seed=1 tag=detbayesrt_epoch-80_rpstd-0.01_rkl-1.0e-4_tpstd-0.01_tkl-5.0e-2_fusion-static_logit gpu=0
[done] stage=core dataset=eurosat shot=8 seed=1 tag=detbayesrt_epoch-80_rpstd-0.01_rkl-1.0e-4_tpstd-0.01_tkl-1.0e-3_fusion-static_logit gpu=1
[done] stage=core dataset=eurosat shot=8 seed=1 tag=detbayesrt_epoch-80_rpstd-0.01_rkl-1.0e-4_tpstd-0.001_tkl-5.0e-2_fusion-static_logit gpu=1
[launch] stage=core dataset=eurosat shot=8 seed=1 tag=detbayesrt_epoch-80_rpstd-0.01_rkl-1.0e-3_tpstd-0.01_tkl-1.0e-2_fusion-static_logit gpu=0
[launch] stage=core dataset=eurosat shot=8 seed=1 tag=detbayesrt_epoch-80_rpstd-0.01_rkl-1.0e-3_tpstd-0.01_tkl-1.0e-3_fusion-static_logit gpu=1
[launch] stage=core dataset=eurosat shot=8 seed=1 tag=detbayesrt_epoch-80_rpstd-0.01_rkl-1.0e-3_tpstd-0.001_tkl-5.0e-2_fusion-static_logit gpu=1
[done] stage=core dataset=eurosat shot=8 seed=1 tag=detbayesrt_epoch-80_rpstd-0.01_rkl-1.0e-4_tpstd-0.001_tkl-1.0e-2_fusion-static_logit gpu=1
[launch] stage=core dataset=eurosat shot=8 seed=1 tag=detbayesrt_epoch-80_rpstd-0.01_rkl-1.0e-3_tpstd-0.001_tkl-1.0e-2_fusion-static_logit gpu=1
[done] stage=core dataset=eurosat shot=8 seed=1 tag=detbayesrt_epoch-80_rpstd-0.01_rkl-1.0e-4_tpstd-0.001_tkl-1.0e-3_fusion-static_logit gpu=0
[launch] stage=core dataset=eurosat shot=8 seed=1 tag=detbayesrt_epoch-80_rpstd-0.01_rkl-1.0e-3_tpstd-0.001_tkl-1.0e-3_fusion-static_logit gpu=0
[done] stage=core dataset=eurosat shot=8 seed=1 tag=detbayesrt_epoch-80_rpstd-0.01_rkl-1.0e-3_tpstd-0.1_tkl-5.0e-2_fusion-static_logit gpu=2
[launch] stage=core dataset=eurosat shot=8 seed=1 tag=detbayesrt_epoch-80_rpstd-0.001_rkl-1.0e-5_tpstd-0.1_tkl-5.0e-2_fusion-static_logit gpu=2
[done] stage=core dataset=eurosat shot=8 seed=1 tag=detbayesrt_epoch-80_rpstd-0.01_rkl-1.0e-3_tpstd-0.1_tkl-1.0e-2_fusion-static_logit gpu=2
[done] stage=core dataset=eurosat shot=8 seed=1 tag=detbayesrt_epoch-80_rpstd-0.01_rkl-1.0e-3_tpstd-0.1_tkl-1.0e-3_fusion-static_logit gpu=2
[launch] stage=core dataset=eurosat shot=8 seed=1 tag=detbayesrt_epoch-80_rpstd-0.001_rkl-1.0e-5_tpstd-0.1_tkl-1.0e-2_fusion-static_logit gpu=2
[launch] stage=core dataset=eurosat shot=8 seed=1 tag=detbayesrt_epoch-80_rpstd-0.001_rkl-1.0e-5_tpstd-0.1_tkl-1.0e-3_fusion-static_logit gpu=2
[done] stage=core dataset=eurosat shot=8 seed=1 tag=detbayesrt_epoch-80_rpstd-0.01_rkl-1.0e-3_tpstd-0.01_tkl-5.0e-2_fusion-static_logit gpu=0
[launch] stage=core dataset=eurosat shot=8 seed=1 tag=detbayesrt_epoch-80_rpstd-0.001_rkl-1.0e-5_tpstd-0.01_tkl-5.0e-2_fusion-static_logit gpu=0
[done] stage=core dataset=eurosat shot=8 seed=1 tag=detbayesrt_epoch-80_rpstd-0.01_rkl-1.0e-3_tpstd-0.01_tkl-1.0e-2_fusion-static_logit gpu=0
[done] stage=core dataset=eurosat shot=8 seed=1 tag=detbayesrt_epoch-80_rpstd-0.01_rkl-1.0e-3_tpstd-0.01_tkl-1.0e-3_fusion-static_logit gpu=1
[done] stage=core dataset=eurosat shot=8 seed=1 tag=detbayesrt_epoch-80_rpstd-0.01_rkl-1.0e-3_tpstd-0.001_tkl-5.0e-2_fusion-static_logit gpu=1
[launch] stage=core dataset=eurosat shot=8 seed=1 tag=detbayesrt_epoch-80_rpstd-0.001_rkl-1.0e-5_tpstd-0.01_tkl-1.0e-2_fusion-static_logit gpu=0
[launch] stage=core dataset=eurosat shot=8 seed=1 tag=detbayesrt_epoch-80_rpstd-0.001_rkl-1.0e-5_tpstd-0.01_tkl-1.0e-3_fusion-static_logit gpu=1
[launch] stage=core dataset=eurosat shot=8 seed=1 tag=detbayesrt_epoch-80_rpstd-0.001_rkl-1.0e-5_tpstd-0.001_tkl-5.0e-2_fusion-static_logit gpu=1
[done] stage=core dataset=eurosat shot=8 seed=1 tag=detbayesrt_epoch-80_rpstd-0.01_rkl-1.0e-3_tpstd-0.001_tkl-1.0e-2_fusion-static_logit gpu=1
[launch] stage=core dataset=eurosat shot=8 seed=1 tag=detbayesrt_epoch-80_rpstd-0.001_rkl-1.0e-5_tpstd-0.001_tkl-1.0e-2_fusion-static_logit gpu=1
[done] stage=core dataset=eurosat shot=8 seed=1 tag=detbayesrt_epoch-80_rpstd-0.01_rkl-1.0e-3_tpstd-0.001_tkl-1.0e-3_fusion-static_logit gpu=0
[launch] stage=core dataset=eurosat shot=8 seed=1 tag=detbayesrt_epoch-80_rpstd-0.001_rkl-1.0e-5_tpstd-0.001_tkl-1.0e-3_fusion-static_logit gpu=0
[done] stage=core dataset=eurosat shot=8 seed=1 tag=detbayesrt_epoch-80_rpstd-0.001_rkl-1.0e-5_tpstd-0.1_tkl-5.0e-2_fusion-static_logit gpu=2
[launch] stage=core dataset=eurosat shot=8 seed=1 tag=detbayesrt_epoch-80_rpstd-0.001_rkl-1.0e-4_tpstd-0.1_tkl-5.0e-2_fusion-static_logit gpu=2
[done] stage=core dataset=eurosat shot=8 seed=1 tag=detbayesrt_epoch-80_rpstd-0.001_rkl-1.0e-5_tpstd-0.1_tkl-1.0e-2_fusion-static_logit gpu=2
[done] stage=core dataset=eurosat shot=8 seed=1 tag=detbayesrt_epoch-80_rpstd-0.001_rkl-1.0e-5_tpstd-0.1_tkl-1.0e-3_fusion-static_logit gpu=2
[launch] stage=core dataset=eurosat shot=8 seed=1 tag=detbayesrt_epoch-80_rpstd-0.001_rkl-1.0e-4_tpstd-0.1_tkl-1.0e-2_fusion-static_logit gpu=2
[launch] stage=core dataset=eurosat shot=8 seed=1 tag=detbayesrt_epoch-80_rpstd-0.001_rkl-1.0e-4_tpstd-0.1_tkl-1.0e-3_fusion-static_logit gpu=2
[done] stage=core dataset=eurosat shot=8 seed=1 tag=detbayesrt_epoch-80_rpstd-0.001_rkl-1.0e-5_tpstd-0.01_tkl-1.0e-2_fusion-static_logit gpu=0
[done] stage=core dataset=eurosat shot=8 seed=1 tag=detbayesrt_epoch-80_rpstd-0.001_rkl-1.0e-5_tpstd-0.01_tkl-5.0e-2_fusion-static_logit gpu=0
[launch] stage=core dataset=eurosat shot=8 seed=1 tag=detbayesrt_epoch-80_rpstd-0.001_rkl-1.0e-4_tpstd-0.01_tkl-5.0e-2_fusion-static_logit gpu=0
[launch] stage=core dataset=eurosat shot=8 seed=1 tag=detbayesrt_epoch-80_rpstd-0.001_rkl-1.0e-4_tpstd-0.01_tkl-1.0e-2_fusion-static_logit gpu=0
[done] stage=core dataset=eurosat shot=8 seed=1 tag=detbayesrt_epoch-80_rpstd-0.001_rkl-1.0e-5_tpstd-0.01_tkl-1.0e-3_fusion-static_logit gpu=1
[done] stage=core dataset=eurosat shot=8 seed=1 tag=detbayesrt_epoch-80_rpstd-0.001_rkl-1.0e-5_tpstd-0.001_tkl-5.0e-2_fusion-static_logit gpu=1
[launch] stage=core dataset=eurosat shot=8 seed=1 tag=detbayesrt_epoch-80_rpstd-0.001_rkl-1.0e-4_tpstd-0.01_tkl-1.0e-3_fusion-static_logit gpu=1
[launch] stage=core dataset=eurosat shot=8 seed=1 tag=detbayesrt_epoch-80_rpstd-0.001_rkl-1.0e-4_tpstd-0.001_tkl-5.0e-2_fusion-static_logit gpu=1
[done] stage=core dataset=eurosat shot=8 seed=1 tag=detbayesrt_epoch-80_rpstd-0.001_rkl-1.0e-5_tpstd-0.001_tkl-1.0e-2_fusion-static_logit gpu=1
[launch] stage=core dataset=eurosat shot=8 seed=1 tag=detbayesrt_epoch-80_rpstd-0.001_rkl-1.0e-4_tpstd-0.001_tkl-1.0e-2_fusion-static_logit gpu=1
[done] stage=core dataset=eurosat shot=8 seed=1 tag=detbayesrt_epoch-80_rpstd-0.001_rkl-1.0e-5_tpstd-0.001_tkl-1.0e-3_fusion-static_logit gpu=0
[launch] stage=core dataset=eurosat shot=8 seed=1 tag=detbayesrt_epoch-80_rpstd-0.001_rkl-1.0e-4_tpstd-0.001_tkl-1.0e-3_fusion-static_logit gpu=0
[done] stage=core dataset=eurosat shot=8 seed=1 tag=detbayesrt_epoch-80_rpstd-0.001_rkl-1.0e-4_tpstd-0.1_tkl-5.0e-2_fusion-static_logit gpu=2
[launch] stage=core dataset=eurosat shot=8 seed=1 tag=detbayesrt_epoch-80_rpstd-0.001_rkl-1.0e-3_tpstd-0.1_tkl-5.0e-2_fusion-static_logit gpu=2
[done] stage=core dataset=eurosat shot=8 seed=1 tag=detbayesrt_epoch-80_rpstd-0.001_rkl-1.0e-4_tpstd-0.1_tkl-1.0e-3_fusion-static_logit gpu=2
[launch] stage=core dataset=eurosat shot=8 seed=1 tag=detbayesrt_epoch-80_rpstd-0.001_rkl-1.0e-3_tpstd-0.1_tkl-1.0e-2_fusion-static_logit gpu=2
[done] stage=core dataset=eurosat shot=8 seed=1 tag=detbayesrt_epoch-80_rpstd-0.001_rkl-1.0e-4_tpstd-0.1_tkl-1.0e-2_fusion-static_logit gpu=2
[launch] stage=core dataset=eurosat shot=8 seed=1 tag=detbayesrt_epoch-80_rpstd-0.001_rkl-1.0e-3_tpstd-0.1_tkl-1.0e-3_fusion-static_logit gpu=2
[done] stage=core dataset=eurosat shot=8 seed=1 tag=detbayesrt_epoch-80_rpstd-0.001_rkl-1.0e-4_tpstd-0.01_tkl-5.0e-2_fusion-static_logit gpu=0
[done] stage=core dataset=eurosat shot=8 seed=1 tag=detbayesrt_epoch-80_rpstd-0.001_rkl-1.0e-4_tpstd-0.01_tkl-1.0e-2_fusion-static_logit gpu=0
[launch] stage=core dataset=eurosat shot=8 seed=1 tag=detbayesrt_epoch-80_rpstd-0.001_rkl-1.0e-3_tpstd-0.01_tkl-5.0e-2_fusion-static_logit gpu=0
[launch] stage=core dataset=eurosat shot=8 seed=1 tag=detbayesrt_epoch-80_rpstd-0.001_rkl-1.0e-3_tpstd-0.01_tkl-1.0e-2_fusion-static_logit gpu=0
[done] stage=core dataset=eurosat shot=8 seed=1 tag=detbayesrt_epoch-80_rpstd-0.001_rkl-1.0e-4_tpstd-0.01_tkl-1.0e-3_fusion-static_logit gpu=1
[done] stage=core dataset=eurosat shot=8 seed=1 tag=detbayesrt_epoch-80_rpstd-0.001_rkl-1.0e-4_tpstd-0.001_tkl-5.0e-2_fusion-static_logit gpu=1
[launch] stage=core dataset=eurosat shot=8 seed=1 tag=detbayesrt_epoch-80_rpstd-0.001_rkl-1.0e-3_tpstd-0.01_tkl-1.0e-3_fusion-static_logit gpu=1
[launch] stage=core dataset=eurosat shot=8 seed=1 tag=detbayesrt_epoch-80_rpstd-0.001_rkl-1.0e-3_tpstd-0.001_tkl-5.0e-2_fusion-static_logit gpu=1
[done] stage=core dataset=eurosat shot=8 seed=1 tag=detbayesrt_epoch-80_rpstd-0.001_rkl-1.0e-4_tpstd-0.001_tkl-1.0e-2_fusion-static_logit gpu=1
[launch] stage=core dataset=eurosat shot=8 seed=1 tag=detbayesrt_epoch-80_rpstd-0.001_rkl-1.0e-3_tpstd-0.001_tkl-1.0e-2_fusion-static_logit gpu=1
[done] stage=core dataset=eurosat shot=8 seed=1 tag=detbayesrt_epoch-80_rpstd-0.001_rkl-1.0e-4_tpstd-0.001_tkl-1.0e-3_fusion-static_logit gpu=0
[launch] stage=core dataset=eurosat shot=8 seed=1 tag=detbayesrt_epoch-80_rpstd-0.001_rkl-1.0e-3_tpstd-0.001_tkl-1.0e-3_fusion-static_logit gpu=0
[done] stage=core dataset=eurosat shot=8 seed=1 tag=detbayesrt_epoch-80_rpstd-0.001_rkl-1.0e-3_tpstd-0.1_tkl-5.0e-2_fusion-static_logit gpu=2
[launch] stage=core dataset=eurosat shot=16 seed=1 tag=detbayesrt_epoch-80_rpstd-0.1_rkl-1.0e-5_tpstd-0.1_tkl-5.0e-2_fusion-static_logit gpu=2
[done] stage=core dataset=eurosat shot=8 seed=1 tag=detbayesrt_epoch-80_rpstd-0.001_rkl-1.0e-3_tpstd-0.1_tkl-1.0e-3_fusion-static_logit gpu=2
[done] stage=core dataset=eurosat shot=8 seed=1 tag=detbayesrt_epoch-80_rpstd-0.001_rkl-1.0e-3_tpstd-0.1_tkl-1.0e-2_fusion-static_logit gpu=2
[launch] stage=core dataset=eurosat shot=16 seed=1 tag=detbayesrt_epoch-80_rpstd-0.1_rkl-1.0e-5_tpstd-0.1_tkl-1.0e-2_fusion-static_logit gpu=2
[launch] stage=core dataset=eurosat shot=16 seed=1 tag=detbayesrt_epoch-80_rpstd-0.1_rkl-1.0e-5_tpstd-0.1_tkl-1.0e-3_fusion-static_logit gpu=2
[done] stage=core dataset=eurosat shot=8 seed=1 tag=detbayesrt_epoch-80_rpstd-0.001_rkl-1.0e-3_tpstd-0.01_tkl-5.0e-2_fusion-static_logit gpu=0
[done] stage=core dataset=eurosat shot=8 seed=1 tag=detbayesrt_epoch-80_rpstd-0.001_rkl-1.0e-3_tpstd-0.01_tkl-1.0e-2_fusion-static_logit gpu=0
[launch] stage=core dataset=eurosat shot=16 seed=1 tag=detbayesrt_epoch-80_rpstd-0.1_rkl-1.0e-5_tpstd-0.01_tkl-5.0e-2_fusion-static_logit gpu=0
[launch] stage=core dataset=eurosat shot=16 seed=1 tag=detbayesrt_epoch-80_rpstd-0.1_rkl-1.0e-5_tpstd-0.01_tkl-1.0e-2_fusion-static_logit gpu=0
[done] stage=core dataset=eurosat shot=8 seed=1 tag=detbayesrt_epoch-80_rpstd-0.001_rkl-1.0e-3_tpstd-0.01_tkl-1.0e-3_fusion-static_logit gpu=1
[done] stage=core dataset=eurosat shot=8 seed=1 tag=detbayesrt_epoch-80_rpstd-0.001_rkl-1.0e-3_tpstd-0.001_tkl-5.0e-2_fusion-static_logit gpu=1
[launch] stage=core dataset=eurosat shot=16 seed=1 tag=detbayesrt_epoch-80_rpstd-0.1_rkl-1.0e-5_tpstd-0.01_tkl-1.0e-3_fusion-static_logit gpu=1
[launch] stage=core dataset=eurosat shot=16 seed=1 tag=detbayesrt_epoch-80_rpstd-0.1_rkl-1.0e-5_tpstd-0.001_tkl-5.0e-2_fusion-static_logit gpu=1
[done] stage=core dataset=eurosat shot=8 seed=1 tag=detbayesrt_epoch-80_rpstd-0.001_rkl-1.0e-3_tpstd-0.001_tkl-1.0e-2_fusion-static_logit gpu=1
[launch] stage=core dataset=eurosat shot=16 seed=1 tag=detbayesrt_epoch-80_rpstd-0.1_rkl-1.0e-5_tpstd-0.001_tkl-1.0e-2_fusion-static_logit gpu=1
[done] stage=core dataset=eurosat shot=8 seed=1 tag=detbayesrt_epoch-80_rpstd-0.001_rkl-1.0e-3_tpstd-0.001_tkl-1.0e-3_fusion-static_logit gpu=0
[launch] stage=core dataset=eurosat shot=16 seed=1 tag=detbayesrt_epoch-80_rpstd-0.1_rkl-1.0e-5_tpstd-0.001_tkl-1.0e-3_fusion-static_logit gpu=0
[done] stage=core dataset=eurosat shot=16 seed=1 tag=detbayesrt_epoch-80_rpstd-0.1_rkl-1.0e-5_tpstd-0.1_tkl-5.0e-2_fusion-static_logit gpu=2
[launch] stage=core dataset=eurosat shot=16 seed=1 tag=detbayesrt_epoch-80_rpstd-0.1_rkl-1.0e-4_tpstd-0.1_tkl-5.0e-2_fusion-static_logit gpu=2
[done] stage=core dataset=eurosat shot=16 seed=1 tag=detbayesrt_epoch-80_rpstd-0.1_rkl-1.0e-5_tpstd-0.1_tkl-1.0e-2_fusion-static_logit gpu=2
[done] stage=core dataset=eurosat shot=16 seed=1 tag=detbayesrt_epoch-80_rpstd-0.1_rkl-1.0e-5_tpstd-0.1_tkl-1.0e-3_fusion-static_logit gpu=2
[launch] stage=core dataset=eurosat shot=16 seed=1 tag=detbayesrt_epoch-80_rpstd-0.1_rkl-1.0e-4_tpstd-0.1_tkl-1.0e-2_fusion-static_logit gpu=2
[launch] stage=core dataset=eurosat shot=16 seed=1 tag=detbayesrt_epoch-80_rpstd-0.1_rkl-1.0e-4_tpstd-0.1_tkl-1.0e-3_fusion-static_logit gpu=2
[done] stage=core dataset=eurosat shot=16 seed=1 tag=detbayesrt_epoch-80_rpstd-0.1_rkl-1.0e-5_tpstd-0.01_tkl-5.0e-2_fusion-static_logit gpu=0
[done] stage=core dataset=eurosat shot=16 seed=1 tag=detbayesrt_epoch-80_rpstd-0.1_rkl-1.0e-5_tpstd-0.01_tkl-1.0e-2_fusion-static_logit gpu=0
[launch] stage=core dataset=eurosat shot=16 seed=1 tag=detbayesrt_epoch-80_rpstd-0.1_rkl-1.0e-4_tpstd-0.01_tkl-5.0e-2_fusion-static_logit gpu=0
[launch] stage=core dataset=eurosat shot=16 seed=1 tag=detbayesrt_epoch-80_rpstd-0.1_rkl-1.0e-4_tpstd-0.01_tkl-1.0e-2_fusion-static_logit gpu=0
[done] stage=core dataset=eurosat shot=16 seed=1 tag=detbayesrt_epoch-80_rpstd-0.1_rkl-1.0e-5_tpstd-0.01_tkl-1.0e-3_fusion-static_logit gpu=1
[launch] stage=core dataset=eurosat shot=16 seed=1 tag=detbayesrt_epoch-80_rpstd-0.1_rkl-1.0e-4_tpstd-0.01_tkl-1.0e-3_fusion-static_logit gpu=1
[done] stage=core dataset=eurosat shot=16 seed=1 tag=detbayesrt_epoch-80_rpstd-0.1_rkl-1.0e-5_tpstd-0.001_tkl-1.0e-2_fusion-static_logit gpu=1
[done] stage=core dataset=eurosat shot=16 seed=1 tag=detbayesrt_epoch-80_rpstd-0.1_rkl-1.0e-5_tpstd-0.001_tkl-5.0e-2_fusion-static_logit gpu=1
[launch] stage=core dataset=eurosat shot=16 seed=1 tag=detbayesrt_epoch-80_rpstd-0.1_rkl-1.0e-4_tpstd-0.001_tkl-5.0e-2_fusion-static_logit gpu=1
[launch] stage=core dataset=eurosat shot=16 seed=1 tag=detbayesrt_epoch-80_rpstd-0.1_rkl-1.0e-4_tpstd-0.001_tkl-1.0e-2_fusion-static_logit gpu=1
[done] stage=core dataset=eurosat shot=16 seed=1 tag=detbayesrt_epoch-80_rpstd-0.1_rkl-1.0e-5_tpstd-0.001_tkl-1.0e-3_fusion-static_logit gpu=0
[launch] stage=core dataset=eurosat shot=16 seed=1 tag=detbayesrt_epoch-80_rpstd-0.1_rkl-1.0e-4_tpstd-0.001_tkl-1.0e-3_fusion-static_logit gpu=0
[done] stage=core dataset=eurosat shot=16 seed=1 tag=detbayesrt_epoch-80_rpstd-0.1_rkl-1.0e-4_tpstd-0.1_tkl-5.0e-2_fusion-static_logit gpu=2
[launch] stage=core dataset=eurosat shot=16 seed=1 tag=detbayesrt_epoch-80_rpstd-0.1_rkl-1.0e-3_tpstd-0.1_tkl-5.0e-2_fusion-static_logit gpu=2
[done] stage=core dataset=eurosat shot=16 seed=1 tag=detbayesrt_epoch-80_rpstd-0.1_rkl-1.0e-4_tpstd-0.1_tkl-1.0e-2_fusion-static_logit gpu=2
[done] stage=core dataset=eurosat shot=16 seed=1 tag=detbayesrt_epoch-80_rpstd-0.1_rkl-1.0e-4_tpstd-0.1_tkl-1.0e-3_fusion-static_logit gpu=2
[launch] stage=core dataset=eurosat shot=16 seed=1 tag=detbayesrt_epoch-80_rpstd-0.1_rkl-1.0e-3_tpstd-0.1_tkl-1.0e-2_fusion-static_logit gpu=2
[launch] stage=core dataset=eurosat shot=16 seed=1 tag=detbayesrt_epoch-80_rpstd-0.1_rkl-1.0e-3_tpstd-0.1_tkl-1.0e-3_fusion-static_logit gpu=2
[done] stage=core dataset=eurosat shot=16 seed=1 tag=detbayesrt_epoch-80_rpstd-0.1_rkl-1.0e-4_tpstd-0.01_tkl-5.0e-2_fusion-static_logit gpu=0
[done] stage=core dataset=eurosat shot=16 seed=1 tag=detbayesrt_epoch-80_rpstd-0.1_rkl-1.0e-4_tpstd-0.01_tkl-1.0e-2_fusion-static_logit gpu=0
[launch] stage=core dataset=eurosat shot=16 seed=1 tag=detbayesrt_epoch-80_rpstd-0.1_rkl-1.0e-3_tpstd-0.01_tkl-5.0e-2_fusion-static_logit gpu=0
[launch] stage=core dataset=eurosat shot=16 seed=1 tag=detbayesrt_epoch-80_rpstd-0.1_rkl-1.0e-3_tpstd-0.01_tkl-1.0e-2_fusion-static_logit gpu=0
[done] stage=core dataset=eurosat shot=16 seed=1 tag=detbayesrt_epoch-80_rpstd-0.1_rkl-1.0e-4_tpstd-0.01_tkl-1.0e-3_fusion-static_logit gpu=1
[launch] stage=core dataset=eurosat shot=16 seed=1 tag=detbayesrt_epoch-80_rpstd-0.1_rkl-1.0e-3_tpstd-0.01_tkl-1.0e-3_fusion-static_logit gpu=1
[done] stage=core dataset=eurosat shot=16 seed=1 tag=detbayesrt_epoch-80_rpstd-0.1_rkl-1.0e-4_tpstd-0.001_tkl-5.0e-2_fusion-static_logit gpu=1
[done] stage=core dataset=eurosat shot=16 seed=1 tag=detbayesrt_epoch-80_rpstd-0.1_rkl-1.0e-4_tpstd-0.001_tkl-1.0e-2_fusion-static_logit gpu=1
[launch] stage=core dataset=eurosat shot=16 seed=1 tag=detbayesrt_epoch-80_rpstd-0.1_rkl-1.0e-3_tpstd-0.001_tkl-5.0e-2_fusion-static_logit gpu=1
[launch] stage=core dataset=eurosat shot=16 seed=1 tag=detbayesrt_epoch-80_rpstd-0.1_rkl-1.0e-3_tpstd-0.001_tkl-1.0e-2_fusion-static_logit gpu=1
[done] stage=core dataset=eurosat shot=16 seed=1 tag=detbayesrt_epoch-80_rpstd-0.1_rkl-1.0e-4_tpstd-0.001_tkl-1.0e-3_fusion-static_logit gpu=0
[launch] stage=core dataset=eurosat shot=16 seed=1 tag=detbayesrt_epoch-80_rpstd-0.1_rkl-1.0e-3_tpstd-0.001_tkl-1.0e-3_fusion-static_logit gpu=0
[done] stage=core dataset=eurosat shot=16 seed=1 tag=detbayesrt_epoch-80_rpstd-0.1_rkl-1.0e-3_tpstd-0.1_tkl-5.0e-2_fusion-static_logit gpu=2
[launch] stage=core dataset=eurosat shot=16 seed=1 tag=detbayesrt_epoch-80_rpstd-0.01_rkl-1.0e-5_tpstd-0.1_tkl-5.0e-2_fusion-static_logit gpu=2
[done] stage=core dataset=eurosat shot=16 seed=1 tag=detbayesrt_epoch-80_rpstd-0.1_rkl-1.0e-3_tpstd-0.1_tkl-1.0e-2_fusion-static_logit gpu=2
[done] stage=core dataset=eurosat shot=16 seed=1 tag=detbayesrt_epoch-80_rpstd-0.1_rkl-1.0e-3_tpstd-0.1_tkl-1.0e-3_fusion-static_logit gpu=2
[launch] stage=core dataset=eurosat shot=16 seed=1 tag=detbayesrt_epoch-80_rpstd-0.01_rkl-1.0e-5_tpstd-0.1_tkl-1.0e-2_fusion-static_logit gpu=2
[launch] stage=core dataset=eurosat shot=16 seed=1 tag=detbayesrt_epoch-80_rpstd-0.01_rkl-1.0e-5_tpstd-0.1_tkl-1.0e-3_fusion-static_logit gpu=2
[done] stage=core dataset=eurosat shot=16 seed=1 tag=detbayesrt_epoch-80_rpstd-0.1_rkl-1.0e-3_tpstd-0.01_tkl-5.0e-2_fusion-static_logit gpu=0
[done] stage=core dataset=eurosat shot=16 seed=1 tag=detbayesrt_epoch-80_rpstd-0.1_rkl-1.0e-3_tpstd-0.01_tkl-1.0e-2_fusion-static_logit gpu=0
[launch] stage=core dataset=eurosat shot=16 seed=1 tag=detbayesrt_epoch-80_rpstd-0.01_rkl-1.0e-5_tpstd-0.01_tkl-5.0e-2_fusion-static_logit gpu=0
[launch] stage=core dataset=eurosat shot=16 seed=1 tag=detbayesrt_epoch-80_rpstd-0.01_rkl-1.0e-5_tpstd-0.01_tkl-1.0e-2_fusion-static_logit gpu=0
[done] stage=core dataset=eurosat shot=16 seed=1 tag=detbayesrt_epoch-80_rpstd-0.1_rkl-1.0e-3_tpstd-0.001_tkl-5.0e-2_fusion-static_logit gpu=1
[done] stage=core dataset=eurosat shot=16 seed=1 tag=detbayesrt_epoch-80_rpstd-0.1_rkl-1.0e-3_tpstd-0.01_tkl-1.0e-3_fusion-static_logit gpu=1
[done] stage=core dataset=eurosat shot=16 seed=1 tag=detbayesrt_epoch-80_rpstd-0.1_rkl-1.0e-3_tpstd-0.001_tkl-1.0e-2_fusion-static_logit gpu=1
[launch] stage=core dataset=eurosat shot=16 seed=1 tag=detbayesrt_epoch-80_rpstd-0.01_rkl-1.0e-5_tpstd-0.01_tkl-1.0e-3_fusion-static_logit gpu=1
[launch] stage=core dataset=eurosat shot=16 seed=1 tag=detbayesrt_epoch-80_rpstd-0.01_rkl-1.0e-5_tpstd-0.001_tkl-5.0e-2_fusion-static_logit gpu=1
[launch] stage=core dataset=eurosat shot=16 seed=1 tag=detbayesrt_epoch-80_rpstd-0.01_rkl-1.0e-5_tpstd-0.001_tkl-1.0e-2_fusion-static_logit gpu=1
[done] stage=core dataset=eurosat shot=16 seed=1 tag=detbayesrt_epoch-80_rpstd-0.1_rkl-1.0e-3_tpstd-0.001_tkl-1.0e-3_fusion-static_logit gpu=0
[launch] stage=core dataset=eurosat shot=16 seed=1 tag=detbayesrt_epoch-80_rpstd-0.01_rkl-1.0e-5_tpstd-0.001_tkl-1.0e-3_fusion-static_logit gpu=0
[done] stage=core dataset=eurosat shot=16 seed=1 tag=detbayesrt_epoch-80_rpstd-0.01_rkl-1.0e-5_tpstd-0.1_tkl-5.0e-2_fusion-static_logit gpu=2
[launch] stage=core dataset=eurosat shot=16 seed=1 tag=detbayesrt_epoch-80_rpstd-0.01_rkl-1.0e-4_tpstd-0.1_tkl-5.0e-2_fusion-static_logit gpu=2
[done] stage=core dataset=eurosat shot=16 seed=1 tag=detbayesrt_epoch-80_rpstd-0.01_rkl-1.0e-5_tpstd-0.1_tkl-1.0e-2_fusion-static_logit gpu=2
[done] stage=core dataset=eurosat shot=16 seed=1 tag=detbayesrt_epoch-80_rpstd-0.01_rkl-1.0e-5_tpstd-0.1_tkl-1.0e-3_fusion-static_logit gpu=2
[launch] stage=core dataset=eurosat shot=16 seed=1 tag=detbayesrt_epoch-80_rpstd-0.01_rkl-1.0e-4_tpstd-0.1_tkl-1.0e-2_fusion-static_logit gpu=2
[launch] stage=core dataset=eurosat shot=16 seed=1 tag=detbayesrt_epoch-80_rpstd-0.01_rkl-1.0e-4_tpstd-0.1_tkl-1.0e-3_fusion-static_logit gpu=2
[done] stage=core dataset=eurosat shot=16 seed=1 tag=detbayesrt_epoch-80_rpstd-0.01_rkl-1.0e-5_tpstd-0.01_tkl-5.0e-2_fusion-static_logit gpu=0
[done] stage=core dataset=eurosat shot=16 seed=1 tag=detbayesrt_epoch-80_rpstd-0.01_rkl-1.0e-5_tpstd-0.01_tkl-1.0e-2_fusion-static_logit gpu=0
[launch] stage=core dataset=eurosat shot=16 seed=1 tag=detbayesrt_epoch-80_rpstd-0.01_rkl-1.0e-4_tpstd-0.01_tkl-5.0e-2_fusion-static_logit gpu=0
[launch] stage=core dataset=eurosat shot=16 seed=1 tag=detbayesrt_epoch-80_rpstd-0.01_rkl-1.0e-4_tpstd-0.01_tkl-1.0e-2_fusion-static_logit gpu=0
[done] stage=core dataset=eurosat shot=16 seed=1 tag=detbayesrt_epoch-80_rpstd-0.01_rkl-1.0e-5_tpstd-0.001_tkl-1.0e-3_fusion-static_logit gpu=0
[launch] stage=core dataset=eurosat shot=16 seed=1 tag=detbayesrt_epoch-80_rpstd-0.01_rkl-1.0e-4_tpstd-0.01_tkl-1.0e-3_fusion-static_logit gpu=0
[done] stage=core dataset=eurosat shot=16 seed=1 tag=detbayesrt_epoch-80_rpstd-0.01_rkl-1.0e-5_tpstd-0.01_tkl-1.0e-3_fusion-static_logit gpu=1
[launch] stage=core dataset=eurosat shot=16 seed=1 tag=detbayesrt_epoch-80_rpstd-0.01_rkl-1.0e-4_tpstd-0.001_tkl-5.0e-2_fusion-static_logit gpu=1
[done] stage=core dataset=eurosat shot=16 seed=1 tag=detbayesrt_epoch-80_rpstd-0.01_rkl-1.0e-5_tpstd-0.001_tkl-5.0e-2_fusion-static_logit gpu=1
[done] stage=core dataset=eurosat shot=16 seed=1 tag=detbayesrt_epoch-80_rpstd-0.01_rkl-1.0e-5_tpstd-0.001_tkl-1.0e-2_fusion-static_logit gpu=1
[launch] stage=core dataset=eurosat shot=16 seed=1 tag=detbayesrt_epoch-80_rpstd-0.01_rkl-1.0e-4_tpstd-0.001_tkl-1.0e-2_fusion-static_logit gpu=1
[launch] stage=core dataset=eurosat shot=16 seed=1 tag=detbayesrt_epoch-80_rpstd-0.01_rkl-1.0e-4_tpstd-0.001_tkl-1.0e-3_fusion-static_logit gpu=1
[done] stage=core dataset=eurosat shot=16 seed=1 tag=detbayesrt_epoch-80_rpstd-0.01_rkl-1.0e-4_tpstd-0.1_tkl-5.0e-2_fusion-static_logit gpu=2
[launch] stage=core dataset=eurosat shot=16 seed=1 tag=detbayesrt_epoch-80_rpstd-0.01_rkl-1.0e-3_tpstd-0.1_tkl-5.0e-2_fusion-static_logit gpu=2
[done] stage=core dataset=eurosat shot=16 seed=1 tag=detbayesrt_epoch-80_rpstd-0.01_rkl-1.0e-4_tpstd-0.1_tkl-1.0e-2_fusion-static_logit gpu=2
[done] stage=core dataset=eurosat shot=16 seed=1 tag=detbayesrt_epoch-80_rpstd-0.01_rkl-1.0e-4_tpstd-0.1_tkl-1.0e-3_fusion-static_logit gpu=2
[launch] stage=core dataset=eurosat shot=16 seed=1 tag=detbayesrt_epoch-80_rpstd-0.01_rkl-1.0e-3_tpstd-0.1_tkl-1.0e-2_fusion-static_logit gpu=2
[launch] stage=core dataset=eurosat shot=16 seed=1 tag=detbayesrt_epoch-80_rpstd-0.01_rkl-1.0e-3_tpstd-0.1_tkl-1.0e-3_fusion-static_logit gpu=2
[done] stage=core dataset=eurosat shot=16 seed=1 tag=detbayesrt_epoch-80_rpstd-0.01_rkl-1.0e-4_tpstd-0.01_tkl-5.0e-2_fusion-static_logit gpu=0
[launch] stage=core dataset=eurosat shot=16 seed=1 tag=detbayesrt_epoch-80_rpstd-0.01_rkl-1.0e-3_tpstd-0.01_tkl-5.0e-2_fusion-static_logit gpu=0
[done] stage=core dataset=eurosat shot=16 seed=1 tag=detbayesrt_epoch-80_rpstd-0.01_rkl-1.0e-4_tpstd-0.01_tkl-1.0e-2_fusion-static_logit gpu=0
[launch] stage=core dataset=eurosat shot=16 seed=1 tag=detbayesrt_epoch-80_rpstd-0.01_rkl-1.0e-3_tpstd-0.01_tkl-1.0e-2_fusion-static_logit gpu=0
[done] stage=core dataset=eurosat shot=16 seed=1 tag=detbayesrt_epoch-80_rpstd-0.01_rkl-1.0e-4_tpstd-0.01_tkl-1.0e-3_fusion-static_logit gpu=0
[launch] stage=core dataset=eurosat shot=16 seed=1 tag=detbayesrt_epoch-80_rpstd-0.01_rkl-1.0e-3_tpstd-0.01_tkl-1.0e-3_fusion-static_logit gpu=0
[done] stage=core dataset=eurosat shot=16 seed=1 tag=detbayesrt_epoch-80_rpstd-0.01_rkl-1.0e-4_tpstd-0.001_tkl-5.0e-2_fusion-static_logit gpu=1
[done] stage=core dataset=eurosat shot=16 seed=1 tag=detbayesrt_epoch-80_rpstd-0.01_rkl-1.0e-4_tpstd-0.001_tkl-1.0e-3_fusion-static_logit gpu=1
[launch] stage=core dataset=eurosat shot=16 seed=1 tag=detbayesrt_epoch-80_rpstd-0.01_rkl-1.0e-3_tpstd-0.001_tkl-5.0e-2_fusion-static_logit gpu=1
[launch] stage=core dataset=eurosat shot=16 seed=1 tag=detbayesrt_epoch-80_rpstd-0.01_rkl-1.0e-3_tpstd-0.001_tkl-1.0e-2_fusion-static_logit gpu=1
[done] stage=core dataset=eurosat shot=16 seed=1 tag=detbayesrt_epoch-80_rpstd-0.01_rkl-1.0e-4_tpstd-0.001_tkl-1.0e-2_fusion-static_logit gpu=1
[launch] stage=core dataset=eurosat shot=16 seed=1 tag=detbayesrt_epoch-80_rpstd-0.01_rkl-1.0e-3_tpstd-0.001_tkl-1.0e-3_fusion-static_logit gpu=1
[done] stage=core dataset=eurosat shot=16 seed=1 tag=detbayesrt_epoch-80_rpstd-0.01_rkl-1.0e-3_tpstd-0.1_tkl-5.0e-2_fusion-static_logit gpu=2
[launch] stage=core dataset=eurosat shot=16 seed=1 tag=detbayesrt_epoch-80_rpstd-0.001_rkl-1.0e-5_tpstd-0.1_tkl-5.0e-2_fusion-static_logit gpu=2
[done] stage=core dataset=eurosat shot=16 seed=1 tag=detbayesrt_epoch-80_rpstd-0.01_rkl-1.0e-3_tpstd-0.1_tkl-1.0e-2_fusion-static_logit gpu=2
[done] stage=core dataset=eurosat shot=16 seed=1 tag=detbayesrt_epoch-80_rpstd-0.01_rkl-1.0e-3_tpstd-0.1_tkl-1.0e-3_fusion-static_logit gpu=2
[launch] stage=core dataset=eurosat shot=16 seed=1 tag=detbayesrt_epoch-80_rpstd-0.001_rkl-1.0e-5_tpstd-0.1_tkl-1.0e-2_fusion-static_logit gpu=2
[launch] stage=core dataset=eurosat shot=16 seed=1 tag=detbayesrt_epoch-80_rpstd-0.001_rkl-1.0e-5_tpstd-0.1_tkl-1.0e-3_fusion-static_logit gpu=2
[done] stage=core dataset=eurosat shot=16 seed=1 tag=detbayesrt_epoch-80_rpstd-0.01_rkl-1.0e-3_tpstd-0.01_tkl-5.0e-2_fusion-static_logit gpu=0
[launch] stage=core dataset=eurosat shot=16 seed=1 tag=detbayesrt_epoch-80_rpstd-0.001_rkl-1.0e-5_tpstd-0.01_tkl-5.0e-2_fusion-static_logit gpu=0
[done] stage=core dataset=eurosat shot=16 seed=1 tag=detbayesrt_epoch-80_rpstd-0.01_rkl-1.0e-3_tpstd-0.01_tkl-1.0e-2_fusion-static_logit gpu=0
[launch] stage=core dataset=eurosat shot=16 seed=1 tag=detbayesrt_epoch-80_rpstd-0.001_rkl-1.0e-5_tpstd-0.01_tkl-1.0e-2_fusion-static_logit gpu=0
[done] stage=core dataset=eurosat shot=16 seed=1 tag=detbayesrt_epoch-80_rpstd-0.01_rkl-1.0e-3_tpstd-0.01_tkl-1.0e-3_fusion-static_logit gpu=0
[launch] stage=core dataset=eurosat shot=16 seed=1 tag=detbayesrt_epoch-80_rpstd-0.001_rkl-1.0e-5_tpstd-0.01_tkl-1.0e-3_fusion-static_logit gpu=0
[done] stage=core dataset=eurosat shot=16 seed=1 tag=detbayesrt_epoch-80_rpstd-0.01_rkl-1.0e-3_tpstd-0.001_tkl-5.0e-2_fusion-static_logit gpu=1
[done] stage=core dataset=eurosat shot=16 seed=1 tag=detbayesrt_epoch-80_rpstd-0.01_rkl-1.0e-3_tpstd-0.001_tkl-1.0e-3_fusion-static_logit gpu=1
[done] stage=core dataset=eurosat shot=16 seed=1 tag=detbayesrt_epoch-80_rpstd-0.01_rkl-1.0e-3_tpstd-0.001_tkl-1.0e-2_fusion-static_logit gpu=1
[launch] stage=core dataset=eurosat shot=16 seed=1 tag=detbayesrt_epoch-80_rpstd-0.001_rkl-1.0e-5_tpstd-0.001_tkl-5.0e-2_fusion-static_logit gpu=1
[launch] stage=core dataset=eurosat shot=16 seed=1 tag=detbayesrt_epoch-80_rpstd-0.001_rkl-1.0e-5_tpstd-0.001_tkl-1.0e-2_fusion-static_logit gpu=1
[launch] stage=core dataset=eurosat shot=16 seed=1 tag=detbayesrt_epoch-80_rpstd-0.001_rkl-1.0e-5_tpstd-0.001_tkl-1.0e-3_fusion-static_logit gpu=1
[done] stage=core dataset=eurosat shot=16 seed=1 tag=detbayesrt_epoch-80_rpstd-0.001_rkl-1.0e-5_tpstd-0.1_tkl-5.0e-2_fusion-static_logit gpu=2
[launch] stage=core dataset=eurosat shot=16 seed=1 tag=detbayesrt_epoch-80_rpstd-0.001_rkl-1.0e-4_tpstd-0.1_tkl-5.0e-2_fusion-static_logit gpu=2
[done] stage=core dataset=eurosat shot=16 seed=1 tag=detbayesrt_epoch-80_rpstd-0.001_rkl-1.0e-5_tpstd-0.1_tkl-1.0e-2_fusion-static_logit gpu=2
[done] stage=core dataset=eurosat shot=16 seed=1 tag=detbayesrt_epoch-80_rpstd-0.001_rkl-1.0e-5_tpstd-0.1_tkl-1.0e-3_fusion-static_logit gpu=2
[launch] stage=core dataset=eurosat shot=16 seed=1 tag=detbayesrt_epoch-80_rpstd-0.001_rkl-1.0e-4_tpstd-0.1_tkl-1.0e-2_fusion-static_logit gpu=2
[launch] stage=core dataset=eurosat shot=16 seed=1 tag=detbayesrt_epoch-80_rpstd-0.001_rkl-1.0e-4_tpstd-0.1_tkl-1.0e-3_fusion-static_logit gpu=2
[done] stage=core dataset=eurosat shot=16 seed=1 tag=detbayesrt_epoch-80_rpstd-0.001_rkl-1.0e-5_tpstd-0.01_tkl-5.0e-2_fusion-static_logit gpu=0
[launch] stage=core dataset=eurosat shot=16 seed=1 tag=detbayesrt_epoch-80_rpstd-0.001_rkl-1.0e-4_tpstd-0.01_tkl-5.0e-2_fusion-static_logit gpu=0
[done] stage=core dataset=eurosat shot=16 seed=1 tag=detbayesrt_epoch-80_rpstd-0.001_rkl-1.0e-5_tpstd-0.01_tkl-1.0e-3_fusion-static_logit gpu=0
[done] stage=core dataset=eurosat shot=16 seed=1 tag=detbayesrt_epoch-80_rpstd-0.001_rkl-1.0e-5_tpstd-0.01_tkl-1.0e-2_fusion-static_logit gpu=0
[launch] stage=core dataset=eurosat shot=16 seed=1 tag=detbayesrt_epoch-80_rpstd-0.001_rkl-1.0e-4_tpstd-0.01_tkl-1.0e-2_fusion-static_logit gpu=0
[launch] stage=core dataset=eurosat shot=16 seed=1 tag=detbayesrt_epoch-80_rpstd-0.001_rkl-1.0e-4_tpstd-0.01_tkl-1.0e-3_fusion-static_logit gpu=0
[done] stage=core dataset=eurosat shot=16 seed=1 tag=detbayesrt_epoch-80_rpstd-0.001_rkl-1.0e-5_tpstd-0.001_tkl-5.0e-2_fusion-static_logit gpu=1
[done] stage=core dataset=eurosat shot=16 seed=1 tag=detbayesrt_epoch-80_rpstd-0.001_rkl-1.0e-5_tpstd-0.001_tkl-1.0e-2_fusion-static_logit gpu=1
[done] stage=core dataset=eurosat shot=16 seed=1 tag=detbayesrt_epoch-80_rpstd-0.001_rkl-1.0e-5_tpstd-0.001_tkl-1.0e-3_fusion-static_logit gpu=1
[launch] stage=core dataset=eurosat shot=16 seed=1 tag=detbayesrt_epoch-80_rpstd-0.001_rkl-1.0e-4_tpstd-0.001_tkl-5.0e-2_fusion-static_logit gpu=1
[launch] stage=core dataset=eurosat shot=16 seed=1 tag=detbayesrt_epoch-80_rpstd-0.001_rkl-1.0e-4_tpstd-0.001_tkl-1.0e-2_fusion-static_logit gpu=1
[launch] stage=core dataset=eurosat shot=16 seed=1 tag=detbayesrt_epoch-80_rpstd-0.001_rkl-1.0e-4_tpstd-0.001_tkl-1.0e-3_fusion-static_logit gpu=1
[done] stage=core dataset=eurosat shot=16 seed=1 tag=detbayesrt_epoch-80_rpstd-0.001_rkl-1.0e-4_tpstd-0.1_tkl-5.0e-2_fusion-static_logit gpu=2
[launch] stage=core dataset=eurosat shot=16 seed=1 tag=detbayesrt_epoch-80_rpstd-0.001_rkl-1.0e-3_tpstd-0.1_tkl-5.0e-2_fusion-static_logit gpu=2
[done] stage=core dataset=eurosat shot=16 seed=1 tag=detbayesrt_epoch-80_rpstd-0.001_rkl-1.0e-4_tpstd-0.1_tkl-1.0e-2_fusion-static_logit gpu=2
[done] stage=core dataset=eurosat shot=16 seed=1 tag=detbayesrt_epoch-80_rpstd-0.001_rkl-1.0e-4_tpstd-0.1_tkl-1.0e-3_fusion-static_logit gpu=2
[launch] stage=core dataset=eurosat shot=16 seed=1 tag=detbayesrt_epoch-80_rpstd-0.001_rkl-1.0e-3_tpstd-0.1_tkl-1.0e-2_fusion-static_logit gpu=2
[launch] stage=core dataset=eurosat shot=16 seed=1 tag=detbayesrt_epoch-80_rpstd-0.001_rkl-1.0e-3_tpstd-0.1_tkl-1.0e-3_fusion-static_logit gpu=2
[done] stage=core dataset=eurosat shot=16 seed=1 tag=detbayesrt_epoch-80_rpstd-0.001_rkl-1.0e-4_tpstd-0.01_tkl-5.0e-2_fusion-static_logit gpu=0
[done] stage=core dataset=eurosat shot=16 seed=1 tag=detbayesrt_epoch-80_rpstd-0.001_rkl-1.0e-4_tpstd-0.01_tkl-1.0e-2_fusion-static_logit gpu=0
[done] stage=core dataset=eurosat shot=16 seed=1 tag=detbayesrt_epoch-80_rpstd-0.001_rkl-1.0e-4_tpstd-0.01_tkl-1.0e-3_fusion-static_logit gpu=0
[launch] stage=core dataset=eurosat shot=16 seed=1 tag=detbayesrt_epoch-80_rpstd-0.001_rkl-1.0e-3_tpstd-0.01_tkl-5.0e-2_fusion-static_logit gpu=0
[launch] stage=core dataset=eurosat shot=16 seed=1 tag=detbayesrt_epoch-80_rpstd-0.001_rkl-1.0e-3_tpstd-0.01_tkl-1.0e-2_fusion-static_logit gpu=0
[launch] stage=core dataset=eurosat shot=16 seed=1 tag=detbayesrt_epoch-80_rpstd-0.001_rkl-1.0e-3_tpstd-0.01_tkl-1.0e-3_fusion-static_logit gpu=0
[done] stage=core dataset=eurosat shot=16 seed=1 tag=detbayesrt_epoch-80_rpstd-0.001_rkl-1.0e-4_tpstd-0.001_tkl-5.0e-2_fusion-static_logit gpu=1
[done] stage=core dataset=eurosat shot=16 seed=1 tag=detbayesrt_epoch-80_rpstd-0.001_rkl-1.0e-4_tpstd-0.001_tkl-1.0e-2_fusion-static_logit gpu=1
[done] stage=core dataset=eurosat shot=16 seed=1 tag=detbayesrt_epoch-80_rpstd-0.001_rkl-1.0e-4_tpstd-0.001_tkl-1.0e-3_fusion-static_logit gpu=1
[launch] stage=core dataset=eurosat shot=16 seed=1 tag=detbayesrt_epoch-80_rpstd-0.001_rkl-1.0e-3_tpstd-0.001_tkl-5.0e-2_fusion-static_logit gpu=1
[launch] stage=core dataset=eurosat shot=16 seed=1 tag=detbayesrt_epoch-80_rpstd-0.001_rkl-1.0e-3_tpstd-0.001_tkl-1.0e-2_fusion-static_logit gpu=1
[launch] stage=core dataset=eurosat shot=16 seed=1 tag=detbayesrt_epoch-80_rpstd-0.001_rkl-1.0e-3_tpstd-0.001_tkl-1.0e-3_fusion-static_logit gpu=1
[done] stage=core dataset=eurosat shot=16 seed=1 tag=detbayesrt_epoch-80_rpstd-0.001_rkl-1.0e-3_tpstd-0.1_tkl-5.0e-2_fusion-static_logit gpu=2
[launch] stage=core dataset=fgvc_aircraft shot=1 seed=1 tag=detbayesrt_epoch-80_rpstd-0.1_rkl-1.0e-5_tpstd-0.1_tkl-5.0e-2_fusion-static_logit gpu=2
[done] stage=core dataset=eurosat shot=16 seed=1 tag=detbayesrt_epoch-80_rpstd-0.001_rkl-1.0e-3_tpstd-0.1_tkl-1.0e-2_fusion-static_logit gpu=2
[done] stage=core dataset=eurosat shot=16 seed=1 tag=detbayesrt_epoch-80_rpstd-0.001_rkl-1.0e-3_tpstd-0.1_tkl-1.0e-3_fusion-static_logit gpu=2
[launch] stage=core dataset=fgvc_aircraft shot=1 seed=1 tag=detbayesrt_epoch-80_rpstd-0.1_rkl-1.0e-5_tpstd-0.1_tkl-1.0e-2_fusion-static_logit gpu=2
[launch] stage=core dataset=fgvc_aircraft shot=1 seed=1 tag=detbayesrt_epoch-80_rpstd-0.1_rkl-1.0e-5_tpstd-0.1_tkl-1.0e-3_fusion-static_logit gpu=2
[done] stage=core dataset=eurosat shot=16 seed=1 tag=detbayesrt_epoch-80_rpstd-0.001_rkl-1.0e-3_tpstd-0.01_tkl-5.0e-2_fusion-static_logit gpu=0
[done] stage=core dataset=eurosat shot=16 seed=1 tag=detbayesrt_epoch-80_rpstd-0.001_rkl-1.0e-3_tpstd-0.01_tkl-1.0e-2_fusion-static_logit gpu=0
[done] stage=core dataset=eurosat shot=16 seed=1 tag=detbayesrt_epoch-80_rpstd-0.001_rkl-1.0e-3_tpstd-0.01_tkl-1.0e-3_fusion-static_logit gpu=0
[launch] stage=core dataset=fgvc_aircraft shot=1 seed=1 tag=detbayesrt_epoch-80_rpstd-0.1_rkl-1.0e-5_tpstd-0.01_tkl-5.0e-2_fusion-static_logit gpu=0
[launch] stage=core dataset=fgvc_aircraft shot=1 seed=1 tag=detbayesrt_epoch-80_rpstd-0.1_rkl-1.0e-5_tpstd-0.01_tkl-1.0e-2_fusion-static_logit gpu=0
[launch] stage=core dataset=fgvc_aircraft shot=1 seed=1 tag=detbayesrt_epoch-80_rpstd-0.1_rkl-1.0e-5_tpstd-0.01_tkl-1.0e-3_fusion-static_logit gpu=0
[done] stage=core dataset=eurosat shot=16 seed=1 tag=detbayesrt_epoch-80_rpstd-0.001_rkl-1.0e-3_tpstd-0.001_tkl-5.0e-2_fusion-static_logit gpu=1
[done] stage=core dataset=eurosat shot=16 seed=1 tag=detbayesrt_epoch-80_rpstd-0.001_rkl-1.0e-3_tpstd-0.001_tkl-1.0e-2_fusion-static_logit gpu=1
[done] stage=core dataset=eurosat shot=16 seed=1 tag=detbayesrt_epoch-80_rpstd-0.001_rkl-1.0e-3_tpstd-0.001_tkl-1.0e-3_fusion-static_logit gpu=1
[launch] stage=core dataset=fgvc_aircraft shot=1 seed=1 tag=detbayesrt_epoch-80_rpstd-0.1_rkl-1.0e-5_tpstd-0.001_tkl-5.0e-2_fusion-static_logit gpu=1
[launch] stage=core dataset=fgvc_aircraft shot=1 seed=1 tag=detbayesrt_epoch-80_rpstd-0.1_rkl-1.0e-5_tpstd-0.001_tkl-1.0e-2_fusion-static_logit gpu=1
[launch] stage=core dataset=fgvc_aircraft shot=1 seed=1 tag=detbayesrt_epoch-80_rpstd-0.1_rkl-1.0e-5_tpstd-0.001_tkl-1.0e-3_fusion-static_logit gpu=1
[done] stage=core dataset=fgvc_aircraft shot=1 seed=1 tag=detbayesrt_epoch-80_rpstd-0.1_rkl-1.0e-5_tpstd-0.1_tkl-5.0e-2_fusion-static_logit gpu=2
[launch] stage=core dataset=fgvc_aircraft shot=1 seed=1 tag=detbayesrt_epoch-80_rpstd-0.1_rkl-1.0e-4_tpstd-0.1_tkl-5.0e-2_fusion-static_logit gpu=2
[done] stage=core dataset=fgvc_aircraft shot=1 seed=1 tag=detbayesrt_epoch-80_rpstd-0.1_rkl-1.0e-5_tpstd-0.1_tkl-1.0e-2_fusion-static_logit gpu=2
[done] stage=core dataset=fgvc_aircraft shot=1 seed=1 tag=detbayesrt_epoch-80_rpstd-0.1_rkl-1.0e-5_tpstd-0.1_tkl-1.0e-3_fusion-static_logit gpu=2
[launch] stage=core dataset=fgvc_aircraft shot=1 seed=1 tag=detbayesrt_epoch-80_rpstd-0.1_rkl-1.0e-4_tpstd-0.1_tkl-1.0e-2_fusion-static_logit gpu=2
[launch] stage=core dataset=fgvc_aircraft shot=1 seed=1 tag=detbayesrt_epoch-80_rpstd-0.1_rkl-1.0e-4_tpstd-0.1_tkl-1.0e-3_fusion-static_logit gpu=2
[done] stage=core dataset=fgvc_aircraft shot=1 seed=1 tag=detbayesrt_epoch-80_rpstd-0.1_rkl-1.0e-5_tpstd-0.01_tkl-5.0e-2_fusion-static_logit gpu=0
[done] stage=core dataset=fgvc_aircraft shot=1 seed=1 tag=detbayesrt_epoch-80_rpstd-0.1_rkl-1.0e-5_tpstd-0.01_tkl-1.0e-2_fusion-static_logit gpu=0
[launch] stage=core dataset=fgvc_aircraft shot=1 seed=1 tag=detbayesrt_epoch-80_rpstd-0.1_rkl-1.0e-4_tpstd-0.01_tkl-5.0e-2_fusion-static_logit gpu=0
[launch] stage=core dataset=fgvc_aircraft shot=1 seed=1 tag=detbayesrt_epoch-80_rpstd-0.1_rkl-1.0e-4_tpstd-0.01_tkl-1.0e-2_fusion-static_logit gpu=0
[done] stage=core dataset=fgvc_aircraft shot=1 seed=1 tag=detbayesrt_epoch-80_rpstd-0.1_rkl-1.0e-5_tpstd-0.01_tkl-1.0e-3_fusion-static_logit gpu=0
[launch] stage=core dataset=fgvc_aircraft shot=1 seed=1 tag=detbayesrt_epoch-80_rpstd-0.1_rkl-1.0e-4_tpstd-0.01_tkl-1.0e-3_fusion-static_logit gpu=0
[done] stage=core dataset=fgvc_aircraft shot=1 seed=1 tag=detbayesrt_epoch-80_rpstd-0.1_rkl-1.0e-5_tpstd-0.001_tkl-5.0e-2_fusion-static_logit gpu=1
[done] stage=core dataset=fgvc_aircraft shot=1 seed=1 tag=detbayesrt_epoch-80_rpstd-0.1_rkl-1.0e-5_tpstd-0.001_tkl-1.0e-3_fusion-static_logit gpu=1
[launch] stage=core dataset=fgvc_aircraft shot=1 seed=1 tag=detbayesrt_epoch-80_rpstd-0.1_rkl-1.0e-4_tpstd-0.001_tkl-5.0e-2_fusion-static_logit gpu=1
[launch] stage=core dataset=fgvc_aircraft shot=1 seed=1 tag=detbayesrt_epoch-80_rpstd-0.1_rkl-1.0e-4_tpstd-0.001_tkl-1.0e-2_fusion-static_logit gpu=1
[done] stage=core dataset=fgvc_aircraft shot=1 seed=1 tag=detbayesrt_epoch-80_rpstd-0.1_rkl-1.0e-5_tpstd-0.001_tkl-1.0e-2_fusion-static_logit gpu=1
[launch] stage=core dataset=fgvc_aircraft shot=1 seed=1 tag=detbayesrt_epoch-80_rpstd-0.1_rkl-1.0e-4_tpstd-0.001_tkl-1.0e-3_fusion-static_logit gpu=1
[done] stage=core dataset=fgvc_aircraft shot=1 seed=1 tag=detbayesrt_epoch-80_rpstd-0.1_rkl-1.0e-4_tpstd-0.1_tkl-5.0e-2_fusion-static_logit gpu=2
[launch] stage=core dataset=fgvc_aircraft shot=1 seed=1 tag=detbayesrt_epoch-80_rpstd-0.1_rkl-1.0e-3_tpstd-0.1_tkl-5.0e-2_fusion-static_logit gpu=2
[done] stage=core dataset=fgvc_aircraft shot=1 seed=1 tag=detbayesrt_epoch-80_rpstd-0.1_rkl-1.0e-4_tpstd-0.1_tkl-1.0e-2_fusion-static_logit gpu=2
[done] stage=core dataset=fgvc_aircraft shot=1 seed=1 tag=detbayesrt_epoch-80_rpstd-0.1_rkl-1.0e-4_tpstd-0.1_tkl-1.0e-3_fusion-static_logit gpu=2
[launch] stage=core dataset=fgvc_aircraft shot=1 seed=1 tag=detbayesrt_epoch-80_rpstd-0.1_rkl-1.0e-3_tpstd-0.1_tkl-1.0e-2_fusion-static_logit gpu=2
[launch] stage=core dataset=fgvc_aircraft shot=1 seed=1 tag=detbayesrt_epoch-80_rpstd-0.1_rkl-1.0e-3_tpstd-0.1_tkl-1.0e-3_fusion-static_logit gpu=2
[done] stage=core dataset=fgvc_aircraft shot=1 seed=1 tag=detbayesrt_epoch-80_rpstd-0.1_rkl-1.0e-4_tpstd-0.01_tkl-5.0e-2_fusion-static_logit gpu=0
[launch] stage=core dataset=fgvc_aircraft shot=1 seed=1 tag=detbayesrt_epoch-80_rpstd-0.1_rkl-1.0e-3_tpstd-0.01_tkl-5.0e-2_fusion-static_logit gpu=0
[done] stage=core dataset=fgvc_aircraft shot=1 seed=1 tag=detbayesrt_epoch-80_rpstd-0.1_rkl-1.0e-4_tpstd-0.01_tkl-1.0e-3_fusion-static_logit gpu=0
[launch] stage=core dataset=fgvc_aircraft shot=1 seed=1 tag=detbayesrt_epoch-80_rpstd-0.1_rkl-1.0e-3_tpstd-0.01_tkl-1.0e-2_fusion-static_logit gpu=0
[done] stage=core dataset=fgvc_aircraft shot=1 seed=1 tag=detbayesrt_epoch-80_rpstd-0.1_rkl-1.0e-4_tpstd-0.01_tkl-1.0e-2_fusion-static_logit gpu=0
[launch] stage=core dataset=fgvc_aircraft shot=1 seed=1 tag=detbayesrt_epoch-80_rpstd-0.1_rkl-1.0e-3_tpstd-0.01_tkl-1.0e-3_fusion-static_logit gpu=0
[done] stage=core dataset=fgvc_aircraft shot=1 seed=1 tag=detbayesrt_epoch-80_rpstd-0.1_rkl-1.0e-4_tpstd-0.001_tkl-5.0e-2_fusion-static_logit gpu=1
[launch] stage=core dataset=fgvc_aircraft shot=1 seed=1 tag=detbayesrt_epoch-80_rpstd-0.1_rkl-1.0e-3_tpstd-0.001_tkl-5.0e-2_fusion-static_logit gpu=1
[done] stage=core dataset=fgvc_aircraft shot=1 seed=1 tag=detbayesrt_epoch-80_rpstd-0.1_rkl-1.0e-4_tpstd-0.001_tkl-1.0e-3_fusion-static_logit gpu=1
[done] stage=core dataset=fgvc_aircraft shot=1 seed=1 tag=detbayesrt_epoch-80_rpstd-0.1_rkl-1.0e-4_tpstd-0.001_tkl-1.0e-2_fusion-static_logit gpu=1
[launch] stage=core dataset=fgvc_aircraft shot=1 seed=1 tag=detbayesrt_epoch-80_rpstd-0.1_rkl-1.0e-3_tpstd-0.001_tkl-1.0e-2_fusion-static_logit gpu=1
[launch] stage=core dataset=fgvc_aircraft shot=1 seed=1 tag=detbayesrt_epoch-80_rpstd-0.1_rkl-1.0e-3_tpstd-0.001_tkl-1.0e-3_fusion-static_logit gpu=1
[done] stage=core dataset=fgvc_aircraft shot=1 seed=1 tag=detbayesrt_epoch-80_rpstd-0.1_rkl-1.0e-3_tpstd-0.1_tkl-5.0e-2_fusion-static_logit gpu=2
[launch] stage=core dataset=fgvc_aircraft shot=1 seed=1 tag=detbayesrt_epoch-80_rpstd-0.01_rkl-1.0e-5_tpstd-0.1_tkl-5.0e-2_fusion-static_logit gpu=2
[done] stage=core dataset=fgvc_aircraft shot=1 seed=1 tag=detbayesrt_epoch-80_rpstd-0.1_rkl-1.0e-3_tpstd-0.1_tkl-1.0e-2_fusion-static_logit gpu=2
[done] stage=core dataset=fgvc_aircraft shot=1 seed=1 tag=detbayesrt_epoch-80_rpstd-0.1_rkl-1.0e-3_tpstd-0.1_tkl-1.0e-3_fusion-static_logit gpu=2
[launch] stage=core dataset=fgvc_aircraft shot=1 seed=1 tag=detbayesrt_epoch-80_rpstd-0.01_rkl-1.0e-5_tpstd-0.1_tkl-1.0e-2_fusion-static_logit gpu=2
[launch] stage=core dataset=fgvc_aircraft shot=1 seed=1 tag=detbayesrt_epoch-80_rpstd-0.01_rkl-1.0e-5_tpstd-0.1_tkl-1.0e-3_fusion-static_logit gpu=2
[done] stage=core dataset=fgvc_aircraft shot=1 seed=1 tag=detbayesrt_epoch-80_rpstd-0.1_rkl-1.0e-3_tpstd-0.01_tkl-5.0e-2_fusion-static_logit gpu=0
[launch] stage=core dataset=fgvc_aircraft shot=1 seed=1 tag=detbayesrt_epoch-80_rpstd-0.01_rkl-1.0e-5_tpstd-0.01_tkl-5.0e-2_fusion-static_logit gpu=0
[done] stage=core dataset=fgvc_aircraft shot=1 seed=1 tag=detbayesrt_epoch-80_rpstd-0.1_rkl-1.0e-3_tpstd-0.01_tkl-1.0e-3_fusion-static_logit gpu=0
[done] stage=core dataset=fgvc_aircraft shot=1 seed=1 tag=detbayesrt_epoch-80_rpstd-0.1_rkl-1.0e-3_tpstd-0.01_tkl-1.0e-2_fusion-static_logit gpu=0
[launch] stage=core dataset=fgvc_aircraft shot=1 seed=1 tag=detbayesrt_epoch-80_rpstd-0.01_rkl-1.0e-5_tpstd-0.01_tkl-1.0e-2_fusion-static_logit gpu=0
[launch] stage=core dataset=fgvc_aircraft shot=1 seed=1 tag=detbayesrt_epoch-80_rpstd-0.01_rkl-1.0e-5_tpstd-0.01_tkl-1.0e-3_fusion-static_logit gpu=0
[done] stage=core dataset=fgvc_aircraft shot=1 seed=1 tag=detbayesrt_epoch-80_rpstd-0.1_rkl-1.0e-3_tpstd-0.001_tkl-5.0e-2_fusion-static_logit gpu=1
[done] stage=core dataset=fgvc_aircraft shot=1 seed=1 tag=detbayesrt_epoch-80_rpstd-0.1_rkl-1.0e-3_tpstd-0.001_tkl-1.0e-3_fusion-static_logit gpu=1
[launch] stage=core dataset=fgvc_aircraft shot=1 seed=1 tag=detbayesrt_epoch-80_rpstd-0.01_rkl-1.0e-5_tpstd-0.001_tkl-5.0e-2_fusion-static_logit gpu=1
[launch] stage=core dataset=fgvc_aircraft shot=1 seed=1 tag=detbayesrt_epoch-80_rpstd-0.01_rkl-1.0e-5_tpstd-0.001_tkl-1.0e-2_fusion-static_logit gpu=1
[done] stage=core dataset=fgvc_aircraft shot=1 seed=1 tag=detbayesrt_epoch-80_rpstd-0.1_rkl-1.0e-3_tpstd-0.001_tkl-1.0e-2_fusion-static_logit gpu=1
[launch] stage=core dataset=fgvc_aircraft shot=1 seed=1 tag=detbayesrt_epoch-80_rpstd-0.01_rkl-1.0e-5_tpstd-0.001_tkl-1.0e-3_fusion-static_logit gpu=1
[done] stage=core dataset=fgvc_aircraft shot=1 seed=1 tag=detbayesrt_epoch-80_rpstd-0.01_rkl-1.0e-5_tpstd-0.1_tkl-5.0e-2_fusion-static_logit gpu=2
[launch] stage=core dataset=fgvc_aircraft shot=1 seed=1 tag=detbayesrt_epoch-80_rpstd-0.01_rkl-1.0e-4_tpstd-0.1_tkl-5.0e-2_fusion-static_logit gpu=2
[done] stage=core dataset=fgvc_aircraft shot=1 seed=1 tag=detbayesrt_epoch-80_rpstd-0.01_rkl-1.0e-5_tpstd-0.1_tkl-1.0e-2_fusion-static_logit gpu=2
[done] stage=core dataset=fgvc_aircraft shot=1 seed=1 tag=detbayesrt_epoch-80_rpstd-0.01_rkl-1.0e-5_tpstd-0.1_tkl-1.0e-3_fusion-static_logit gpu=2
[launch] stage=core dataset=fgvc_aircraft shot=1 seed=1 tag=detbayesrt_epoch-80_rpstd-0.01_rkl-1.0e-4_tpstd-0.1_tkl-1.0e-2_fusion-static_logit gpu=2
[launch] stage=core dataset=fgvc_aircraft shot=1 seed=1 tag=detbayesrt_epoch-80_rpstd-0.01_rkl-1.0e-4_tpstd-0.1_tkl-1.0e-3_fusion-static_logit gpu=2
[done] stage=core dataset=fgvc_aircraft shot=1 seed=1 tag=detbayesrt_epoch-80_rpstd-0.01_rkl-1.0e-5_tpstd-0.01_tkl-5.0e-2_fusion-static_logit gpu=0
[launch] stage=core dataset=fgvc_aircraft shot=1 seed=1 tag=detbayesrt_epoch-80_rpstd-0.01_rkl-1.0e-4_tpstd-0.01_tkl-5.0e-2_fusion-static_logit gpu=0
[done] stage=core dataset=fgvc_aircraft shot=1 seed=1 tag=detbayesrt_epoch-80_rpstd-0.01_rkl-1.0e-5_tpstd-0.01_tkl-1.0e-2_fusion-static_logit gpu=0
[done] stage=core dataset=fgvc_aircraft shot=1 seed=1 tag=detbayesrt_epoch-80_rpstd-0.01_rkl-1.0e-5_tpstd-0.01_tkl-1.0e-3_fusion-static_logit gpu=0
[launch] stage=core dataset=fgvc_aircraft shot=1 seed=1 tag=detbayesrt_epoch-80_rpstd-0.01_rkl-1.0e-4_tpstd-0.01_tkl-1.0e-2_fusion-static_logit gpu=0
[launch] stage=core dataset=fgvc_aircraft shot=1 seed=1 tag=detbayesrt_epoch-80_rpstd-0.01_rkl-1.0e-4_tpstd-0.01_tkl-1.0e-3_fusion-static_logit gpu=0
[done] stage=core dataset=fgvc_aircraft shot=1 seed=1 tag=detbayesrt_epoch-80_rpstd-0.01_rkl-1.0e-5_tpstd-0.001_tkl-5.0e-2_fusion-static_logit gpu=1
[done] stage=core dataset=fgvc_aircraft shot=1 seed=1 tag=detbayesrt_epoch-80_rpstd-0.01_rkl-1.0e-5_tpstd-0.001_tkl-1.0e-2_fusion-static_logit gpu=1
[launch] stage=core dataset=fgvc_aircraft shot=1 seed=1 tag=detbayesrt_epoch-80_rpstd-0.01_rkl-1.0e-4_tpstd-0.001_tkl-5.0e-2_fusion-static_logit gpu=1
[launch] stage=core dataset=fgvc_aircraft shot=1 seed=1 tag=detbayesrt_epoch-80_rpstd-0.01_rkl-1.0e-4_tpstd-0.001_tkl-1.0e-2_fusion-static_logit gpu=1
[done] stage=core dataset=fgvc_aircraft shot=1 seed=1 tag=detbayesrt_epoch-80_rpstd-0.01_rkl-1.0e-5_tpstd-0.001_tkl-1.0e-3_fusion-static_logit gpu=1
[launch] stage=core dataset=fgvc_aircraft shot=1 seed=1 tag=detbayesrt_epoch-80_rpstd-0.01_rkl-1.0e-4_tpstd-0.001_tkl-1.0e-3_fusion-static_logit gpu=1
[done] stage=core dataset=fgvc_aircraft shot=1 seed=1 tag=detbayesrt_epoch-80_rpstd-0.01_rkl-1.0e-4_tpstd-0.1_tkl-5.0e-2_fusion-static_logit gpu=2
[launch] stage=core dataset=fgvc_aircraft shot=1 seed=1 tag=detbayesrt_epoch-80_rpstd-0.01_rkl-1.0e-3_tpstd-0.1_tkl-5.0e-2_fusion-static_logit gpu=2
[done] stage=core dataset=fgvc_aircraft shot=1 seed=1 tag=detbayesrt_epoch-80_rpstd-0.01_rkl-1.0e-4_tpstd-0.1_tkl-1.0e-2_fusion-static_logit gpu=2
[launch] stage=core dataset=fgvc_aircraft shot=1 seed=1 tag=detbayesrt_epoch-80_rpstd-0.01_rkl-1.0e-3_tpstd-0.1_tkl-1.0e-2_fusion-static_logit gpu=2
[done] stage=core dataset=fgvc_aircraft shot=1 seed=1 tag=detbayesrt_epoch-80_rpstd-0.01_rkl-1.0e-4_tpstd-0.1_tkl-1.0e-3_fusion-static_logit gpu=2
[launch] stage=core dataset=fgvc_aircraft shot=1 seed=1 tag=detbayesrt_epoch-80_rpstd-0.01_rkl-1.0e-3_tpstd-0.1_tkl-1.0e-3_fusion-static_logit gpu=2
[done] stage=core dataset=fgvc_aircraft shot=1 seed=1 tag=detbayesrt_epoch-80_rpstd-0.01_rkl-1.0e-4_tpstd-0.01_tkl-5.0e-2_fusion-static_logit gpu=0
[launch] stage=core dataset=fgvc_aircraft shot=1 seed=1 tag=detbayesrt_epoch-80_rpstd-0.01_rkl-1.0e-3_tpstd-0.01_tkl-5.0e-2_fusion-static_logit gpu=0
[done] stage=core dataset=fgvc_aircraft shot=1 seed=1 tag=detbayesrt_epoch-80_rpstd-0.01_rkl-1.0e-4_tpstd-0.01_tkl-1.0e-2_fusion-static_logit gpu=0
[done] stage=core dataset=fgvc_aircraft shot=1 seed=1 tag=detbayesrt_epoch-80_rpstd-0.01_rkl-1.0e-4_tpstd-0.01_tkl-1.0e-3_fusion-static_logit gpu=0
[launch] stage=core dataset=fgvc_aircraft shot=1 seed=1 tag=detbayesrt_epoch-80_rpstd-0.01_rkl-1.0e-3_tpstd-0.01_tkl-1.0e-2_fusion-static_logit gpu=0
[launch] stage=core dataset=fgvc_aircraft shot=1 seed=1 tag=detbayesrt_epoch-80_rpstd-0.01_rkl-1.0e-3_tpstd-0.01_tkl-1.0e-3_fusion-static_logit gpu=0
[done] stage=core dataset=fgvc_aircraft shot=1 seed=1 tag=detbayesrt_epoch-80_rpstd-0.01_rkl-1.0e-4_tpstd-0.001_tkl-5.0e-2_fusion-static_logit gpu=1
[done] stage=core dataset=fgvc_aircraft shot=1 seed=1 tag=detbayesrt_epoch-80_rpstd-0.01_rkl-1.0e-4_tpstd-0.001_tkl-1.0e-2_fusion-static_logit gpu=1
[launch] stage=core dataset=fgvc_aircraft shot=1 seed=1 tag=detbayesrt_epoch-80_rpstd-0.01_rkl-1.0e-3_tpstd-0.001_tkl-5.0e-2_fusion-static_logit gpu=1
[launch] stage=core dataset=fgvc_aircraft shot=1 seed=1 tag=detbayesrt_epoch-80_rpstd-0.01_rkl-1.0e-3_tpstd-0.001_tkl-1.0e-2_fusion-static_logit gpu=1
[done] stage=core dataset=fgvc_aircraft shot=1 seed=1 tag=detbayesrt_epoch-80_rpstd-0.01_rkl-1.0e-4_tpstd-0.001_tkl-1.0e-3_fusion-static_logit gpu=1
[launch] stage=core dataset=fgvc_aircraft shot=1 seed=1 tag=detbayesrt_epoch-80_rpstd-0.01_rkl-1.0e-3_tpstd-0.001_tkl-1.0e-3_fusion-static_logit gpu=1
[done] stage=core dataset=fgvc_aircraft shot=1 seed=1 tag=detbayesrt_epoch-80_rpstd-0.01_rkl-1.0e-3_tpstd-0.1_tkl-5.0e-2_fusion-static_logit gpu=2
[launch] stage=core dataset=fgvc_aircraft shot=1 seed=1 tag=detbayesrt_epoch-80_rpstd-0.001_rkl-1.0e-5_tpstd-0.1_tkl-5.0e-2_fusion-static_logit gpu=2
[done] stage=core dataset=fgvc_aircraft shot=1 seed=1 tag=detbayesrt_epoch-80_rpstd-0.01_rkl-1.0e-3_tpstd-0.1_tkl-1.0e-3_fusion-static_logit gpu=2
[launch] stage=core dataset=fgvc_aircraft shot=1 seed=1 tag=detbayesrt_epoch-80_rpstd-0.001_rkl-1.0e-5_tpstd-0.1_tkl-1.0e-2_fusion-static_logit gpu=2
[done] stage=core dataset=fgvc_aircraft shot=1 seed=1 tag=detbayesrt_epoch-80_rpstd-0.01_rkl-1.0e-3_tpstd-0.1_tkl-1.0e-2_fusion-static_logit gpu=2
[launch] stage=core dataset=fgvc_aircraft shot=1 seed=1 tag=detbayesrt_epoch-80_rpstd-0.001_rkl-1.0e-5_tpstd-0.1_tkl-1.0e-3_fusion-static_logit gpu=2
[done] stage=core dataset=fgvc_aircraft shot=1 seed=1 tag=detbayesrt_epoch-80_rpstd-0.01_rkl-1.0e-3_tpstd-0.01_tkl-5.0e-2_fusion-static_logit gpu=0
[launch] stage=core dataset=fgvc_aircraft shot=1 seed=1 tag=detbayesrt_epoch-80_rpstd-0.001_rkl-1.0e-5_tpstd-0.01_tkl-5.0e-2_fusion-static_logit gpu=0
[done] stage=core dataset=fgvc_aircraft shot=1 seed=1 tag=detbayesrt_epoch-80_rpstd-0.01_rkl-1.0e-3_tpstd-0.01_tkl-1.0e-2_fusion-static_logit gpu=0
[done] stage=core dataset=fgvc_aircraft shot=1 seed=1 tag=detbayesrt_epoch-80_rpstd-0.01_rkl-1.0e-3_tpstd-0.01_tkl-1.0e-3_fusion-static_logit gpu=0
[launch] stage=core dataset=fgvc_aircraft shot=1 seed=1 tag=detbayesrt_epoch-80_rpstd-0.001_rkl-1.0e-5_tpstd-0.01_tkl-1.0e-2_fusion-static_logit gpu=0
[launch] stage=core dataset=fgvc_aircraft shot=1 seed=1 tag=detbayesrt_epoch-80_rpstd-0.001_rkl-1.0e-5_tpstd-0.01_tkl-1.0e-3_fusion-static_logit gpu=0
[done] stage=core dataset=fgvc_aircraft shot=1 seed=1 tag=detbayesrt_epoch-80_rpstd-0.01_rkl-1.0e-3_tpstd-0.001_tkl-1.0e-2_fusion-static_logit gpu=1
[launch] stage=core dataset=fgvc_aircraft shot=1 seed=1 tag=detbayesrt_epoch-80_rpstd-0.001_rkl-1.0e-5_tpstd-0.001_tkl-5.0e-2_fusion-static_logit gpu=1
[done] stage=core dataset=fgvc_aircraft shot=1 seed=1 tag=detbayesrt_epoch-80_rpstd-0.01_rkl-1.0e-3_tpstd-0.001_tkl-5.0e-2_fusion-static_logit gpu=1
[done] stage=core dataset=fgvc_aircraft shot=1 seed=1 tag=detbayesrt_epoch-80_rpstd-0.01_rkl-1.0e-3_tpstd-0.001_tkl-1.0e-3_fusion-static_logit gpu=1
[launch] stage=core dataset=fgvc_aircraft shot=1 seed=1 tag=detbayesrt_epoch-80_rpstd-0.001_rkl-1.0e-5_tpstd-0.001_tkl-1.0e-2_fusion-static_logit gpu=1
[launch] stage=core dataset=fgvc_aircraft shot=1 seed=1 tag=detbayesrt_epoch-80_rpstd-0.001_rkl-1.0e-5_tpstd-0.001_tkl-1.0e-3_fusion-static_logit gpu=1
[done] stage=core dataset=fgvc_aircraft shot=1 seed=1 tag=detbayesrt_epoch-80_rpstd-0.001_rkl-1.0e-5_tpstd-0.1_tkl-5.0e-2_fusion-static_logit gpu=2
[launch] stage=core dataset=fgvc_aircraft shot=1 seed=1 tag=detbayesrt_epoch-80_rpstd-0.001_rkl-1.0e-4_tpstd-0.1_tkl-5.0e-2_fusion-static_logit gpu=2
[done] stage=core dataset=fgvc_aircraft shot=1 seed=1 tag=detbayesrt_epoch-80_rpstd-0.001_rkl-1.0e-5_tpstd-0.1_tkl-1.0e-2_fusion-static_logit gpu=2
[launch] stage=core dataset=fgvc_aircraft shot=1 seed=1 tag=detbayesrt_epoch-80_rpstd-0.001_rkl-1.0e-4_tpstd-0.1_tkl-1.0e-2_fusion-static_logit gpu=2
[done] stage=core dataset=fgvc_aircraft shot=1 seed=1 tag=detbayesrt_epoch-80_rpstd-0.001_rkl-1.0e-5_tpstd-0.1_tkl-1.0e-3_fusion-static_logit gpu=2
[launch] stage=core dataset=fgvc_aircraft shot=1 seed=1 tag=detbayesrt_epoch-80_rpstd-0.001_rkl-1.0e-4_tpstd-0.1_tkl-1.0e-3_fusion-static_logit gpu=2
[done] stage=core dataset=fgvc_aircraft shot=1 seed=1 tag=detbayesrt_epoch-80_rpstd-0.001_rkl-1.0e-5_tpstd-0.01_tkl-5.0e-2_fusion-static_logit gpu=0
[launch] stage=core dataset=fgvc_aircraft shot=1 seed=1 tag=detbayesrt_epoch-80_rpstd-0.001_rkl-1.0e-4_tpstd-0.01_tkl-5.0e-2_fusion-static_logit gpu=0
[done] stage=core dataset=fgvc_aircraft shot=1 seed=1 tag=detbayesrt_epoch-80_rpstd-0.001_rkl-1.0e-5_tpstd-0.01_tkl-1.0e-2_fusion-static_logit gpu=0
[done] stage=core dataset=fgvc_aircraft shot=1 seed=1 tag=detbayesrt_epoch-80_rpstd-0.001_rkl-1.0e-5_tpstd-0.01_tkl-1.0e-3_fusion-static_logit gpu=0
[launch] stage=core dataset=fgvc_aircraft shot=1 seed=1 tag=detbayesrt_epoch-80_rpstd-0.001_rkl-1.0e-4_tpstd-0.01_tkl-1.0e-2_fusion-static_logit gpu=0
[launch] stage=core dataset=fgvc_aircraft shot=1 seed=1 tag=detbayesrt_epoch-80_rpstd-0.001_rkl-1.0e-4_tpstd-0.01_tkl-1.0e-3_fusion-static_logit gpu=0
[done] stage=core dataset=fgvc_aircraft shot=1 seed=1 tag=detbayesrt_epoch-80_rpstd-0.001_rkl-1.0e-5_tpstd-0.001_tkl-5.0e-2_fusion-static_logit gpu=1
[launch] stage=core dataset=fgvc_aircraft shot=1 seed=1 tag=detbayesrt_epoch-80_rpstd-0.001_rkl-1.0e-4_tpstd-0.001_tkl-5.0e-2_fusion-static_logit gpu=1
[done] stage=core dataset=fgvc_aircraft shot=1 seed=1 tag=detbayesrt_epoch-80_rpstd-0.001_rkl-1.0e-5_tpstd-0.001_tkl-1.0e-2_fusion-static_logit gpu=1
[launch] stage=core dataset=fgvc_aircraft shot=1 seed=1 tag=detbayesrt_epoch-80_rpstd-0.001_rkl-1.0e-4_tpstd-0.001_tkl-1.0e-2_fusion-static_logit gpu=1
[done] stage=core dataset=fgvc_aircraft shot=1 seed=1 tag=detbayesrt_epoch-80_rpstd-0.001_rkl-1.0e-5_tpstd-0.001_tkl-1.0e-3_fusion-static_logit gpu=1
[launch] stage=core dataset=fgvc_aircraft shot=1 seed=1 tag=detbayesrt_epoch-80_rpstd-0.001_rkl-1.0e-4_tpstd-0.001_tkl-1.0e-3_fusion-static_logit gpu=1
[done] stage=core dataset=fgvc_aircraft shot=1 seed=1 tag=detbayesrt_epoch-80_rpstd-0.001_rkl-1.0e-4_tpstd-0.1_tkl-5.0e-2_fusion-static_logit gpu=2
[launch] stage=core dataset=fgvc_aircraft shot=1 seed=1 tag=detbayesrt_epoch-80_rpstd-0.001_rkl-1.0e-3_tpstd-0.1_tkl-5.0e-2_fusion-static_logit gpu=2
[done] stage=core dataset=fgvc_aircraft shot=1 seed=1 tag=detbayesrt_epoch-80_rpstd-0.001_rkl-1.0e-4_tpstd-0.1_tkl-1.0e-2_fusion-static_logit gpu=2
[launch] stage=core dataset=fgvc_aircraft shot=1 seed=1 tag=detbayesrt_epoch-80_rpstd-0.001_rkl-1.0e-3_tpstd-0.1_tkl-1.0e-2_fusion-static_logit gpu=2
[done] stage=core dataset=fgvc_aircraft shot=1 seed=1 tag=detbayesrt_epoch-80_rpstd-0.001_rkl-1.0e-4_tpstd-0.1_tkl-1.0e-3_fusion-static_logit gpu=2
[launch] stage=core dataset=fgvc_aircraft shot=1 seed=1 tag=detbayesrt_epoch-80_rpstd-0.001_rkl-1.0e-3_tpstd-0.1_tkl-1.0e-3_fusion-static_logit gpu=2
[done] stage=core dataset=fgvc_aircraft shot=1 seed=1 tag=detbayesrt_epoch-80_rpstd-0.001_rkl-1.0e-4_tpstd-0.01_tkl-1.0e-2_fusion-static_logit gpu=0
[launch] stage=core dataset=fgvc_aircraft shot=1 seed=1 tag=detbayesrt_epoch-80_rpstd-0.001_rkl-1.0e-3_tpstd-0.01_tkl-5.0e-2_fusion-static_logit gpu=0
[done] stage=core dataset=fgvc_aircraft shot=1 seed=1 tag=detbayesrt_epoch-80_rpstd-0.001_rkl-1.0e-4_tpstd-0.01_tkl-5.0e-2_fusion-static_logit gpu=0
[launch] stage=core dataset=fgvc_aircraft shot=1 seed=1 tag=detbayesrt_epoch-80_rpstd-0.001_rkl-1.0e-3_tpstd-0.01_tkl-1.0e-2_fusion-static_logit gpu=0
[done] stage=core dataset=fgvc_aircraft shot=1 seed=1 tag=detbayesrt_epoch-80_rpstd-0.001_rkl-1.0e-4_tpstd-0.01_tkl-1.0e-3_fusion-static_logit gpu=0
[launch] stage=core dataset=fgvc_aircraft shot=1 seed=1 tag=detbayesrt_epoch-80_rpstd-0.001_rkl-1.0e-3_tpstd-0.01_tkl-1.0e-3_fusion-static_logit gpu=0
[done] stage=core dataset=fgvc_aircraft shot=1 seed=1 tag=detbayesrt_epoch-80_rpstd-0.001_rkl-1.0e-4_tpstd-0.001_tkl-1.0e-3_fusion-static_logit gpu=1
[done] stage=core dataset=fgvc_aircraft shot=1 seed=1 tag=detbayesrt_epoch-80_rpstd-0.001_rkl-1.0e-4_tpstd-0.001_tkl-5.0e-2_fusion-static_logit gpu=1
[launch] stage=core dataset=fgvc_aircraft shot=1 seed=1 tag=detbayesrt_epoch-80_rpstd-0.001_rkl-1.0e-3_tpstd-0.001_tkl-5.0e-2_fusion-static_logit gpu=1
[launch] stage=core dataset=fgvc_aircraft shot=1 seed=1 tag=detbayesrt_epoch-80_rpstd-0.001_rkl-1.0e-3_tpstd-0.001_tkl-1.0e-2_fusion-static_logit gpu=1
[done] stage=core dataset=fgvc_aircraft shot=1 seed=1 tag=detbayesrt_epoch-80_rpstd-0.001_rkl-1.0e-4_tpstd-0.001_tkl-1.0e-2_fusion-static_logit gpu=1
[launch] stage=core dataset=fgvc_aircraft shot=1 seed=1 tag=detbayesrt_epoch-80_rpstd-0.001_rkl-1.0e-3_tpstd-0.001_tkl-1.0e-3_fusion-static_logit gpu=1
[done] stage=core dataset=fgvc_aircraft shot=1 seed=1 tag=detbayesrt_epoch-80_rpstd-0.001_rkl-1.0e-3_tpstd-0.1_tkl-5.0e-2_fusion-static_logit gpu=2
[launch] stage=core dataset=fgvc_aircraft shot=4 seed=1 tag=detbayesrt_epoch-80_rpstd-0.1_rkl-1.0e-5_tpstd-0.1_tkl-5.0e-2_fusion-static_logit gpu=2
[done] stage=core dataset=fgvc_aircraft shot=1 seed=1 tag=detbayesrt_epoch-80_rpstd-0.001_rkl-1.0e-3_tpstd-0.1_tkl-1.0e-2_fusion-static_logit gpu=2
[launch] stage=core dataset=fgvc_aircraft shot=4 seed=1 tag=detbayesrt_epoch-80_rpstd-0.1_rkl-1.0e-5_tpstd-0.1_tkl-1.0e-2_fusion-static_logit gpu=2
[done] stage=core dataset=fgvc_aircraft shot=1 seed=1 tag=detbayesrt_epoch-80_rpstd-0.001_rkl-1.0e-3_tpstd-0.1_tkl-1.0e-3_fusion-static_logit gpu=2
[launch] stage=core dataset=fgvc_aircraft shot=4 seed=1 tag=detbayesrt_epoch-80_rpstd-0.1_rkl-1.0e-5_tpstd-0.1_tkl-1.0e-3_fusion-static_logit gpu=2
[done] stage=core dataset=fgvc_aircraft shot=1 seed=1 tag=detbayesrt_epoch-80_rpstd-0.001_rkl-1.0e-3_tpstd-0.01_tkl-1.0e-2_fusion-static_logit gpu=0
[launch] stage=core dataset=fgvc_aircraft shot=4 seed=1 tag=detbayesrt_epoch-80_rpstd-0.1_rkl-1.0e-5_tpstd-0.01_tkl-5.0e-2_fusion-static_logit gpu=0
[done] stage=core dataset=fgvc_aircraft shot=1 seed=1 tag=detbayesrt_epoch-80_rpstd-0.001_rkl-1.0e-3_tpstd-0.01_tkl-5.0e-2_fusion-static_logit gpu=0
[launch] stage=core dataset=fgvc_aircraft shot=4 seed=1 tag=detbayesrt_epoch-80_rpstd-0.1_rkl-1.0e-5_tpstd-0.01_tkl-1.0e-2_fusion-static_logit gpu=0
[done] stage=core dataset=fgvc_aircraft shot=1 seed=1 tag=detbayesrt_epoch-80_rpstd-0.001_rkl-1.0e-3_tpstd-0.01_tkl-1.0e-3_fusion-static_logit gpu=0
[launch] stage=core dataset=fgvc_aircraft shot=4 seed=1 tag=detbayesrt_epoch-80_rpstd-0.1_rkl-1.0e-5_tpstd-0.01_tkl-1.0e-3_fusion-static_logit gpu=0
[done] stage=core dataset=fgvc_aircraft shot=1 seed=1 tag=detbayesrt_epoch-80_rpstd-0.001_rkl-1.0e-3_tpstd-0.001_tkl-1.0e-2_fusion-static_logit gpu=1
[launch] stage=core dataset=fgvc_aircraft shot=4 seed=1 tag=detbayesrt_epoch-80_rpstd-0.1_rkl-1.0e-5_tpstd-0.001_tkl-5.0e-2_fusion-static_logit gpu=1
[done] stage=core dataset=fgvc_aircraft shot=1 seed=1 tag=detbayesrt_epoch-80_rpstd-0.001_rkl-1.0e-3_tpstd-0.001_tkl-1.0e-3_fusion-static_logit gpu=1
[done] stage=core dataset=fgvc_aircraft shot=1 seed=1 tag=detbayesrt_epoch-80_rpstd-0.001_rkl-1.0e-3_tpstd-0.001_tkl-5.0e-2_fusion-static_logit gpu=1
[launch] stage=core dataset=fgvc_aircraft shot=4 seed=1 tag=detbayesrt_epoch-80_rpstd-0.1_rkl-1.0e-5_tpstd-0.001_tkl-1.0e-2_fusion-static_logit gpu=1
[launch] stage=core dataset=fgvc_aircraft shot=4 seed=1 tag=detbayesrt_epoch-80_rpstd-0.1_rkl-1.0e-5_tpstd-0.001_tkl-1.0e-3_fusion-static_logit gpu=1
[done] stage=core dataset=fgvc_aircraft shot=4 seed=1 tag=detbayesrt_epoch-80_rpstd-0.1_rkl-1.0e-5_tpstd-0.1_tkl-5.0e-2_fusion-static_logit gpu=2
[launch] stage=core dataset=fgvc_aircraft shot=4 seed=1 tag=detbayesrt_epoch-80_rpstd-0.1_rkl-1.0e-4_tpstd-0.1_tkl-5.0e-2_fusion-static_logit gpu=2
[done] stage=core dataset=fgvc_aircraft shot=4 seed=1 tag=detbayesrt_epoch-80_rpstd-0.1_rkl-1.0e-5_tpstd-0.1_tkl-1.0e-2_fusion-static_logit gpu=2
[launch] stage=core dataset=fgvc_aircraft shot=4 seed=1 tag=detbayesrt_epoch-80_rpstd-0.1_rkl-1.0e-4_tpstd-0.1_tkl-1.0e-2_fusion-static_logit gpu=2
[done] stage=core dataset=fgvc_aircraft shot=4 seed=1 tag=detbayesrt_epoch-80_rpstd-0.1_rkl-1.0e-5_tpstd-0.1_tkl-1.0e-3_fusion-static_logit gpu=2
[launch] stage=core dataset=fgvc_aircraft shot=4 seed=1 tag=detbayesrt_epoch-80_rpstd-0.1_rkl-1.0e-4_tpstd-0.1_tkl-1.0e-3_fusion-static_logit gpu=2
[done] stage=core dataset=fgvc_aircraft shot=4 seed=1 tag=detbayesrt_epoch-80_rpstd-0.1_rkl-1.0e-5_tpstd-0.01_tkl-5.0e-2_fusion-static_logit gpu=0
[done] stage=core dataset=fgvc_aircraft shot=4 seed=1 tag=detbayesrt_epoch-80_rpstd-0.1_rkl-1.0e-5_tpstd-0.01_tkl-1.0e-3_fusion-static_logit gpu=0
[launch] stage=core dataset=fgvc_aircraft shot=4 seed=1 tag=detbayesrt_epoch-80_rpstd-0.1_rkl-1.0e-4_tpstd-0.01_tkl-5.0e-2_fusion-static_logit gpu=0
[launch] stage=core dataset=fgvc_aircraft shot=4 seed=1 tag=detbayesrt_epoch-80_rpstd-0.1_rkl-1.0e-4_tpstd-0.01_tkl-1.0e-2_fusion-static_logit gpu=0
[done] stage=core dataset=fgvc_aircraft shot=4 seed=1 tag=detbayesrt_epoch-80_rpstd-0.1_rkl-1.0e-5_tpstd-0.01_tkl-1.0e-2_fusion-static_logit gpu=0
[launch] stage=core dataset=fgvc_aircraft shot=4 seed=1 tag=detbayesrt_epoch-80_rpstd-0.1_rkl-1.0e-4_tpstd-0.01_tkl-1.0e-3_fusion-static_logit gpu=0
[done] stage=core dataset=fgvc_aircraft shot=4 seed=1 tag=detbayesrt_epoch-80_rpstd-0.1_rkl-1.0e-5_tpstd-0.001_tkl-1.0e-2_fusion-static_logit gpu=1
[done] stage=core dataset=fgvc_aircraft shot=4 seed=1 tag=detbayesrt_epoch-80_rpstd-0.1_rkl-1.0e-5_tpstd-0.001_tkl-5.0e-2_fusion-static_logit gpu=1
[launch] stage=core dataset=fgvc_aircraft shot=4 seed=1 tag=detbayesrt_epoch-80_rpstd-0.1_rkl-1.0e-4_tpstd-0.001_tkl-5.0e-2_fusion-static_logit gpu=1
[launch] stage=core dataset=fgvc_aircraft shot=4 seed=1 tag=detbayesrt_epoch-80_rpstd-0.1_rkl-1.0e-4_tpstd-0.001_tkl-1.0e-2_fusion-static_logit gpu=1
[done] stage=core dataset=fgvc_aircraft shot=4 seed=1 tag=detbayesrt_epoch-80_rpstd-0.1_rkl-1.0e-5_tpstd-0.001_tkl-1.0e-3_fusion-static_logit gpu=1
[launch] stage=core dataset=fgvc_aircraft shot=4 seed=1 tag=detbayesrt_epoch-80_rpstd-0.1_rkl-1.0e-4_tpstd-0.001_tkl-1.0e-3_fusion-static_logit gpu=1
[done] stage=core dataset=fgvc_aircraft shot=4 seed=1 tag=detbayesrt_epoch-80_rpstd-0.1_rkl-1.0e-4_tpstd-0.1_tkl-5.0e-2_fusion-static_logit gpu=2
[launch] stage=core dataset=fgvc_aircraft shot=4 seed=1 tag=detbayesrt_epoch-80_rpstd-0.1_rkl-1.0e-3_tpstd-0.1_tkl-5.0e-2_fusion-static_logit gpu=2
[done] stage=core dataset=fgvc_aircraft shot=4 seed=1 tag=detbayesrt_epoch-80_rpstd-0.1_rkl-1.0e-4_tpstd-0.1_tkl-1.0e-2_fusion-static_logit gpu=2
[launch] stage=core dataset=fgvc_aircraft shot=4 seed=1 tag=detbayesrt_epoch-80_rpstd-0.1_rkl-1.0e-3_tpstd-0.1_tkl-1.0e-2_fusion-static_logit gpu=2
[done] stage=core dataset=fgvc_aircraft shot=4 seed=1 tag=detbayesrt_epoch-80_rpstd-0.1_rkl-1.0e-4_tpstd-0.1_tkl-1.0e-3_fusion-static_logit gpu=2
[launch] stage=core dataset=fgvc_aircraft shot=4 seed=1 tag=detbayesrt_epoch-80_rpstd-0.1_rkl-1.0e-3_tpstd-0.1_tkl-1.0e-3_fusion-static_logit gpu=2
[done] stage=core dataset=fgvc_aircraft shot=4 seed=1 tag=detbayesrt_epoch-80_rpstd-0.1_rkl-1.0e-4_tpstd-0.01_tkl-5.0e-2_fusion-static_logit gpu=0
[launch] stage=core dataset=fgvc_aircraft shot=4 seed=1 tag=detbayesrt_epoch-80_rpstd-0.1_rkl-1.0e-3_tpstd-0.01_tkl-5.0e-2_fusion-static_logit gpu=0
[done] stage=core dataset=fgvc_aircraft shot=4 seed=1 tag=detbayesrt_epoch-80_rpstd-0.1_rkl-1.0e-4_tpstd-0.01_tkl-1.0e-3_fusion-static_logit gpu=0
[done] stage=core dataset=fgvc_aircraft shot=4 seed=1 tag=detbayesrt_epoch-80_rpstd-0.1_rkl-1.0e-4_tpstd-0.01_tkl-1.0e-2_fusion-static_logit gpu=0
[launch] stage=core dataset=fgvc_aircraft shot=4 seed=1 tag=detbayesrt_epoch-80_rpstd-0.1_rkl-1.0e-3_tpstd-0.01_tkl-1.0e-2_fusion-static_logit gpu=0
[launch] stage=core dataset=fgvc_aircraft shot=4 seed=1 tag=detbayesrt_epoch-80_rpstd-0.1_rkl-1.0e-3_tpstd-0.01_tkl-1.0e-3_fusion-static_logit gpu=0
[done] stage=core dataset=fgvc_aircraft shot=4 seed=1 tag=detbayesrt_epoch-80_rpstd-0.1_rkl-1.0e-4_tpstd-0.001_tkl-5.0e-2_fusion-static_logit gpu=1
[done] stage=core dataset=fgvc_aircraft shot=4 seed=1 tag=detbayesrt_epoch-80_rpstd-0.1_rkl-1.0e-4_tpstd-0.001_tkl-1.0e-2_fusion-static_logit gpu=1
[launch] stage=core dataset=fgvc_aircraft shot=4 seed=1 tag=detbayesrt_epoch-80_rpstd-0.1_rkl-1.0e-3_tpstd-0.001_tkl-5.0e-2_fusion-static_logit gpu=1
[launch] stage=core dataset=fgvc_aircraft shot=4 seed=1 tag=detbayesrt_epoch-80_rpstd-0.1_rkl-1.0e-3_tpstd-0.001_tkl-1.0e-2_fusion-static_logit gpu=1
[done] stage=core dataset=fgvc_aircraft shot=4 seed=1 tag=detbayesrt_epoch-80_rpstd-0.1_rkl-1.0e-4_tpstd-0.001_tkl-1.0e-3_fusion-static_logit gpu=1
[launch] stage=core dataset=fgvc_aircraft shot=4 seed=1 tag=detbayesrt_epoch-80_rpstd-0.1_rkl-1.0e-3_tpstd-0.001_tkl-1.0e-3_fusion-static_logit gpu=1
[done] stage=core dataset=fgvc_aircraft shot=4 seed=1 tag=detbayesrt_epoch-80_rpstd-0.1_rkl-1.0e-3_tpstd-0.1_tkl-5.0e-2_fusion-static_logit gpu=2
[launch] stage=core dataset=fgvc_aircraft shot=4 seed=1 tag=detbayesrt_epoch-80_rpstd-0.01_rkl-1.0e-5_tpstd-0.1_tkl-5.0e-2_fusion-static_logit gpu=2
[done] stage=core dataset=fgvc_aircraft shot=4 seed=1 tag=detbayesrt_epoch-80_rpstd-0.1_rkl-1.0e-3_tpstd-0.1_tkl-1.0e-2_fusion-static_logit gpu=2
[launch] stage=core dataset=fgvc_aircraft shot=4 seed=1 tag=detbayesrt_epoch-80_rpstd-0.01_rkl-1.0e-5_tpstd-0.1_tkl-1.0e-2_fusion-static_logit gpu=2
[done] stage=core dataset=fgvc_aircraft shot=4 seed=1 tag=detbayesrt_epoch-80_rpstd-0.1_rkl-1.0e-3_tpstd-0.1_tkl-1.0e-3_fusion-static_logit gpu=2
[launch] stage=core dataset=fgvc_aircraft shot=4 seed=1 tag=detbayesrt_epoch-80_rpstd-0.01_rkl-1.0e-5_tpstd-0.1_tkl-1.0e-3_fusion-static_logit gpu=2
[done] stage=core dataset=fgvc_aircraft shot=4 seed=1 tag=detbayesrt_epoch-80_rpstd-0.1_rkl-1.0e-3_tpstd-0.01_tkl-5.0e-2_fusion-static_logit gpu=0
[launch] stage=core dataset=fgvc_aircraft shot=4 seed=1 tag=detbayesrt_epoch-80_rpstd-0.01_rkl-1.0e-5_tpstd-0.01_tkl-5.0e-2_fusion-static_logit gpu=0
[done] stage=core dataset=fgvc_aircraft shot=4 seed=1 tag=detbayesrt_epoch-80_rpstd-0.1_rkl-1.0e-3_tpstd-0.01_tkl-1.0e-2_fusion-static_logit gpu=0
[launch] stage=core dataset=fgvc_aircraft shot=4 seed=1 tag=detbayesrt_epoch-80_rpstd-0.01_rkl-1.0e-5_tpstd-0.01_tkl-1.0e-2_fusion-static_logit gpu=0
[done] stage=core dataset=fgvc_aircraft shot=4 seed=1 tag=detbayesrt_epoch-80_rpstd-0.1_rkl-1.0e-3_tpstd-0.01_tkl-1.0e-3_fusion-static_logit gpu=0
[launch] stage=core dataset=fgvc_aircraft shot=4 seed=1 tag=detbayesrt_epoch-80_rpstd-0.01_rkl-1.0e-5_tpstd-0.01_tkl-1.0e-3_fusion-static_logit gpu=0
[done] stage=core dataset=fgvc_aircraft shot=4 seed=1 tag=detbayesrt_epoch-80_rpstd-0.1_rkl-1.0e-3_tpstd-0.001_tkl-1.0e-2_fusion-static_logit gpu=1
[launch] stage=core dataset=fgvc_aircraft shot=4 seed=1 tag=detbayesrt_epoch-80_rpstd-0.01_rkl-1.0e-5_tpstd-0.001_tkl-5.0e-2_fusion-static_logit gpu=1
[done] stage=core dataset=fgvc_aircraft shot=4 seed=1 tag=detbayesrt_epoch-80_rpstd-0.1_rkl-1.0e-3_tpstd-0.001_tkl-5.0e-2_fusion-static_logit gpu=1
[launch] stage=core dataset=fgvc_aircraft shot=4 seed=1 tag=detbayesrt_epoch-80_rpstd-0.01_rkl-1.0e-5_tpstd-0.001_tkl-1.0e-2_fusion-static_logit gpu=1
[done] stage=core dataset=fgvc_aircraft shot=4 seed=1 tag=detbayesrt_epoch-80_rpstd-0.1_rkl-1.0e-3_tpstd-0.001_tkl-1.0e-3_fusion-static_logit gpu=1
[launch] stage=core dataset=fgvc_aircraft shot=4 seed=1 tag=detbayesrt_epoch-80_rpstd-0.01_rkl-1.0e-5_tpstd-0.001_tkl-1.0e-3_fusion-static_logit gpu=1
[done] stage=core dataset=fgvc_aircraft shot=4 seed=1 tag=detbayesrt_epoch-80_rpstd-0.01_rkl-1.0e-5_tpstd-0.1_tkl-5.0e-2_fusion-static_logit gpu=2
[launch] stage=core dataset=fgvc_aircraft shot=4 seed=1 tag=detbayesrt_epoch-80_rpstd-0.01_rkl-1.0e-4_tpstd-0.1_tkl-5.0e-2_fusion-static_logit gpu=2
[done] stage=core dataset=fgvc_aircraft shot=4 seed=1 tag=detbayesrt_epoch-80_rpstd-0.01_rkl-1.0e-5_tpstd-0.1_tkl-1.0e-2_fusion-static_logit gpu=2
[launch] stage=core dataset=fgvc_aircraft shot=4 seed=1 tag=detbayesrt_epoch-80_rpstd-0.01_rkl-1.0e-4_tpstd-0.1_tkl-1.0e-2_fusion-static_logit gpu=2
[done] stage=core dataset=fgvc_aircraft shot=4 seed=1 tag=detbayesrt_epoch-80_rpstd-0.01_rkl-1.0e-5_tpstd-0.1_tkl-1.0e-3_fusion-static_logit gpu=2
[launch] stage=core dataset=fgvc_aircraft shot=4 seed=1 tag=detbayesrt_epoch-80_rpstd-0.01_rkl-1.0e-4_tpstd-0.1_tkl-1.0e-3_fusion-static_logit gpu=2
[done] stage=core dataset=fgvc_aircraft shot=4 seed=1 tag=detbayesrt_epoch-80_rpstd-0.01_rkl-1.0e-5_tpstd-0.01_tkl-5.0e-2_fusion-static_logit gpu=0
[launch] stage=core dataset=fgvc_aircraft shot=4 seed=1 tag=detbayesrt_epoch-80_rpstd-0.01_rkl-1.0e-4_tpstd-0.01_tkl-5.0e-2_fusion-static_logit gpu=0
[done] stage=core dataset=fgvc_aircraft shot=4 seed=1 tag=detbayesrt_epoch-80_rpstd-0.01_rkl-1.0e-5_tpstd-0.01_tkl-1.0e-2_fusion-static_logit gpu=0
[done] stage=core dataset=fgvc_aircraft shot=4 seed=1 tag=detbayesrt_epoch-80_rpstd-0.01_rkl-1.0e-5_tpstd-0.01_tkl-1.0e-3_fusion-static_logit gpu=0
[launch] stage=core dataset=fgvc_aircraft shot=4 seed=1 tag=detbayesrt_epoch-80_rpstd-0.01_rkl-1.0e-4_tpstd-0.01_tkl-1.0e-2_fusion-static_logit gpu=0
[launch] stage=core dataset=fgvc_aircraft shot=4 seed=1 tag=detbayesrt_epoch-80_rpstd-0.01_rkl-1.0e-4_tpstd-0.01_tkl-1.0e-3_fusion-static_logit gpu=0
[done] stage=core dataset=fgvc_aircraft shot=4 seed=1 tag=detbayesrt_epoch-80_rpstd-0.01_rkl-1.0e-5_tpstd-0.001_tkl-5.0e-2_fusion-static_logit gpu=1
[launch] stage=core dataset=fgvc_aircraft shot=4 seed=1 tag=detbayesrt_epoch-80_rpstd-0.01_rkl-1.0e-4_tpstd-0.001_tkl-5.0e-2_fusion-static_logit gpu=1
[done] stage=core dataset=fgvc_aircraft shot=4 seed=1 tag=detbayesrt_epoch-80_rpstd-0.01_rkl-1.0e-5_tpstd-0.001_tkl-1.0e-2_fusion-static_logit gpu=1
[launch] stage=core dataset=fgvc_aircraft shot=4 seed=1 tag=detbayesrt_epoch-80_rpstd-0.01_rkl-1.0e-4_tpstd-0.001_tkl-1.0e-2_fusion-static_logit gpu=1
[done] stage=core dataset=fgvc_aircraft shot=4 seed=1 tag=detbayesrt_epoch-80_rpstd-0.01_rkl-1.0e-5_tpstd-0.001_tkl-1.0e-3_fusion-static_logit gpu=1
[launch] stage=core dataset=fgvc_aircraft shot=4 seed=1 tag=detbayesrt_epoch-80_rpstd-0.01_rkl-1.0e-4_tpstd-0.001_tkl-1.0e-3_fusion-static_logit gpu=1
[done] stage=core dataset=fgvc_aircraft shot=4 seed=1 tag=detbayesrt_epoch-80_rpstd-0.01_rkl-1.0e-4_tpstd-0.1_tkl-5.0e-2_fusion-static_logit gpu=2
[launch] stage=core dataset=fgvc_aircraft shot=4 seed=1 tag=detbayesrt_epoch-80_rpstd-0.01_rkl-1.0e-3_tpstd-0.1_tkl-5.0e-2_fusion-static_logit gpu=2
[done] stage=core dataset=fgvc_aircraft shot=4 seed=1 tag=detbayesrt_epoch-80_rpstd-0.01_rkl-1.0e-4_tpstd-0.1_tkl-1.0e-2_fusion-static_logit gpu=2
[launch] stage=core dataset=fgvc_aircraft shot=4 seed=1 tag=detbayesrt_epoch-80_rpstd-0.01_rkl-1.0e-3_tpstd-0.1_tkl-1.0e-2_fusion-static_logit gpu=2
[done] stage=core dataset=fgvc_aircraft shot=4 seed=1 tag=detbayesrt_epoch-80_rpstd-0.01_rkl-1.0e-4_tpstd-0.1_tkl-1.0e-3_fusion-static_logit gpu=2
[launch] stage=core dataset=fgvc_aircraft shot=4 seed=1 tag=detbayesrt_epoch-80_rpstd-0.01_rkl-1.0e-3_tpstd-0.1_tkl-1.0e-3_fusion-static_logit gpu=2
[done] stage=core dataset=fgvc_aircraft shot=4 seed=1 tag=detbayesrt_epoch-80_rpstd-0.01_rkl-1.0e-4_tpstd-0.01_tkl-5.0e-2_fusion-static_logit gpu=0
[done] stage=core dataset=fgvc_aircraft shot=4 seed=1 tag=detbayesrt_epoch-80_rpstd-0.01_rkl-1.0e-4_tpstd-0.01_tkl-1.0e-3_fusion-static_logit gpu=0
[launch] stage=core dataset=fgvc_aircraft shot=4 seed=1 tag=detbayesrt_epoch-80_rpstd-0.01_rkl-1.0e-3_tpstd-0.01_tkl-5.0e-2_fusion-static_logit gpu=0
[launch] stage=core dataset=fgvc_aircraft shot=4 seed=1 tag=detbayesrt_epoch-80_rpstd-0.01_rkl-1.0e-3_tpstd-0.01_tkl-1.0e-2_fusion-static_logit gpu=0
[done] stage=core dataset=fgvc_aircraft shot=4 seed=1 tag=detbayesrt_epoch-80_rpstd-0.01_rkl-1.0e-4_tpstd-0.01_tkl-1.0e-2_fusion-static_logit gpu=0
[launch] stage=core dataset=fgvc_aircraft shot=4 seed=1 tag=detbayesrt_epoch-80_rpstd-0.01_rkl-1.0e-3_tpstd-0.01_tkl-1.0e-3_fusion-static_logit gpu=0
[done] stage=core dataset=fgvc_aircraft shot=4 seed=1 tag=detbayesrt_epoch-80_rpstd-0.01_rkl-1.0e-4_tpstd-0.001_tkl-5.0e-2_fusion-static_logit gpu=1
[launch] stage=core dataset=fgvc_aircraft shot=4 seed=1 tag=detbayesrt_epoch-80_rpstd-0.01_rkl-1.0e-3_tpstd-0.001_tkl-5.0e-2_fusion-static_logit gpu=1
[done] stage=core dataset=fgvc_aircraft shot=4 seed=1 tag=detbayesrt_epoch-80_rpstd-0.01_rkl-1.0e-4_tpstd-0.001_tkl-1.0e-2_fusion-static_logit gpu=1
[launch] stage=core dataset=fgvc_aircraft shot=4 seed=1 tag=detbayesrt_epoch-80_rpstd-0.01_rkl-1.0e-3_tpstd-0.001_tkl-1.0e-2_fusion-static_logit gpu=1
[done] stage=core dataset=fgvc_aircraft shot=4 seed=1 tag=detbayesrt_epoch-80_rpstd-0.01_rkl-1.0e-4_tpstd-0.001_tkl-1.0e-3_fusion-static_logit gpu=1
[launch] stage=core dataset=fgvc_aircraft shot=4 seed=1 tag=detbayesrt_epoch-80_rpstd-0.01_rkl-1.0e-3_tpstd-0.001_tkl-1.0e-3_fusion-static_logit gpu=1
[done] stage=core dataset=fgvc_aircraft shot=4 seed=1 tag=detbayesrt_epoch-80_rpstd-0.01_rkl-1.0e-3_tpstd-0.1_tkl-5.0e-2_fusion-static_logit gpu=2
[launch] stage=core dataset=fgvc_aircraft shot=4 seed=1 tag=detbayesrt_epoch-80_rpstd-0.001_rkl-1.0e-5_tpstd-0.1_tkl-5.0e-2_fusion-static_logit gpu=2
[done] stage=core dataset=fgvc_aircraft shot=4 seed=1 tag=detbayesrt_epoch-80_rpstd-0.01_rkl-1.0e-3_tpstd-0.1_tkl-1.0e-2_fusion-static_logit gpu=2
[launch] stage=core dataset=fgvc_aircraft shot=4 seed=1 tag=detbayesrt_epoch-80_rpstd-0.001_rkl-1.0e-5_tpstd-0.1_tkl-1.0e-2_fusion-static_logit gpu=2
[done] stage=core dataset=fgvc_aircraft shot=4 seed=1 tag=detbayesrt_epoch-80_rpstd-0.01_rkl-1.0e-3_tpstd-0.1_tkl-1.0e-3_fusion-static_logit gpu=2
[launch] stage=core dataset=fgvc_aircraft shot=4 seed=1 tag=detbayesrt_epoch-80_rpstd-0.001_rkl-1.0e-5_tpstd-0.1_tkl-1.0e-3_fusion-static_logit gpu=2
[done] stage=core dataset=fgvc_aircraft shot=4 seed=1 tag=detbayesrt_epoch-80_rpstd-0.01_rkl-1.0e-3_tpstd-0.01_tkl-5.0e-2_fusion-static_logit gpu=0
[done] stage=core dataset=fgvc_aircraft shot=4 seed=1 tag=detbayesrt_epoch-80_rpstd-0.01_rkl-1.0e-3_tpstd-0.01_tkl-1.0e-2_fusion-static_logit gpu=0
[launch] stage=core dataset=fgvc_aircraft shot=4 seed=1 tag=detbayesrt_epoch-80_rpstd-0.001_rkl-1.0e-5_tpstd-0.01_tkl-5.0e-2_fusion-static_logit gpu=0
[launch] stage=core dataset=fgvc_aircraft shot=4 seed=1 tag=detbayesrt_epoch-80_rpstd-0.001_rkl-1.0e-5_tpstd-0.01_tkl-1.0e-2_fusion-static_logit gpu=0
[done] stage=core dataset=fgvc_aircraft shot=4 seed=1 tag=detbayesrt_epoch-80_rpstd-0.01_rkl-1.0e-3_tpstd-0.01_tkl-1.0e-3_fusion-static_logit gpu=0
[launch] stage=core dataset=fgvc_aircraft shot=4 seed=1 tag=detbayesrt_epoch-80_rpstd-0.001_rkl-1.0e-5_tpstd-0.01_tkl-1.0e-3_fusion-static_logit gpu=0
[done] stage=core dataset=fgvc_aircraft shot=4 seed=1 tag=detbayesrt_epoch-80_rpstd-0.01_rkl-1.0e-3_tpstd-0.001_tkl-5.0e-2_fusion-static_logit gpu=1
[launch] stage=core dataset=fgvc_aircraft shot=4 seed=1 tag=detbayesrt_epoch-80_rpstd-0.001_rkl-1.0e-5_tpstd-0.001_tkl-5.0e-2_fusion-static_logit gpu=1
[done] stage=core dataset=fgvc_aircraft shot=4 seed=1 tag=detbayesrt_epoch-80_rpstd-0.01_rkl-1.0e-3_tpstd-0.001_tkl-1.0e-2_fusion-static_logit gpu=1
[launch] stage=core dataset=fgvc_aircraft shot=4 seed=1 tag=detbayesrt_epoch-80_rpstd-0.001_rkl-1.0e-5_tpstd-0.001_tkl-1.0e-2_fusion-static_logit gpu=1
[done] stage=core dataset=fgvc_aircraft shot=4 seed=1 tag=detbayesrt_epoch-80_rpstd-0.01_rkl-1.0e-3_tpstd-0.001_tkl-1.0e-3_fusion-static_logit gpu=1
[launch] stage=core dataset=fgvc_aircraft shot=4 seed=1 tag=detbayesrt_epoch-80_rpstd-0.001_rkl-1.0e-5_tpstd-0.001_tkl-1.0e-3_fusion-static_logit gpu=1
[done] stage=core dataset=fgvc_aircraft shot=4 seed=1 tag=detbayesrt_epoch-80_rpstd-0.001_rkl-1.0e-5_tpstd-0.1_tkl-5.0e-2_fusion-static_logit gpu=2
[launch] stage=core dataset=fgvc_aircraft shot=4 seed=1 tag=detbayesrt_epoch-80_rpstd-0.001_rkl-1.0e-4_tpstd-0.1_tkl-5.0e-2_fusion-static_logit gpu=2
[done] stage=core dataset=fgvc_aircraft shot=4 seed=1 tag=detbayesrt_epoch-80_rpstd-0.001_rkl-1.0e-5_tpstd-0.1_tkl-1.0e-2_fusion-static_logit gpu=2
[launch] stage=core dataset=fgvc_aircraft shot=4 seed=1 tag=detbayesrt_epoch-80_rpstd-0.001_rkl-1.0e-4_tpstd-0.1_tkl-1.0e-2_fusion-static_logit gpu=2
[done] stage=core dataset=fgvc_aircraft shot=4 seed=1 tag=detbayesrt_epoch-80_rpstd-0.001_rkl-1.0e-5_tpstd-0.1_tkl-1.0e-3_fusion-static_logit gpu=2
[launch] stage=core dataset=fgvc_aircraft shot=4 seed=1 tag=detbayesrt_epoch-80_rpstd-0.001_rkl-1.0e-4_tpstd-0.1_tkl-1.0e-3_fusion-static_logit gpu=2
[done] stage=core dataset=fgvc_aircraft shot=4 seed=1 tag=detbayesrt_epoch-80_rpstd-0.001_rkl-1.0e-5_tpstd-0.01_tkl-5.0e-2_fusion-static_logit gpu=0
[launch] stage=core dataset=fgvc_aircraft shot=4 seed=1 tag=detbayesrt_epoch-80_rpstd-0.001_rkl-1.0e-4_tpstd-0.01_tkl-5.0e-2_fusion-static_logit gpu=0
[done] stage=core dataset=fgvc_aircraft shot=4 seed=1 tag=detbayesrt_epoch-80_rpstd-0.001_rkl-1.0e-5_tpstd-0.01_tkl-1.0e-2_fusion-static_logit gpu=0
[launch] stage=core dataset=fgvc_aircraft shot=4 seed=1 tag=detbayesrt_epoch-80_rpstd-0.001_rkl-1.0e-4_tpstd-0.01_tkl-1.0e-2_fusion-static_logit gpu=0
[done] stage=core dataset=fgvc_aircraft shot=4 seed=1 tag=detbayesrt_epoch-80_rpstd-0.001_rkl-1.0e-5_tpstd-0.01_tkl-1.0e-3_fusion-static_logit gpu=0
[launch] stage=core dataset=fgvc_aircraft shot=4 seed=1 tag=detbayesrt_epoch-80_rpstd-0.001_rkl-1.0e-4_tpstd-0.01_tkl-1.0e-3_fusion-static_logit gpu=0
[done] stage=core dataset=fgvc_aircraft shot=4 seed=1 tag=detbayesrt_epoch-80_rpstd-0.001_rkl-1.0e-5_tpstd-0.001_tkl-5.0e-2_fusion-static_logit gpu=1
[launch] stage=core dataset=fgvc_aircraft shot=4 seed=1 tag=detbayesrt_epoch-80_rpstd-0.001_rkl-1.0e-4_tpstd-0.001_tkl-5.0e-2_fusion-static_logit gpu=1
[done] stage=core dataset=fgvc_aircraft shot=4 seed=1 tag=detbayesrt_epoch-80_rpstd-0.001_rkl-1.0e-5_tpstd-0.001_tkl-1.0e-2_fusion-static_logit gpu=1
[launch] stage=core dataset=fgvc_aircraft shot=4 seed=1 tag=detbayesrt_epoch-80_rpstd-0.001_rkl-1.0e-4_tpstd-0.001_tkl-1.0e-2_fusion-static_logit gpu=1
[done] stage=core dataset=fgvc_aircraft shot=4 seed=1 tag=detbayesrt_epoch-80_rpstd-0.001_rkl-1.0e-5_tpstd-0.001_tkl-1.0e-3_fusion-static_logit gpu=1
[launch] stage=core dataset=fgvc_aircraft shot=4 seed=1 tag=detbayesrt_epoch-80_rpstd-0.001_rkl-1.0e-4_tpstd-0.001_tkl-1.0e-3_fusion-static_logit gpu=1
[done] stage=core dataset=fgvc_aircraft shot=4 seed=1 tag=detbayesrt_epoch-80_rpstd-0.001_rkl-1.0e-4_tpstd-0.1_tkl-5.0e-2_fusion-static_logit gpu=2
[launch] stage=core dataset=fgvc_aircraft shot=4 seed=1 tag=detbayesrt_epoch-80_rpstd-0.001_rkl-1.0e-3_tpstd-0.1_tkl-5.0e-2_fusion-static_logit gpu=2
[done] stage=core dataset=fgvc_aircraft shot=4 seed=1 tag=detbayesrt_epoch-80_rpstd-0.001_rkl-1.0e-4_tpstd-0.1_tkl-1.0e-2_fusion-static_logit gpu=2
[launch] stage=core dataset=fgvc_aircraft shot=4 seed=1 tag=detbayesrt_epoch-80_rpstd-0.001_rkl-1.0e-3_tpstd-0.1_tkl-1.0e-2_fusion-static_logit gpu=2
[done] stage=core dataset=fgvc_aircraft shot=4 seed=1 tag=detbayesrt_epoch-80_rpstd-0.001_rkl-1.0e-4_tpstd-0.1_tkl-1.0e-3_fusion-static_logit gpu=2
[launch] stage=core dataset=fgvc_aircraft shot=4 seed=1 tag=detbayesrt_epoch-80_rpstd-0.001_rkl-1.0e-3_tpstd-0.1_tkl-1.0e-3_fusion-static_logit gpu=2
[done] stage=core dataset=fgvc_aircraft shot=4 seed=1 tag=detbayesrt_epoch-80_rpstd-0.001_rkl-1.0e-4_tpstd-0.01_tkl-5.0e-2_fusion-static_logit gpu=0
[done] stage=core dataset=fgvc_aircraft shot=4 seed=1 tag=detbayesrt_epoch-80_rpstd-0.001_rkl-1.0e-4_tpstd-0.01_tkl-1.0e-2_fusion-static_logit gpu=0
[launch] stage=core dataset=fgvc_aircraft shot=4 seed=1 tag=detbayesrt_epoch-80_rpstd-0.001_rkl-1.0e-3_tpstd-0.01_tkl-5.0e-2_fusion-static_logit gpu=0
[launch] stage=core dataset=fgvc_aircraft shot=4 seed=1 tag=detbayesrt_epoch-80_rpstd-0.001_rkl-1.0e-3_tpstd-0.01_tkl-1.0e-2_fusion-static_logit gpu=0
[done] stage=core dataset=fgvc_aircraft shot=4 seed=1 tag=detbayesrt_epoch-80_rpstd-0.001_rkl-1.0e-4_tpstd-0.01_tkl-1.0e-3_fusion-static_logit gpu=0
[launch] stage=core dataset=fgvc_aircraft shot=4 seed=1 tag=detbayesrt_epoch-80_rpstd-0.001_rkl-1.0e-3_tpstd-0.01_tkl-1.0e-3_fusion-static_logit gpu=0
[done] stage=core dataset=fgvc_aircraft shot=4 seed=1 tag=detbayesrt_epoch-80_rpstd-0.001_rkl-1.0e-4_tpstd-0.001_tkl-5.0e-2_fusion-static_logit gpu=1
[launch] stage=core dataset=fgvc_aircraft shot=4 seed=1 tag=detbayesrt_epoch-80_rpstd-0.001_rkl-1.0e-3_tpstd-0.001_tkl-5.0e-2_fusion-static_logit gpu=1
[done] stage=core dataset=fgvc_aircraft shot=4 seed=1 tag=detbayesrt_epoch-80_rpstd-0.001_rkl-1.0e-4_tpstd-0.001_tkl-1.0e-2_fusion-static_logit gpu=1
[launch] stage=core dataset=fgvc_aircraft shot=4 seed=1 tag=detbayesrt_epoch-80_rpstd-0.001_rkl-1.0e-3_tpstd-0.001_tkl-1.0e-2_fusion-static_logit gpu=1
[done] stage=core dataset=fgvc_aircraft shot=4 seed=1 tag=detbayesrt_epoch-80_rpstd-0.001_rkl-1.0e-4_tpstd-0.001_tkl-1.0e-3_fusion-static_logit gpu=1
[launch] stage=core dataset=fgvc_aircraft shot=4 seed=1 tag=detbayesrt_epoch-80_rpstd-0.001_rkl-1.0e-3_tpstd-0.001_tkl-1.0e-3_fusion-static_logit gpu=1
[done] stage=core dataset=fgvc_aircraft shot=4 seed=1 tag=detbayesrt_epoch-80_rpstd-0.001_rkl-1.0e-3_tpstd-0.1_tkl-5.0e-2_fusion-static_logit gpu=2
[launch] stage=core dataset=fgvc_aircraft shot=8 seed=1 tag=detbayesrt_epoch-80_rpstd-0.1_rkl-1.0e-5_tpstd-0.1_tkl-5.0e-2_fusion-static_logit gpu=2
[done] stage=core dataset=fgvc_aircraft shot=4 seed=1 tag=detbayesrt_epoch-80_rpstd-0.001_rkl-1.0e-3_tpstd-0.1_tkl-1.0e-2_fusion-static_logit gpu=2
[launch] stage=core dataset=fgvc_aircraft shot=8 seed=1 tag=detbayesrt_epoch-80_rpstd-0.1_rkl-1.0e-5_tpstd-0.1_tkl-1.0e-2_fusion-static_logit gpu=2
[done] stage=core dataset=fgvc_aircraft shot=4 seed=1 tag=detbayesrt_epoch-80_rpstd-0.001_rkl-1.0e-3_tpstd-0.1_tkl-1.0e-3_fusion-static_logit gpu=2
[launch] stage=core dataset=fgvc_aircraft shot=8 seed=1 tag=detbayesrt_epoch-80_rpstd-0.1_rkl-1.0e-5_tpstd-0.1_tkl-1.0e-3_fusion-static_logit gpu=2
[done] stage=core dataset=fgvc_aircraft shot=4 seed=1 tag=detbayesrt_epoch-80_rpstd-0.001_rkl-1.0e-3_tpstd-0.01_tkl-5.0e-2_fusion-static_logit gpu=0
[done] stage=core dataset=fgvc_aircraft shot=4 seed=1 tag=detbayesrt_epoch-80_rpstd-0.001_rkl-1.0e-3_tpstd-0.01_tkl-1.0e-2_fusion-static_logit gpu=0
[done] stage=core dataset=fgvc_aircraft shot=4 seed=1 tag=detbayesrt_epoch-80_rpstd-0.001_rkl-1.0e-3_tpstd-0.001_tkl-5.0e-2_fusion-static_logit gpu=1
[launch] stage=core dataset=fgvc_aircraft shot=8 seed=1 tag=detbayesrt_epoch-80_rpstd-0.1_rkl-1.0e-5_tpstd-0.01_tkl-5.0e-2_fusion-static_logit gpu=0
[launch] stage=core dataset=fgvc_aircraft shot=8 seed=1 tag=detbayesrt_epoch-80_rpstd-0.1_rkl-1.0e-5_tpstd-0.01_tkl-1.0e-2_fusion-static_logit gpu=0
[launch] stage=core dataset=fgvc_aircraft shot=8 seed=1 tag=detbayesrt_epoch-80_rpstd-0.1_rkl-1.0e-5_tpstd-0.01_tkl-1.0e-3_fusion-static_logit gpu=1
[done] stage=core dataset=fgvc_aircraft shot=4 seed=1 tag=detbayesrt_epoch-80_rpstd-0.001_rkl-1.0e-3_tpstd-0.01_tkl-1.0e-3_fusion-static_logit gpu=0
[done] stage=core dataset=fgvc_aircraft shot=4 seed=1 tag=detbayesrt_epoch-80_rpstd-0.001_rkl-1.0e-3_tpstd-0.001_tkl-1.0e-2_fusion-static_logit gpu=1
[launch] stage=core dataset=fgvc_aircraft shot=8 seed=1 tag=detbayesrt_epoch-80_rpstd-0.1_rkl-1.0e-5_tpstd-0.001_tkl-5.0e-2_fusion-static_logit gpu=0
[launch] stage=core dataset=fgvc_aircraft shot=8 seed=1 tag=detbayesrt_epoch-80_rpstd-0.1_rkl-1.0e-5_tpstd-0.001_tkl-1.0e-2_fusion-static_logit gpu=1
[done] stage=core dataset=fgvc_aircraft shot=4 seed=1 tag=detbayesrt_epoch-80_rpstd-0.001_rkl-1.0e-3_tpstd-0.001_tkl-1.0e-3_fusion-static_logit gpu=1
[launch] stage=core dataset=fgvc_aircraft shot=8 seed=1 tag=detbayesrt_epoch-80_rpstd-0.1_rkl-1.0e-5_tpstd-0.001_tkl-1.0e-3_fusion-static_logit gpu=1
[done] stage=core dataset=fgvc_aircraft shot=8 seed=1 tag=detbayesrt_epoch-80_rpstd-0.1_rkl-1.0e-5_tpstd-0.1_tkl-5.0e-2_fusion-static_logit gpu=2
[launch] stage=core dataset=fgvc_aircraft shot=8 seed=1 tag=detbayesrt_epoch-80_rpstd-0.1_rkl-1.0e-4_tpstd-0.1_tkl-5.0e-2_fusion-static_logit gpu=2
[done] stage=core dataset=fgvc_aircraft shot=8 seed=1 tag=detbayesrt_epoch-80_rpstd-0.1_rkl-1.0e-5_tpstd-0.1_tkl-1.0e-2_fusion-static_logit gpu=2
[launch] stage=core dataset=fgvc_aircraft shot=8 seed=1 tag=detbayesrt_epoch-80_rpstd-0.1_rkl-1.0e-4_tpstd-0.1_tkl-1.0e-2_fusion-static_logit gpu=2
[done] stage=core dataset=fgvc_aircraft shot=8 seed=1 tag=detbayesrt_epoch-80_rpstd-0.1_rkl-1.0e-5_tpstd-0.1_tkl-1.0e-3_fusion-static_logit gpu=2
[launch] stage=core dataset=fgvc_aircraft shot=8 seed=1 tag=detbayesrt_epoch-80_rpstd-0.1_rkl-1.0e-4_tpstd-0.1_tkl-1.0e-3_fusion-static_logit gpu=2
[done] stage=core dataset=fgvc_aircraft shot=8 seed=1 tag=detbayesrt_epoch-80_rpstd-0.1_rkl-1.0e-5_tpstd-0.01_tkl-5.0e-2_fusion-static_logit gpu=0
[launch] stage=core dataset=fgvc_aircraft shot=8 seed=1 tag=detbayesrt_epoch-80_rpstd-0.1_rkl-1.0e-4_tpstd-0.01_tkl-5.0e-2_fusion-static_logit gpu=0
[done] stage=core dataset=fgvc_aircraft shot=8 seed=1 tag=detbayesrt_epoch-80_rpstd-0.1_rkl-1.0e-5_tpstd-0.01_tkl-1.0e-2_fusion-static_logit gpu=0
[done] stage=core dataset=fgvc_aircraft shot=8 seed=1 tag=detbayesrt_epoch-80_rpstd-0.1_rkl-1.0e-5_tpstd-0.01_tkl-1.0e-3_fusion-static_logit gpu=1
[launch] stage=core dataset=fgvc_aircraft shot=8 seed=1 tag=detbayesrt_epoch-80_rpstd-0.1_rkl-1.0e-4_tpstd-0.01_tkl-1.0e-2_fusion-static_logit gpu=0
[launch] stage=core dataset=fgvc_aircraft shot=8 seed=1 tag=detbayesrt_epoch-80_rpstd-0.1_rkl-1.0e-4_tpstd-0.01_tkl-1.0e-3_fusion-static_logit gpu=1
[done] stage=core dataset=fgvc_aircraft shot=8 seed=1 tag=detbayesrt_epoch-80_rpstd-0.1_rkl-1.0e-5_tpstd-0.001_tkl-5.0e-2_fusion-static_logit gpu=0
[launch] stage=core dataset=fgvc_aircraft shot=8 seed=1 tag=detbayesrt_epoch-80_rpstd-0.1_rkl-1.0e-4_tpstd-0.001_tkl-5.0e-2_fusion-static_logit gpu=0
[done] stage=core dataset=fgvc_aircraft shot=8 seed=1 tag=detbayesrt_epoch-80_rpstd-0.1_rkl-1.0e-5_tpstd-0.001_tkl-1.0e-2_fusion-static_logit gpu=1
[launch] stage=core dataset=fgvc_aircraft shot=8 seed=1 tag=detbayesrt_epoch-80_rpstd-0.1_rkl-1.0e-4_tpstd-0.001_tkl-1.0e-2_fusion-static_logit gpu=1
[done] stage=core dataset=fgvc_aircraft shot=8 seed=1 tag=detbayesrt_epoch-80_rpstd-0.1_rkl-1.0e-5_tpstd-0.001_tkl-1.0e-3_fusion-static_logit gpu=1
[launch] stage=core dataset=fgvc_aircraft shot=8 seed=1 tag=detbayesrt_epoch-80_rpstd-0.1_rkl-1.0e-4_tpstd-0.001_tkl-1.0e-3_fusion-static_logit gpu=1
[done] stage=core dataset=fgvc_aircraft shot=8 seed=1 tag=detbayesrt_epoch-80_rpstd-0.1_rkl-1.0e-4_tpstd-0.1_tkl-5.0e-2_fusion-static_logit gpu=2
[launch] stage=core dataset=fgvc_aircraft shot=8 seed=1 tag=detbayesrt_epoch-80_rpstd-0.1_rkl-1.0e-3_tpstd-0.1_tkl-5.0e-2_fusion-static_logit gpu=2
[done] stage=core dataset=fgvc_aircraft shot=8 seed=1 tag=detbayesrt_epoch-80_rpstd-0.1_rkl-1.0e-4_tpstd-0.1_tkl-1.0e-2_fusion-static_logit gpu=2
[launch] stage=core dataset=fgvc_aircraft shot=8 seed=1 tag=detbayesrt_epoch-80_rpstd-0.1_rkl-1.0e-3_tpstd-0.1_tkl-1.0e-2_fusion-static_logit gpu=2
[done] stage=core dataset=fgvc_aircraft shot=8 seed=1 tag=detbayesrt_epoch-80_rpstd-0.1_rkl-1.0e-4_tpstd-0.1_tkl-1.0e-3_fusion-static_logit gpu=2
[launch] stage=core dataset=fgvc_aircraft shot=8 seed=1 tag=detbayesrt_epoch-80_rpstd-0.1_rkl-1.0e-3_tpstd-0.1_tkl-1.0e-3_fusion-static_logit gpu=2
[done] stage=core dataset=fgvc_aircraft shot=8 seed=1 tag=detbayesrt_epoch-80_rpstd-0.1_rkl-1.0e-4_tpstd-0.01_tkl-1.0e-3_fusion-static_logit gpu=1
[launch] stage=core dataset=fgvc_aircraft shot=8 seed=1 tag=detbayesrt_epoch-80_rpstd-0.1_rkl-1.0e-3_tpstd-0.01_tkl-5.0e-2_fusion-static_logit gpu=1
[done] stage=core dataset=fgvc_aircraft shot=8 seed=1 tag=detbayesrt_epoch-80_rpstd-0.1_rkl-1.0e-4_tpstd-0.01_tkl-5.0e-2_fusion-static_logit gpu=0
[done] stage=core dataset=fgvc_aircraft shot=8 seed=1 tag=detbayesrt_epoch-80_rpstd-0.1_rkl-1.0e-4_tpstd-0.01_tkl-1.0e-2_fusion-static_logit gpu=0
[launch] stage=core dataset=fgvc_aircraft shot=8 seed=1 tag=detbayesrt_epoch-80_rpstd-0.1_rkl-1.0e-3_tpstd-0.01_tkl-1.0e-2_fusion-static_logit gpu=0
[launch] stage=core dataset=fgvc_aircraft shot=8 seed=1 tag=detbayesrt_epoch-80_rpstd-0.1_rkl-1.0e-3_tpstd-0.01_tkl-1.0e-3_fusion-static_logit gpu=0
[done] stage=core dataset=fgvc_aircraft shot=8 seed=1 tag=detbayesrt_epoch-80_rpstd-0.1_rkl-1.0e-4_tpstd-0.001_tkl-5.0e-2_fusion-static_logit gpu=0
[done] stage=core dataset=fgvc_aircraft shot=8 seed=1 tag=detbayesrt_epoch-80_rpstd-0.1_rkl-1.0e-4_tpstd-0.001_tkl-1.0e-2_fusion-static_logit gpu=1
[launch] stage=core dataset=fgvc_aircraft shot=8 seed=1 tag=detbayesrt_epoch-80_rpstd-0.1_rkl-1.0e-3_tpstd-0.001_tkl-5.0e-2_fusion-static_logit gpu=0
[launch] stage=core dataset=fgvc_aircraft shot=8 seed=1 tag=detbayesrt_epoch-80_rpstd-0.1_rkl-1.0e-3_tpstd-0.001_tkl-1.0e-2_fusion-static_logit gpu=1
[done] stage=core dataset=fgvc_aircraft shot=8 seed=1 tag=detbayesrt_epoch-80_rpstd-0.1_rkl-1.0e-4_tpstd-0.001_tkl-1.0e-3_fusion-static_logit gpu=1
[launch] stage=core dataset=fgvc_aircraft shot=8 seed=1 tag=detbayesrt_epoch-80_rpstd-0.1_rkl-1.0e-3_tpstd-0.001_tkl-1.0e-3_fusion-static_logit gpu=1
[done] stage=core dataset=fgvc_aircraft shot=8 seed=1 tag=detbayesrt_epoch-80_rpstd-0.1_rkl-1.0e-3_tpstd-0.1_tkl-5.0e-2_fusion-static_logit gpu=2
[launch] stage=core dataset=fgvc_aircraft shot=8 seed=1 tag=detbayesrt_epoch-80_rpstd-0.01_rkl-1.0e-5_tpstd-0.1_tkl-5.0e-2_fusion-static_logit gpu=2
[done] stage=core dataset=fgvc_aircraft shot=8 seed=1 tag=detbayesrt_epoch-80_rpstd-0.1_rkl-1.0e-3_tpstd-0.1_tkl-1.0e-2_fusion-static_logit gpu=2
[launch] stage=core dataset=fgvc_aircraft shot=8 seed=1 tag=detbayesrt_epoch-80_rpstd-0.01_rkl-1.0e-5_tpstd-0.1_tkl-1.0e-2_fusion-static_logit gpu=2
[done] stage=core dataset=fgvc_aircraft shot=8 seed=1 tag=detbayesrt_epoch-80_rpstd-0.1_rkl-1.0e-3_tpstd-0.1_tkl-1.0e-3_fusion-static_logit gpu=2
[launch] stage=core dataset=fgvc_aircraft shot=8 seed=1 tag=detbayesrt_epoch-80_rpstd-0.01_rkl-1.0e-5_tpstd-0.1_tkl-1.0e-3_fusion-static_logit gpu=2
[done] stage=core dataset=fgvc_aircraft shot=8 seed=1 tag=detbayesrt_epoch-80_rpstd-0.1_rkl-1.0e-3_tpstd-0.01_tkl-5.0e-2_fusion-static_logit gpu=1
[launch] stage=core dataset=fgvc_aircraft shot=8 seed=1 tag=detbayesrt_epoch-80_rpstd-0.01_rkl-1.0e-5_tpstd-0.01_tkl-5.0e-2_fusion-static_logit gpu=1
[done] stage=core dataset=fgvc_aircraft shot=8 seed=1 tag=detbayesrt_epoch-80_rpstd-0.1_rkl-1.0e-3_tpstd-0.001_tkl-1.0e-2_fusion-static_logit gpu=1
[launch] stage=core dataset=fgvc_aircraft shot=8 seed=1 tag=detbayesrt_epoch-80_rpstd-0.01_rkl-1.0e-5_tpstd-0.01_tkl-1.0e-2_fusion-static_logit gpu=1
[done] stage=core dataset=fgvc_aircraft shot=8 seed=1 tag=detbayesrt_epoch-80_rpstd-0.1_rkl-1.0e-3_tpstd-0.01_tkl-1.0e-3_fusion-static_logit gpu=0
[launch] stage=core dataset=fgvc_aircraft shot=8 seed=1 tag=detbayesrt_epoch-80_rpstd-0.01_rkl-1.0e-5_tpstd-0.01_tkl-1.0e-3_fusion-static_logit gpu=0
[done] stage=core dataset=fgvc_aircraft shot=8 seed=1 tag=detbayesrt_epoch-80_rpstd-0.1_rkl-1.0e-3_tpstd-0.01_tkl-1.0e-2_fusion-static_logit gpu=0
[launch] stage=core dataset=fgvc_aircraft shot=8 seed=1 tag=detbayesrt_epoch-80_rpstd-0.01_rkl-1.0e-5_tpstd-0.001_tkl-5.0e-2_fusion-static_logit gpu=0
[done] stage=core dataset=fgvc_aircraft shot=8 seed=1 tag=detbayesrt_epoch-80_rpstd-0.1_rkl-1.0e-3_tpstd-0.001_tkl-5.0e-2_fusion-static_logit gpu=0
[launch] stage=core dataset=fgvc_aircraft shot=8 seed=1 tag=detbayesrt_epoch-80_rpstd-0.01_rkl-1.0e-5_tpstd-0.001_tkl-1.0e-2_fusion-static_logit gpu=0
[done] stage=core dataset=fgvc_aircraft shot=8 seed=1 tag=detbayesrt_epoch-80_rpstd-0.1_rkl-1.0e-3_tpstd-0.001_tkl-1.0e-3_fusion-static_logit gpu=1
[launch] stage=core dataset=fgvc_aircraft shot=8 seed=1 tag=detbayesrt_epoch-80_rpstd-0.01_rkl-1.0e-5_tpstd-0.001_tkl-1.0e-3_fusion-static_logit gpu=1
[done] stage=core dataset=fgvc_aircraft shot=8 seed=1 tag=detbayesrt_epoch-80_rpstd-0.01_rkl-1.0e-5_tpstd-0.1_tkl-5.0e-2_fusion-static_logit gpu=2
[launch] stage=core dataset=fgvc_aircraft shot=8 seed=1 tag=detbayesrt_epoch-80_rpstd-0.01_rkl-1.0e-4_tpstd-0.1_tkl-5.0e-2_fusion-static_logit gpu=2
[done] stage=core dataset=fgvc_aircraft shot=8 seed=1 tag=detbayesrt_epoch-80_rpstd-0.01_rkl-1.0e-5_tpstd-0.1_tkl-1.0e-3_fusion-static_logit gpu=2
[done] stage=core dataset=fgvc_aircraft shot=8 seed=1 tag=detbayesrt_epoch-80_rpstd-0.01_rkl-1.0e-5_tpstd-0.1_tkl-1.0e-2_fusion-static_logit gpu=2
[launch] stage=core dataset=fgvc_aircraft shot=8 seed=1 tag=detbayesrt_epoch-80_rpstd-0.01_rkl-1.0e-4_tpstd-0.1_tkl-1.0e-2_fusion-static_logit gpu=2
[launch] stage=core dataset=fgvc_aircraft shot=8 seed=1 tag=detbayesrt_epoch-80_rpstd-0.01_rkl-1.0e-4_tpstd-0.1_tkl-1.0e-3_fusion-static_logit gpu=2
[done] stage=core dataset=fgvc_aircraft shot=8 seed=1 tag=detbayesrt_epoch-80_rpstd-0.01_rkl-1.0e-5_tpstd-0.01_tkl-5.0e-2_fusion-static_logit gpu=1
[launch] stage=core dataset=fgvc_aircraft shot=8 seed=1 tag=detbayesrt_epoch-80_rpstd-0.01_rkl-1.0e-4_tpstd-0.01_tkl-5.0e-2_fusion-static_logit gpu=1
[done] stage=core dataset=fgvc_aircraft shot=8 seed=1 tag=detbayesrt_epoch-80_rpstd-0.01_rkl-1.0e-5_tpstd-0.01_tkl-1.0e-2_fusion-static_logit gpu=1
[launch] stage=core dataset=fgvc_aircraft shot=8 seed=1 tag=detbayesrt_epoch-80_rpstd-0.01_rkl-1.0e-4_tpstd-0.01_tkl-1.0e-2_fusion-static_logit gpu=1
[done] stage=core dataset=fgvc_aircraft shot=8 seed=1 tag=detbayesrt_epoch-80_rpstd-0.01_rkl-1.0e-5_tpstd-0.01_tkl-1.0e-3_fusion-static_logit gpu=0
[launch] stage=core dataset=fgvc_aircraft shot=8 seed=1 tag=detbayesrt_epoch-80_rpstd-0.01_rkl-1.0e-4_tpstd-0.01_tkl-1.0e-3_fusion-static_logit gpu=0
[done] stage=core dataset=fgvc_aircraft shot=8 seed=1 tag=detbayesrt_epoch-80_rpstd-0.01_rkl-1.0e-5_tpstd-0.001_tkl-5.0e-2_fusion-static_logit gpu=0
[done] stage=core dataset=fgvc_aircraft shot=8 seed=1 tag=detbayesrt_epoch-80_rpstd-0.01_rkl-1.0e-5_tpstd-0.001_tkl-1.0e-3_fusion-static_logit gpu=1
[launch] stage=core dataset=fgvc_aircraft shot=8 seed=1 tag=detbayesrt_epoch-80_rpstd-0.01_rkl-1.0e-4_tpstd-0.001_tkl-5.0e-2_fusion-static_logit gpu=0
[launch] stage=core dataset=fgvc_aircraft shot=8 seed=1 tag=detbayesrt_epoch-80_rpstd-0.01_rkl-1.0e-4_tpstd-0.001_tkl-1.0e-2_fusion-static_logit gpu=1
[done] stage=core dataset=fgvc_aircraft shot=8 seed=1 tag=detbayesrt_epoch-80_rpstd-0.01_rkl-1.0e-5_tpstd-0.001_tkl-1.0e-2_fusion-static_logit gpu=0
[launch] stage=core dataset=fgvc_aircraft shot=8 seed=1 tag=detbayesrt_epoch-80_rpstd-0.01_rkl-1.0e-4_tpstd-0.001_tkl-1.0e-3_fusion-static_logit gpu=0
[done] stage=core dataset=fgvc_aircraft shot=8 seed=1 tag=detbayesrt_epoch-80_rpstd-0.01_rkl-1.0e-4_tpstd-0.1_tkl-5.0e-2_fusion-static_logit gpu=2
[launch] stage=core dataset=fgvc_aircraft shot=8 seed=1 tag=detbayesrt_epoch-80_rpstd-0.01_rkl-1.0e-3_tpstd-0.1_tkl-5.0e-2_fusion-static_logit gpu=2
[done] stage=core dataset=fgvc_aircraft shot=8 seed=1 tag=detbayesrt_epoch-80_rpstd-0.01_rkl-1.0e-4_tpstd-0.1_tkl-1.0e-2_fusion-static_logit gpu=2
[done] stage=core dataset=fgvc_aircraft shot=8 seed=1 tag=detbayesrt_epoch-80_rpstd-0.01_rkl-1.0e-4_tpstd-0.1_tkl-1.0e-3_fusion-static_logit gpu=2
[launch] stage=core dataset=fgvc_aircraft shot=8 seed=1 tag=detbayesrt_epoch-80_rpstd-0.01_rkl-1.0e-3_tpstd-0.1_tkl-1.0e-2_fusion-static_logit gpu=2
[launch] stage=core dataset=fgvc_aircraft shot=8 seed=1 tag=detbayesrt_epoch-80_rpstd-0.01_rkl-1.0e-3_tpstd-0.1_tkl-1.0e-3_fusion-static_logit gpu=2
[done] stage=core dataset=fgvc_aircraft shot=8 seed=1 tag=detbayesrt_epoch-80_rpstd-0.01_rkl-1.0e-4_tpstd-0.01_tkl-5.0e-2_fusion-static_logit gpu=1
[launch] stage=core dataset=fgvc_aircraft shot=8 seed=1 tag=detbayesrt_epoch-80_rpstd-0.01_rkl-1.0e-3_tpstd-0.01_tkl-5.0e-2_fusion-static_logit gpu=1
[done] stage=core dataset=fgvc_aircraft shot=8 seed=1 tag=detbayesrt_epoch-80_rpstd-0.01_rkl-1.0e-4_tpstd-0.01_tkl-1.0e-2_fusion-static_logit gpu=1
[launch] stage=core dataset=fgvc_aircraft shot=8 seed=1 tag=detbayesrt_epoch-80_rpstd-0.01_rkl-1.0e-3_tpstd-0.01_tkl-1.0e-2_fusion-static_logit gpu=1
[done] stage=core dataset=fgvc_aircraft shot=8 seed=1 tag=detbayesrt_epoch-80_rpstd-0.01_rkl-1.0e-4_tpstd-0.001_tkl-1.0e-2_fusion-static_logit gpu=1
[launch] stage=core dataset=fgvc_aircraft shot=8 seed=1 tag=detbayesrt_epoch-80_rpstd-0.01_rkl-1.0e-3_tpstd-0.01_tkl-1.0e-3_fusion-static_logit gpu=1
[done] stage=core dataset=fgvc_aircraft shot=8 seed=1 tag=detbayesrt_epoch-80_rpstd-0.01_rkl-1.0e-4_tpstd-0.01_tkl-1.0e-3_fusion-static_logit gpu=0
[launch] stage=core dataset=fgvc_aircraft shot=8 seed=1 tag=detbayesrt_epoch-80_rpstd-0.01_rkl-1.0e-3_tpstd-0.001_tkl-5.0e-2_fusion-static_logit gpu=0
[done] stage=core dataset=fgvc_aircraft shot=8 seed=1 tag=detbayesrt_epoch-80_rpstd-0.01_rkl-1.0e-4_tpstd-0.001_tkl-5.0e-2_fusion-static_logit gpu=0
[done] stage=core dataset=fgvc_aircraft shot=8 seed=1 tag=detbayesrt_epoch-80_rpstd-0.01_rkl-1.0e-4_tpstd-0.001_tkl-1.0e-3_fusion-static_logit gpu=0
[launch] stage=core dataset=fgvc_aircraft shot=8 seed=1 tag=detbayesrt_epoch-80_rpstd-0.01_rkl-1.0e-3_tpstd-0.001_tkl-1.0e-2_fusion-static_logit gpu=0
[launch] stage=core dataset=fgvc_aircraft shot=8 seed=1 tag=detbayesrt_epoch-80_rpstd-0.01_rkl-1.0e-3_tpstd-0.001_tkl-1.0e-3_fusion-static_logit gpu=0
[done] stage=core dataset=fgvc_aircraft shot=8 seed=1 tag=detbayesrt_epoch-80_rpstd-0.01_rkl-1.0e-3_tpstd-0.1_tkl-5.0e-2_fusion-static_logit gpu=2
[launch] stage=core dataset=fgvc_aircraft shot=8 seed=1 tag=detbayesrt_epoch-80_rpstd-0.001_rkl-1.0e-5_tpstd-0.1_tkl-5.0e-2_fusion-static_logit gpu=2
[done] stage=core dataset=fgvc_aircraft shot=8 seed=1 tag=detbayesrt_epoch-80_rpstd-0.01_rkl-1.0e-3_tpstd-0.1_tkl-1.0e-2_fusion-static_logit gpu=2
[done] stage=core dataset=fgvc_aircraft shot=8 seed=1 tag=detbayesrt_epoch-80_rpstd-0.01_rkl-1.0e-3_tpstd-0.1_tkl-1.0e-3_fusion-static_logit gpu=2
[launch] stage=core dataset=fgvc_aircraft shot=8 seed=1 tag=detbayesrt_epoch-80_rpstd-0.001_rkl-1.0e-5_tpstd-0.1_tkl-1.0e-2_fusion-static_logit gpu=2
[launch] stage=core dataset=fgvc_aircraft shot=8 seed=1 tag=detbayesrt_epoch-80_rpstd-0.001_rkl-1.0e-5_tpstd-0.1_tkl-1.0e-3_fusion-static_logit gpu=2
[done] stage=core dataset=fgvc_aircraft shot=8 seed=1 tag=detbayesrt_epoch-80_rpstd-0.01_rkl-1.0e-3_tpstd-0.01_tkl-5.0e-2_fusion-static_logit gpu=1
[launch] stage=core dataset=fgvc_aircraft shot=8 seed=1 tag=detbayesrt_epoch-80_rpstd-0.001_rkl-1.0e-5_tpstd-0.01_tkl-5.0e-2_fusion-static_logit gpu=1
[done] stage=core dataset=fgvc_aircraft shot=8 seed=1 tag=detbayesrt_epoch-80_rpstd-0.01_rkl-1.0e-3_tpstd-0.01_tkl-1.0e-2_fusion-static_logit gpu=1
[launch] stage=core dataset=fgvc_aircraft shot=8 seed=1 tag=detbayesrt_epoch-80_rpstd-0.001_rkl-1.0e-5_tpstd-0.01_tkl-1.0e-2_fusion-static_logit gpu=1
[done] stage=core dataset=fgvc_aircraft shot=8 seed=1 tag=detbayesrt_epoch-80_rpstd-0.01_rkl-1.0e-3_tpstd-0.01_tkl-1.0e-3_fusion-static_logit gpu=1
[launch] stage=core dataset=fgvc_aircraft shot=8 seed=1 tag=detbayesrt_epoch-80_rpstd-0.001_rkl-1.0e-5_tpstd-0.01_tkl-1.0e-3_fusion-static_logit gpu=1
[done] stage=core dataset=fgvc_aircraft shot=8 seed=1 tag=detbayesrt_epoch-80_rpstd-0.01_rkl-1.0e-3_tpstd-0.001_tkl-1.0e-2_fusion-static_logit gpu=0
[done] stage=core dataset=fgvc_aircraft shot=8 seed=1 tag=detbayesrt_epoch-80_rpstd-0.01_rkl-1.0e-3_tpstd-0.001_tkl-5.0e-2_fusion-static_logit gpu=0
[launch] stage=core dataset=fgvc_aircraft shot=8 seed=1 tag=detbayesrt_epoch-80_rpstd-0.001_rkl-1.0e-5_tpstd-0.001_tkl-5.0e-2_fusion-static_logit gpu=0
[launch] stage=core dataset=fgvc_aircraft shot=8 seed=1 tag=detbayesrt_epoch-80_rpstd-0.001_rkl-1.0e-5_tpstd-0.001_tkl-1.0e-2_fusion-static_logit gpu=0
[done] stage=core dataset=fgvc_aircraft shot=8 seed=1 tag=detbayesrt_epoch-80_rpstd-0.01_rkl-1.0e-3_tpstd-0.001_tkl-1.0e-3_fusion-static_logit gpu=0
[launch] stage=core dataset=fgvc_aircraft shot=8 seed=1 tag=detbayesrt_epoch-80_rpstd-0.001_rkl-1.0e-5_tpstd-0.001_tkl-1.0e-3_fusion-static_logit gpu=0
[done] stage=core dataset=fgvc_aircraft shot=8 seed=1 tag=detbayesrt_epoch-80_rpstd-0.001_rkl-1.0e-5_tpstd-0.1_tkl-5.0e-2_fusion-static_logit gpu=2
[launch] stage=core dataset=fgvc_aircraft shot=8 seed=1 tag=detbayesrt_epoch-80_rpstd-0.001_rkl-1.0e-4_tpstd-0.1_tkl-5.0e-2_fusion-static_logit gpu=2
[done] stage=core dataset=fgvc_aircraft shot=8 seed=1 tag=detbayesrt_epoch-80_rpstd-0.001_rkl-1.0e-5_tpstd-0.1_tkl-1.0e-2_fusion-static_logit gpu=2
[launch] stage=core dataset=fgvc_aircraft shot=8 seed=1 tag=detbayesrt_epoch-80_rpstd-0.001_rkl-1.0e-4_tpstd-0.1_tkl-1.0e-2_fusion-static_logit gpu=2
[done] stage=core dataset=fgvc_aircraft shot=8 seed=1 tag=detbayesrt_epoch-80_rpstd-0.001_rkl-1.0e-5_tpstd-0.1_tkl-1.0e-3_fusion-static_logit gpu=2
[launch] stage=core dataset=fgvc_aircraft shot=8 seed=1 tag=detbayesrt_epoch-80_rpstd-0.001_rkl-1.0e-4_tpstd-0.1_tkl-1.0e-3_fusion-static_logit gpu=2
[done] stage=core dataset=fgvc_aircraft shot=8 seed=1 tag=detbayesrt_epoch-80_rpstd-0.001_rkl-1.0e-5_tpstd-0.01_tkl-5.0e-2_fusion-static_logit gpu=1
[launch] stage=core dataset=fgvc_aircraft shot=8 seed=1 tag=detbayesrt_epoch-80_rpstd-0.001_rkl-1.0e-4_tpstd-0.01_tkl-5.0e-2_fusion-static_logit gpu=1
[done] stage=core dataset=fgvc_aircraft shot=8 seed=1 tag=detbayesrt_epoch-80_rpstd-0.001_rkl-1.0e-5_tpstd-0.01_tkl-1.0e-2_fusion-static_logit gpu=1
[launch] stage=core dataset=fgvc_aircraft shot=8 seed=1 tag=detbayesrt_epoch-80_rpstd-0.001_rkl-1.0e-4_tpstd-0.01_tkl-1.0e-2_fusion-static_logit gpu=1
[done] stage=core dataset=fgvc_aircraft shot=8 seed=1 tag=detbayesrt_epoch-80_rpstd-0.001_rkl-1.0e-5_tpstd-0.01_tkl-1.0e-3_fusion-static_logit gpu=1
[launch] stage=core dataset=fgvc_aircraft shot=8 seed=1 tag=detbayesrt_epoch-80_rpstd-0.001_rkl-1.0e-4_tpstd-0.01_tkl-1.0e-3_fusion-static_logit gpu=1
[done] stage=core dataset=fgvc_aircraft shot=8 seed=1 tag=detbayesrt_epoch-80_rpstd-0.001_rkl-1.0e-5_tpstd-0.001_tkl-1.0e-2_fusion-static_logit gpu=0
[launch] stage=core dataset=fgvc_aircraft shot=8 seed=1 tag=detbayesrt_epoch-80_rpstd-0.001_rkl-1.0e-4_tpstd-0.001_tkl-5.0e-2_fusion-static_logit gpu=0
[done] stage=core dataset=fgvc_aircraft shot=8 seed=1 tag=detbayesrt_epoch-80_rpstd-0.001_rkl-1.0e-5_tpstd-0.001_tkl-1.0e-3_fusion-static_logit gpu=0
[launch] stage=core dataset=fgvc_aircraft shot=8 seed=1 tag=detbayesrt_epoch-80_rpstd-0.001_rkl-1.0e-4_tpstd-0.001_tkl-1.0e-2_fusion-static_logit gpu=0
[done] stage=core dataset=fgvc_aircraft shot=8 seed=1 tag=detbayesrt_epoch-80_rpstd-0.001_rkl-1.0e-5_tpstd-0.001_tkl-5.0e-2_fusion-static_logit gpu=0
[launch] stage=core dataset=fgvc_aircraft shot=8 seed=1 tag=detbayesrt_epoch-80_rpstd-0.001_rkl-1.0e-4_tpstd-0.001_tkl-1.0e-3_fusion-static_logit gpu=0
[done] stage=core dataset=fgvc_aircraft shot=8 seed=1 tag=detbayesrt_epoch-80_rpstd-0.001_rkl-1.0e-4_tpstd-0.1_tkl-5.0e-2_fusion-static_logit gpu=2
[launch] stage=core dataset=fgvc_aircraft shot=8 seed=1 tag=detbayesrt_epoch-80_rpstd-0.001_rkl-1.0e-3_tpstd-0.1_tkl-5.0e-2_fusion-static_logit gpu=2
[done] stage=core dataset=fgvc_aircraft shot=8 seed=1 tag=detbayesrt_epoch-80_rpstd-0.001_rkl-1.0e-4_tpstd-0.1_tkl-1.0e-2_fusion-static_logit gpu=2
[launch] stage=core dataset=fgvc_aircraft shot=8 seed=1 tag=detbayesrt_epoch-80_rpstd-0.001_rkl-1.0e-3_tpstd-0.1_tkl-1.0e-2_fusion-static_logit gpu=2
[done] stage=core dataset=fgvc_aircraft shot=8 seed=1 tag=detbayesrt_epoch-80_rpstd-0.001_rkl-1.0e-4_tpstd-0.1_tkl-1.0e-3_fusion-static_logit gpu=2
[launch] stage=core dataset=fgvc_aircraft shot=8 seed=1 tag=detbayesrt_epoch-80_rpstd-0.001_rkl-1.0e-3_tpstd-0.1_tkl-1.0e-3_fusion-static_logit gpu=2
[done] stage=core dataset=fgvc_aircraft shot=8 seed=1 tag=detbayesrt_epoch-80_rpstd-0.001_rkl-1.0e-4_tpstd-0.01_tkl-5.0e-2_fusion-static_logit gpu=1
[launch] stage=core dataset=fgvc_aircraft shot=8 seed=1 tag=detbayesrt_epoch-80_rpstd-0.001_rkl-1.0e-3_tpstd-0.01_tkl-5.0e-2_fusion-static_logit gpu=1
[done] stage=core dataset=fgvc_aircraft shot=8 seed=1 tag=detbayesrt_epoch-80_rpstd-0.001_rkl-1.0e-4_tpstd-0.01_tkl-1.0e-2_fusion-static_logit gpu=1
[launch] stage=core dataset=fgvc_aircraft shot=8 seed=1 tag=detbayesrt_epoch-80_rpstd-0.001_rkl-1.0e-3_tpstd-0.01_tkl-1.0e-2_fusion-static_logit gpu=1
[done] stage=core dataset=fgvc_aircraft shot=8 seed=1 tag=detbayesrt_epoch-80_rpstd-0.001_rkl-1.0e-4_tpstd-0.01_tkl-1.0e-3_fusion-static_logit gpu=1
[launch] stage=core dataset=fgvc_aircraft shot=8 seed=1 tag=detbayesrt_epoch-80_rpstd-0.001_rkl-1.0e-3_tpstd-0.01_tkl-1.0e-3_fusion-static_logit gpu=1
[done] stage=core dataset=fgvc_aircraft shot=8 seed=1 tag=detbayesrt_epoch-80_rpstd-0.001_rkl-1.0e-4_tpstd-0.001_tkl-5.0e-2_fusion-static_logit gpu=0
[launch] stage=core dataset=fgvc_aircraft shot=8 seed=1 tag=detbayesrt_epoch-80_rpstd-0.001_rkl-1.0e-3_tpstd-0.001_tkl-5.0e-2_fusion-static_logit gpu=0
[done] stage=core dataset=fgvc_aircraft shot=8 seed=1 tag=detbayesrt_epoch-80_rpstd-0.001_rkl-1.0e-4_tpstd-0.001_tkl-1.0e-2_fusion-static_logit gpu=0
[launch] stage=core dataset=fgvc_aircraft shot=8 seed=1 tag=detbayesrt_epoch-80_rpstd-0.001_rkl-1.0e-3_tpstd-0.001_tkl-1.0e-2_fusion-static_logit gpu=0
[done] stage=core dataset=fgvc_aircraft shot=8 seed=1 tag=detbayesrt_epoch-80_rpstd-0.001_rkl-1.0e-4_tpstd-0.001_tkl-1.0e-3_fusion-static_logit gpu=0
[launch] stage=core dataset=fgvc_aircraft shot=8 seed=1 tag=detbayesrt_epoch-80_rpstd-0.001_rkl-1.0e-3_tpstd-0.001_tkl-1.0e-3_fusion-static_logit gpu=0
[done] stage=core dataset=fgvc_aircraft shot=8 seed=1 tag=detbayesrt_epoch-80_rpstd-0.001_rkl-1.0e-3_tpstd-0.1_tkl-5.0e-2_fusion-static_logit gpu=2
[launch] stage=core dataset=fgvc_aircraft shot=16 seed=1 tag=detbayesrt_epoch-80_rpstd-0.1_rkl-1.0e-5_tpstd-0.1_tkl-5.0e-2_fusion-static_logit gpu=2
[done] stage=core dataset=fgvc_aircraft shot=8 seed=1 tag=detbayesrt_epoch-80_rpstd-0.001_rkl-1.0e-3_tpstd-0.1_tkl-1.0e-2_fusion-static_logit gpu=2
[done] stage=core dataset=fgvc_aircraft shot=8 seed=1 tag=detbayesrt_epoch-80_rpstd-0.001_rkl-1.0e-3_tpstd-0.1_tkl-1.0e-3_fusion-static_logit gpu=2
[launch] stage=core dataset=fgvc_aircraft shot=16 seed=1 tag=detbayesrt_epoch-80_rpstd-0.1_rkl-1.0e-5_tpstd-0.1_tkl-1.0e-2_fusion-static_logit gpu=2
[launch] stage=core dataset=fgvc_aircraft shot=16 seed=1 tag=detbayesrt_epoch-80_rpstd-0.1_rkl-1.0e-5_tpstd-0.1_tkl-1.0e-3_fusion-static_logit gpu=2
[done] stage=core dataset=fgvc_aircraft shot=8 seed=1 tag=detbayesrt_epoch-80_rpstd-0.001_rkl-1.0e-3_tpstd-0.01_tkl-5.0e-2_fusion-static_logit gpu=1
[launch] stage=core dataset=fgvc_aircraft shot=16 seed=1 tag=detbayesrt_epoch-80_rpstd-0.1_rkl-1.0e-5_tpstd-0.01_tkl-5.0e-2_fusion-static_logit gpu=1
[done] stage=core dataset=fgvc_aircraft shot=8 seed=1 tag=detbayesrt_epoch-80_rpstd-0.001_rkl-1.0e-3_tpstd-0.01_tkl-1.0e-2_fusion-static_logit gpu=1
[launch] stage=core dataset=fgvc_aircraft shot=16 seed=1 tag=detbayesrt_epoch-80_rpstd-0.1_rkl-1.0e-5_tpstd-0.01_tkl-1.0e-2_fusion-static_logit gpu=1
[done] stage=core dataset=fgvc_aircraft shot=8 seed=1 tag=detbayesrt_epoch-80_rpstd-0.001_rkl-1.0e-3_tpstd-0.01_tkl-1.0e-3_fusion-static_logit gpu=1
[launch] stage=core dataset=fgvc_aircraft shot=16 seed=1 tag=detbayesrt_epoch-80_rpstd-0.1_rkl-1.0e-5_tpstd-0.01_tkl-1.0e-3_fusion-static_logit gpu=1
[done] stage=core dataset=fgvc_aircraft shot=8 seed=1 tag=detbayesrt_epoch-80_rpstd-0.001_rkl-1.0e-3_tpstd-0.001_tkl-5.0e-2_fusion-static_logit gpu=0
[launch] stage=core dataset=fgvc_aircraft shot=16 seed=1 tag=detbayesrt_epoch-80_rpstd-0.1_rkl-1.0e-5_tpstd-0.001_tkl-5.0e-2_fusion-static_logit gpu=0
[done] stage=core dataset=fgvc_aircraft shot=8 seed=1 tag=detbayesrt_epoch-80_rpstd-0.001_rkl-1.0e-3_tpstd-0.001_tkl-1.0e-3_fusion-static_logit gpu=0
[done] stage=core dataset=fgvc_aircraft shot=8 seed=1 tag=detbayesrt_epoch-80_rpstd-0.001_rkl-1.0e-3_tpstd-0.001_tkl-1.0e-2_fusion-static_logit gpu=0
[launch] stage=core dataset=fgvc_aircraft shot=16 seed=1 tag=detbayesrt_epoch-80_rpstd-0.1_rkl-1.0e-5_tpstd-0.001_tkl-1.0e-2_fusion-static_logit gpu=0
[launch] stage=core dataset=fgvc_aircraft shot=16 seed=1 tag=detbayesrt_epoch-80_rpstd-0.1_rkl-1.0e-5_tpstd-0.001_tkl-1.0e-3_fusion-static_logit gpu=0
[done] stage=core dataset=fgvc_aircraft shot=16 seed=1 tag=detbayesrt_epoch-80_rpstd-0.1_rkl-1.0e-5_tpstd-0.1_tkl-5.0e-2_fusion-static_logit gpu=2
[launch] stage=core dataset=fgvc_aircraft shot=16 seed=1 tag=detbayesrt_epoch-80_rpstd-0.1_rkl-1.0e-4_tpstd-0.1_tkl-5.0e-2_fusion-static_logit gpu=2
[done] stage=core dataset=fgvc_aircraft shot=16 seed=1 tag=detbayesrt_epoch-80_rpstd-0.1_rkl-1.0e-5_tpstd-0.1_tkl-1.0e-2_fusion-static_logit gpu=2
[done] stage=core dataset=fgvc_aircraft shot=16 seed=1 tag=detbayesrt_epoch-80_rpstd-0.1_rkl-1.0e-5_tpstd-0.1_tkl-1.0e-3_fusion-static_logit gpu=2
[launch] stage=core dataset=fgvc_aircraft shot=16 seed=1 tag=detbayesrt_epoch-80_rpstd-0.1_rkl-1.0e-4_tpstd-0.1_tkl-1.0e-2_fusion-static_logit gpu=2
[launch] stage=core dataset=fgvc_aircraft shot=16 seed=1 tag=detbayesrt_epoch-80_rpstd-0.1_rkl-1.0e-4_tpstd-0.1_tkl-1.0e-3_fusion-static_logit gpu=2
[done] stage=core dataset=fgvc_aircraft shot=16 seed=1 tag=detbayesrt_epoch-80_rpstd-0.1_rkl-1.0e-5_tpstd-0.01_tkl-5.0e-2_fusion-static_logit gpu=1
[launch] stage=core dataset=fgvc_aircraft shot=16 seed=1 tag=detbayesrt_epoch-80_rpstd-0.1_rkl-1.0e-4_tpstd-0.01_tkl-5.0e-2_fusion-static_logit gpu=1
[done] stage=core dataset=fgvc_aircraft shot=16 seed=1 tag=detbayesrt_epoch-80_rpstd-0.1_rkl-1.0e-5_tpstd-0.01_tkl-1.0e-2_fusion-static_logit gpu=1
[launch] stage=core dataset=fgvc_aircraft shot=16 seed=1 tag=detbayesrt_epoch-80_rpstd-0.1_rkl-1.0e-4_tpstd-0.01_tkl-1.0e-2_fusion-static_logit gpu=1
[done] stage=core dataset=fgvc_aircraft shot=16 seed=1 tag=detbayesrt_epoch-80_rpstd-0.1_rkl-1.0e-5_tpstd-0.01_tkl-1.0e-3_fusion-static_logit gpu=1
[launch] stage=core dataset=fgvc_aircraft shot=16 seed=1 tag=detbayesrt_epoch-80_rpstd-0.1_rkl-1.0e-4_tpstd-0.01_tkl-1.0e-3_fusion-static_logit gpu=1
[done] stage=core dataset=fgvc_aircraft shot=16 seed=1 tag=detbayesrt_epoch-80_rpstd-0.1_rkl-1.0e-5_tpstd-0.001_tkl-5.0e-2_fusion-static_logit gpu=0
[launch] stage=core dataset=fgvc_aircraft shot=16 seed=1 tag=detbayesrt_epoch-80_rpstd-0.1_rkl-1.0e-4_tpstd-0.001_tkl-5.0e-2_fusion-static_logit gpu=0
[done] stage=core dataset=fgvc_aircraft shot=16 seed=1 tag=detbayesrt_epoch-80_rpstd-0.1_rkl-1.0e-5_tpstd-0.001_tkl-1.0e-2_fusion-static_logit gpu=0
[launch] stage=core dataset=fgvc_aircraft shot=16 seed=1 tag=detbayesrt_epoch-80_rpstd-0.1_rkl-1.0e-4_tpstd-0.001_tkl-1.0e-2_fusion-static_logit gpu=0
[done] stage=core dataset=fgvc_aircraft shot=16 seed=1 tag=detbayesrt_epoch-80_rpstd-0.1_rkl-1.0e-5_tpstd-0.001_tkl-1.0e-3_fusion-static_logit gpu=0
[launch] stage=core dataset=fgvc_aircraft shot=16 seed=1 tag=detbayesrt_epoch-80_rpstd-0.1_rkl-1.0e-4_tpstd-0.001_tkl-1.0e-3_fusion-static_logit gpu=0
[done] stage=core dataset=fgvc_aircraft shot=16 seed=1 tag=detbayesrt_epoch-80_rpstd-0.1_rkl-1.0e-4_tpstd-0.1_tkl-5.0e-2_fusion-static_logit gpu=2
[launch] stage=core dataset=fgvc_aircraft shot=16 seed=1 tag=detbayesrt_epoch-80_rpstd-0.1_rkl-1.0e-3_tpstd-0.1_tkl-5.0e-2_fusion-static_logit gpu=2
[done] stage=core dataset=fgvc_aircraft shot=16 seed=1 tag=detbayesrt_epoch-80_rpstd-0.1_rkl-1.0e-4_tpstd-0.1_tkl-1.0e-2_fusion-static_logit gpu=2
[launch] stage=core dataset=fgvc_aircraft shot=16 seed=1 tag=detbayesrt_epoch-80_rpstd-0.1_rkl-1.0e-3_tpstd-0.1_tkl-1.0e-2_fusion-static_logit gpu=2
[done] stage=core dataset=fgvc_aircraft shot=16 seed=1 tag=detbayesrt_epoch-80_rpstd-0.1_rkl-1.0e-4_tpstd-0.1_tkl-1.0e-3_fusion-static_logit gpu=2
[launch] stage=core dataset=fgvc_aircraft shot=16 seed=1 tag=detbayesrt_epoch-80_rpstd-0.1_rkl-1.0e-3_tpstd-0.1_tkl-1.0e-3_fusion-static_logit gpu=2
[done] stage=core dataset=fgvc_aircraft shot=16 seed=1 tag=detbayesrt_epoch-80_rpstd-0.1_rkl-1.0e-4_tpstd-0.01_tkl-5.0e-2_fusion-static_logit gpu=1
[launch] stage=core dataset=fgvc_aircraft shot=16 seed=1 tag=detbayesrt_epoch-80_rpstd-0.1_rkl-1.0e-3_tpstd-0.01_tkl-5.0e-2_fusion-static_logit gpu=1
[done] stage=core dataset=fgvc_aircraft shot=16 seed=1 tag=detbayesrt_epoch-80_rpstd-0.1_rkl-1.0e-4_tpstd-0.01_tkl-1.0e-2_fusion-static_logit gpu=1
[launch] stage=core dataset=fgvc_aircraft shot=16 seed=1 tag=detbayesrt_epoch-80_rpstd-0.1_rkl-1.0e-3_tpstd-0.01_tkl-1.0e-2_fusion-static_logit gpu=1
[done] stage=core dataset=fgvc_aircraft shot=16 seed=1 tag=detbayesrt_epoch-80_rpstd-0.1_rkl-1.0e-4_tpstd-0.01_tkl-1.0e-3_fusion-static_logit gpu=1
[launch] stage=core dataset=fgvc_aircraft shot=16 seed=1 tag=detbayesrt_epoch-80_rpstd-0.1_rkl-1.0e-3_tpstd-0.01_tkl-1.0e-3_fusion-static_logit gpu=1
[done] stage=core dataset=fgvc_aircraft shot=16 seed=1 tag=detbayesrt_epoch-80_rpstd-0.1_rkl-1.0e-4_tpstd-0.001_tkl-1.0e-2_fusion-static_logit gpu=0
[done] stage=core dataset=fgvc_aircraft shot=16 seed=1 tag=detbayesrt_epoch-80_rpstd-0.1_rkl-1.0e-4_tpstd-0.001_tkl-5.0e-2_fusion-static_logit gpu=0
[launch] stage=core dataset=fgvc_aircraft shot=16 seed=1 tag=detbayesrt_epoch-80_rpstd-0.1_rkl-1.0e-3_tpstd-0.001_tkl-5.0e-2_fusion-static_logit gpu=0
[launch] stage=core dataset=fgvc_aircraft shot=16 seed=1 tag=detbayesrt_epoch-80_rpstd-0.1_rkl-1.0e-3_tpstd-0.001_tkl-1.0e-2_fusion-static_logit gpu=0
[done] stage=core dataset=fgvc_aircraft shot=16 seed=1 tag=detbayesrt_epoch-80_rpstd-0.1_rkl-1.0e-4_tpstd-0.001_tkl-1.0e-3_fusion-static_logit gpu=0
[launch] stage=core dataset=fgvc_aircraft shot=16 seed=1 tag=detbayesrt_epoch-80_rpstd-0.1_rkl-1.0e-3_tpstd-0.001_tkl-1.0e-3_fusion-static_logit gpu=0
[done] stage=core dataset=fgvc_aircraft shot=16 seed=1 tag=detbayesrt_epoch-80_rpstd-0.1_rkl-1.0e-3_tpstd-0.1_tkl-5.0e-2_fusion-static_logit gpu=2
[launch] stage=core dataset=fgvc_aircraft shot=16 seed=1 tag=detbayesrt_epoch-80_rpstd-0.01_rkl-1.0e-5_tpstd-0.1_tkl-5.0e-2_fusion-static_logit gpu=2
[done] stage=core dataset=fgvc_aircraft shot=16 seed=1 tag=detbayesrt_epoch-80_rpstd-0.1_rkl-1.0e-3_tpstd-0.1_tkl-1.0e-2_fusion-static_logit gpu=2
[launch] stage=core dataset=fgvc_aircraft shot=16 seed=1 tag=detbayesrt_epoch-80_rpstd-0.01_rkl-1.0e-5_tpstd-0.1_tkl-1.0e-2_fusion-static_logit gpu=2
[done] stage=core dataset=fgvc_aircraft shot=16 seed=1 tag=detbayesrt_epoch-80_rpstd-0.1_rkl-1.0e-3_tpstd-0.1_tkl-1.0e-3_fusion-static_logit gpu=2
[launch] stage=core dataset=fgvc_aircraft shot=16 seed=1 tag=detbayesrt_epoch-80_rpstd-0.01_rkl-1.0e-5_tpstd-0.1_tkl-1.0e-3_fusion-static_logit gpu=2
[done] stage=core dataset=fgvc_aircraft shot=16 seed=1 tag=detbayesrt_epoch-80_rpstd-0.1_rkl-1.0e-3_tpstd-0.01_tkl-5.0e-2_fusion-static_logit gpu=1
[launch] stage=core dataset=fgvc_aircraft shot=16 seed=1 tag=detbayesrt_epoch-80_rpstd-0.01_rkl-1.0e-5_tpstd-0.01_tkl-5.0e-2_fusion-static_logit gpu=1
[done] stage=core dataset=fgvc_aircraft shot=16 seed=1 tag=detbayesrt_epoch-80_rpstd-0.1_rkl-1.0e-3_tpstd-0.01_tkl-1.0e-2_fusion-static_logit gpu=1
[launch] stage=core dataset=fgvc_aircraft shot=16 seed=1 tag=detbayesrt_epoch-80_rpstd-0.01_rkl-1.0e-5_tpstd-0.01_tkl-1.0e-2_fusion-static_logit gpu=1
[done] stage=core dataset=fgvc_aircraft shot=16 seed=1 tag=detbayesrt_epoch-80_rpstd-0.1_rkl-1.0e-3_tpstd-0.01_tkl-1.0e-3_fusion-static_logit gpu=1
[launch] stage=core dataset=fgvc_aircraft shot=16 seed=1 tag=detbayesrt_epoch-80_rpstd-0.01_rkl-1.0e-5_tpstd-0.01_tkl-1.0e-3_fusion-static_logit gpu=1
[done] stage=core dataset=fgvc_aircraft shot=16 seed=1 tag=detbayesrt_epoch-80_rpstd-0.1_rkl-1.0e-3_tpstd-0.001_tkl-5.0e-2_fusion-static_logit gpu=0
[done] stage=core dataset=fgvc_aircraft shot=16 seed=1 tag=detbayesrt_epoch-80_rpstd-0.1_rkl-1.0e-3_tpstd-0.001_tkl-1.0e-3_fusion-static_logit gpu=0
[launch] stage=core dataset=fgvc_aircraft shot=16 seed=1 tag=detbayesrt_epoch-80_rpstd-0.01_rkl-1.0e-5_tpstd-0.001_tkl-5.0e-2_fusion-static_logit gpu=0
[launch] stage=core dataset=fgvc_aircraft shot=16 seed=1 tag=detbayesrt_epoch-80_rpstd-0.01_rkl-1.0e-5_tpstd-0.001_tkl-1.0e-2_fusion-static_logit gpu=0
[done] stage=core dataset=fgvc_aircraft shot=16 seed=1 tag=detbayesrt_epoch-80_rpstd-0.1_rkl-1.0e-3_tpstd-0.001_tkl-1.0e-2_fusion-static_logit gpu=0
[launch] stage=core dataset=fgvc_aircraft shot=16 seed=1 tag=detbayesrt_epoch-80_rpstd-0.01_rkl-1.0e-5_tpstd-0.001_tkl-1.0e-3_fusion-static_logit gpu=0
[done] stage=core dataset=fgvc_aircraft shot=16 seed=1 tag=detbayesrt_epoch-80_rpstd-0.01_rkl-1.0e-5_tpstd-0.1_tkl-5.0e-2_fusion-static_logit gpu=2
[launch] stage=core dataset=fgvc_aircraft shot=16 seed=1 tag=detbayesrt_epoch-80_rpstd-0.01_rkl-1.0e-4_tpstd-0.1_tkl-5.0e-2_fusion-static_logit gpu=2
[done] stage=core dataset=fgvc_aircraft shot=16 seed=1 tag=detbayesrt_epoch-80_rpstd-0.01_rkl-1.0e-5_tpstd-0.1_tkl-1.0e-3_fusion-static_logit gpu=2
[launch] stage=core dataset=fgvc_aircraft shot=16 seed=1 tag=detbayesrt_epoch-80_rpstd-0.01_rkl-1.0e-4_tpstd-0.1_tkl-1.0e-2_fusion-static_logit gpu=2
[done] stage=core dataset=fgvc_aircraft shot=16 seed=1 tag=detbayesrt_epoch-80_rpstd-0.01_rkl-1.0e-5_tpstd-0.1_tkl-1.0e-2_fusion-static_logit gpu=2
[launch] stage=core dataset=fgvc_aircraft shot=16 seed=1 tag=detbayesrt_epoch-80_rpstd-0.01_rkl-1.0e-4_tpstd-0.1_tkl-1.0e-3_fusion-static_logit gpu=2
[done] stage=core dataset=fgvc_aircraft shot=16 seed=1 tag=detbayesrt_epoch-80_rpstd-0.01_rkl-1.0e-5_tpstd-0.01_tkl-5.0e-2_fusion-static_logit gpu=1
[launch] stage=core dataset=fgvc_aircraft shot=16 seed=1 tag=detbayesrt_epoch-80_rpstd-0.01_rkl-1.0e-4_tpstd-0.01_tkl-5.0e-2_fusion-static_logit gpu=1
[done] stage=core dataset=fgvc_aircraft shot=16 seed=1 tag=detbayesrt_epoch-80_rpstd-0.01_rkl-1.0e-5_tpstd-0.01_tkl-1.0e-2_fusion-static_logit gpu=1
[launch] stage=core dataset=fgvc_aircraft shot=16 seed=1 tag=detbayesrt_epoch-80_rpstd-0.01_rkl-1.0e-4_tpstd-0.01_tkl-1.0e-2_fusion-static_logit gpu=1
[done] stage=core dataset=fgvc_aircraft shot=16 seed=1 tag=detbayesrt_epoch-80_rpstd-0.01_rkl-1.0e-5_tpstd-0.01_tkl-1.0e-3_fusion-static_logit gpu=1
[launch] stage=core dataset=fgvc_aircraft shot=16 seed=1 tag=detbayesrt_epoch-80_rpstd-0.01_rkl-1.0e-4_tpstd-0.01_tkl-1.0e-3_fusion-static_logit gpu=1
[done] stage=core dataset=fgvc_aircraft shot=16 seed=1 tag=detbayesrt_epoch-80_rpstd-0.01_rkl-1.0e-5_tpstd-0.001_tkl-1.0e-3_fusion-static_logit gpu=0
[launch] stage=core dataset=fgvc_aircraft shot=16 seed=1 tag=detbayesrt_epoch-80_rpstd-0.01_rkl-1.0e-4_tpstd-0.001_tkl-5.0e-2_fusion-static_logit gpu=0
[done] stage=core dataset=fgvc_aircraft shot=16 seed=1 tag=detbayesrt_epoch-80_rpstd-0.01_rkl-1.0e-5_tpstd-0.001_tkl-5.0e-2_fusion-static_logit gpu=0
[launch] stage=core dataset=fgvc_aircraft shot=16 seed=1 tag=detbayesrt_epoch-80_rpstd-0.01_rkl-1.0e-4_tpstd-0.001_tkl-1.0e-2_fusion-static_logit gpu=0
[done] stage=core dataset=fgvc_aircraft shot=16 seed=1 tag=detbayesrt_epoch-80_rpstd-0.01_rkl-1.0e-5_tpstd-0.001_tkl-1.0e-2_fusion-static_logit gpu=0
[launch] stage=core dataset=fgvc_aircraft shot=16 seed=1 tag=detbayesrt_epoch-80_rpstd-0.01_rkl-1.0e-4_tpstd-0.001_tkl-1.0e-3_fusion-static_logit gpu=0
[done] stage=core dataset=fgvc_aircraft shot=16 seed=1 tag=detbayesrt_epoch-80_rpstd-0.01_rkl-1.0e-4_tpstd-0.1_tkl-5.0e-2_fusion-static_logit gpu=2
[launch] stage=core dataset=fgvc_aircraft shot=16 seed=1 tag=detbayesrt_epoch-80_rpstd-0.01_rkl-1.0e-3_tpstd-0.1_tkl-5.0e-2_fusion-static_logit gpu=2
[done] stage=core dataset=fgvc_aircraft shot=16 seed=1 tag=detbayesrt_epoch-80_rpstd-0.01_rkl-1.0e-4_tpstd-0.01_tkl-5.0e-2_fusion-static_logit gpu=1
[launch] stage=core dataset=fgvc_aircraft shot=16 seed=1 tag=detbayesrt_epoch-80_rpstd-0.01_rkl-1.0e-3_tpstd-0.1_tkl-1.0e-2_fusion-static_logit gpu=1
[done] stage=core dataset=fgvc_aircraft shot=16 seed=1 tag=detbayesrt_epoch-80_rpstd-0.01_rkl-1.0e-4_tpstd-0.1_tkl-1.0e-3_fusion-static_logit gpu=2
[done] stage=core dataset=fgvc_aircraft shot=16 seed=1 tag=detbayesrt_epoch-80_rpstd-0.01_rkl-1.0e-4_tpstd-0.1_tkl-1.0e-2_fusion-static_logit gpu=2
[launch] stage=core dataset=fgvc_aircraft shot=16 seed=1 tag=detbayesrt_epoch-80_rpstd-0.01_rkl-1.0e-3_tpstd-0.1_tkl-1.0e-3_fusion-static_logit gpu=2
[launch] stage=core dataset=fgvc_aircraft shot=16 seed=1 tag=detbayesrt_epoch-80_rpstd-0.01_rkl-1.0e-3_tpstd-0.01_tkl-5.0e-2_fusion-static_logit gpu=2
[done] stage=core dataset=fgvc_aircraft shot=16 seed=1 tag=detbayesrt_epoch-80_rpstd-0.01_rkl-1.0e-4_tpstd-0.01_tkl-1.0e-2_fusion-static_logit gpu=1
[launch] stage=core dataset=fgvc_aircraft shot=16 seed=1 tag=detbayesrt_epoch-80_rpstd-0.01_rkl-1.0e-3_tpstd-0.01_tkl-1.0e-2_fusion-static_logit gpu=1
[done] stage=core dataset=fgvc_aircraft shot=16 seed=1 tag=detbayesrt_epoch-80_rpstd-0.01_rkl-1.0e-4_tpstd-0.01_tkl-1.0e-3_fusion-static_logit gpu=1
[launch] stage=core dataset=fgvc_aircraft shot=16 seed=1 tag=detbayesrt_epoch-80_rpstd-0.01_rkl-1.0e-3_tpstd-0.01_tkl-1.0e-3_fusion-static_logit gpu=1
[done] stage=core dataset=fgvc_aircraft shot=16 seed=1 tag=detbayesrt_epoch-80_rpstd-0.01_rkl-1.0e-4_tpstd-0.001_tkl-5.0e-2_fusion-static_logit gpu=0
[launch] stage=core dataset=fgvc_aircraft shot=16 seed=1 tag=detbayesrt_epoch-80_rpstd-0.01_rkl-1.0e-3_tpstd-0.001_tkl-5.0e-2_fusion-static_logit gpu=0
[done] stage=core dataset=fgvc_aircraft shot=16 seed=1 tag=detbayesrt_epoch-80_rpstd-0.01_rkl-1.0e-4_tpstd-0.001_tkl-1.0e-2_fusion-static_logit gpu=0
[done] stage=core dataset=fgvc_aircraft shot=16 seed=1 tag=detbayesrt_epoch-80_rpstd-0.01_rkl-1.0e-4_tpstd-0.001_tkl-1.0e-3_fusion-static_logit gpu=0
[launch] stage=core dataset=fgvc_aircraft shot=16 seed=1 tag=detbayesrt_epoch-80_rpstd-0.01_rkl-1.0e-3_tpstd-0.001_tkl-1.0e-2_fusion-static_logit gpu=0
[launch] stage=core dataset=fgvc_aircraft shot=16 seed=1 tag=detbayesrt_epoch-80_rpstd-0.01_rkl-1.0e-3_tpstd-0.001_tkl-1.0e-3_fusion-static_logit gpu=0
[done] stage=core dataset=fgvc_aircraft shot=16 seed=1 tag=detbayesrt_epoch-80_rpstd-0.01_rkl-1.0e-3_tpstd-0.1_tkl-5.0e-2_fusion-static_logit gpu=2
[launch] stage=core dataset=fgvc_aircraft shot=16 seed=1 tag=detbayesrt_epoch-80_rpstd-0.001_rkl-1.0e-5_tpstd-0.1_tkl-5.0e-2_fusion-static_logit gpu=2
[done] stage=core dataset=fgvc_aircraft shot=16 seed=1 tag=detbayesrt_epoch-80_rpstd-0.01_rkl-1.0e-3_tpstd-0.1_tkl-1.0e-2_fusion-static_logit gpu=1
[launch] stage=core dataset=fgvc_aircraft shot=16 seed=1 tag=detbayesrt_epoch-80_rpstd-0.001_rkl-1.0e-5_tpstd-0.1_tkl-1.0e-2_fusion-static_logit gpu=1
[done] stage=core dataset=fgvc_aircraft shot=16 seed=1 tag=detbayesrt_epoch-80_rpstd-0.01_rkl-1.0e-3_tpstd-0.01_tkl-5.0e-2_fusion-static_logit gpu=2
[launch] stage=core dataset=fgvc_aircraft shot=16 seed=1 tag=detbayesrt_epoch-80_rpstd-0.001_rkl-1.0e-5_tpstd-0.1_tkl-1.0e-3_fusion-static_logit gpu=2
[done] stage=core dataset=fgvc_aircraft shot=16 seed=1 tag=detbayesrt_epoch-80_rpstd-0.01_rkl-1.0e-3_tpstd-0.1_tkl-1.0e-3_fusion-static_logit gpu=2
[launch] stage=core dataset=fgvc_aircraft shot=16 seed=1 tag=detbayesrt_epoch-80_rpstd-0.001_rkl-1.0e-5_tpstd-0.01_tkl-5.0e-2_fusion-static_logit gpu=2
[done] stage=core dataset=fgvc_aircraft shot=16 seed=1 tag=detbayesrt_epoch-80_rpstd-0.01_rkl-1.0e-3_tpstd-0.01_tkl-1.0e-2_fusion-static_logit gpu=1
[launch] stage=core dataset=fgvc_aircraft shot=16 seed=1 tag=detbayesrt_epoch-80_rpstd-0.001_rkl-1.0e-5_tpstd-0.01_tkl-1.0e-2_fusion-static_logit gpu=1
[done] stage=core dataset=fgvc_aircraft shot=16 seed=1 tag=detbayesrt_epoch-80_rpstd-0.01_rkl-1.0e-3_tpstd-0.01_tkl-1.0e-3_fusion-static_logit gpu=1
[launch] stage=core dataset=fgvc_aircraft shot=16 seed=1 tag=detbayesrt_epoch-80_rpstd-0.001_rkl-1.0e-5_tpstd-0.01_tkl-1.0e-3_fusion-static_logit gpu=1
[done] stage=core dataset=fgvc_aircraft shot=16 seed=1 tag=detbayesrt_epoch-80_rpstd-0.01_rkl-1.0e-3_tpstd-0.001_tkl-5.0e-2_fusion-static_logit gpu=0
[launch] stage=core dataset=fgvc_aircraft shot=16 seed=1 tag=detbayesrt_epoch-80_rpstd-0.001_rkl-1.0e-5_tpstd-0.001_tkl-5.0e-2_fusion-static_logit gpu=0
[done] stage=core dataset=fgvc_aircraft shot=16 seed=1 tag=detbayesrt_epoch-80_rpstd-0.01_rkl-1.0e-3_tpstd-0.001_tkl-1.0e-3_fusion-static_logit gpu=0
[launch] stage=core dataset=fgvc_aircraft shot=16 seed=1 tag=detbayesrt_epoch-80_rpstd-0.001_rkl-1.0e-5_tpstd-0.001_tkl-1.0e-2_fusion-static_logit gpu=0
[done] stage=core dataset=fgvc_aircraft shot=16 seed=1 tag=detbayesrt_epoch-80_rpstd-0.01_rkl-1.0e-3_tpstd-0.001_tkl-1.0e-2_fusion-static_logit gpu=0
[launch] stage=core dataset=fgvc_aircraft shot=16 seed=1 tag=detbayesrt_epoch-80_rpstd-0.001_rkl-1.0e-5_tpstd-0.001_tkl-1.0e-3_fusion-static_logit gpu=0
[done] stage=core dataset=fgvc_aircraft shot=16 seed=1 tag=detbayesrt_epoch-80_rpstd-0.001_rkl-1.0e-5_tpstd-0.1_tkl-5.0e-2_fusion-static_logit gpu=2
[launch] stage=core dataset=fgvc_aircraft shot=16 seed=1 tag=detbayesrt_epoch-80_rpstd-0.001_rkl-1.0e-4_tpstd-0.1_tkl-5.0e-2_fusion-static_logit gpu=2
[done] stage=core dataset=fgvc_aircraft shot=16 seed=1 tag=detbayesrt_epoch-80_rpstd-0.001_rkl-1.0e-5_tpstd-0.1_tkl-1.0e-3_fusion-static_logit gpu=2
[launch] stage=core dataset=fgvc_aircraft shot=16 seed=1 tag=detbayesrt_epoch-80_rpstd-0.001_rkl-1.0e-4_tpstd-0.1_tkl-1.0e-2_fusion-static_logit gpu=2
[done] stage=core dataset=fgvc_aircraft shot=16 seed=1 tag=detbayesrt_epoch-80_rpstd-0.001_rkl-1.0e-5_tpstd-0.01_tkl-5.0e-2_fusion-static_logit gpu=2
[launch] stage=core dataset=fgvc_aircraft shot=16 seed=1 tag=detbayesrt_epoch-80_rpstd-0.001_rkl-1.0e-4_tpstd-0.1_tkl-1.0e-3_fusion-static_logit gpu=2
[done] stage=core dataset=fgvc_aircraft shot=16 seed=1 tag=detbayesrt_epoch-80_rpstd-0.001_rkl-1.0e-5_tpstd-0.1_tkl-1.0e-2_fusion-static_logit gpu=1
[launch] stage=core dataset=fgvc_aircraft shot=16 seed=1 tag=detbayesrt_epoch-80_rpstd-0.001_rkl-1.0e-4_tpstd-0.01_tkl-5.0e-2_fusion-static_logit gpu=1
[done] stage=core dataset=fgvc_aircraft shot=16 seed=1 tag=detbayesrt_epoch-80_rpstd-0.001_rkl-1.0e-5_tpstd-0.01_tkl-1.0e-2_fusion-static_logit gpu=1
[launch] stage=core dataset=fgvc_aircraft shot=16 seed=1 tag=detbayesrt_epoch-80_rpstd-0.001_rkl-1.0e-4_tpstd-0.01_tkl-1.0e-2_fusion-static_logit gpu=1
[done] stage=core dataset=fgvc_aircraft shot=16 seed=1 tag=detbayesrt_epoch-80_rpstd-0.001_rkl-1.0e-5_tpstd-0.01_tkl-1.0e-3_fusion-static_logit gpu=1
[launch] stage=core dataset=fgvc_aircraft shot=16 seed=1 tag=detbayesrt_epoch-80_rpstd-0.001_rkl-1.0e-4_tpstd-0.01_tkl-1.0e-3_fusion-static_logit gpu=1
[done] stage=core dataset=fgvc_aircraft shot=16 seed=1 tag=detbayesrt_epoch-80_rpstd-0.001_rkl-1.0e-5_tpstd-0.001_tkl-5.0e-2_fusion-static_logit gpu=0
[launch] stage=core dataset=fgvc_aircraft shot=16 seed=1 tag=detbayesrt_epoch-80_rpstd-0.001_rkl-1.0e-4_tpstd-0.001_tkl-5.0e-2_fusion-static_logit gpu=0
[done] stage=core dataset=fgvc_aircraft shot=16 seed=1 tag=detbayesrt_epoch-80_rpstd-0.001_rkl-1.0e-5_tpstd-0.001_tkl-1.0e-2_fusion-static_logit gpu=0
[launch] stage=core dataset=fgvc_aircraft shot=16 seed=1 tag=detbayesrt_epoch-80_rpstd-0.001_rkl-1.0e-4_tpstd-0.001_tkl-1.0e-2_fusion-static_logit gpu=0
[done] stage=core dataset=fgvc_aircraft shot=16 seed=1 tag=detbayesrt_epoch-80_rpstd-0.001_rkl-1.0e-5_tpstd-0.001_tkl-1.0e-3_fusion-static_logit gpu=0
[launch] stage=core dataset=fgvc_aircraft shot=16 seed=1 tag=detbayesrt_epoch-80_rpstd-0.001_rkl-1.0e-4_tpstd-0.001_tkl-1.0e-3_fusion-static_logit gpu=0
[done] stage=core dataset=fgvc_aircraft shot=16 seed=1 tag=detbayesrt_epoch-80_rpstd-0.001_rkl-1.0e-4_tpstd-0.1_tkl-5.0e-2_fusion-static_logit gpu=2
[launch] stage=core dataset=fgvc_aircraft shot=16 seed=1 tag=detbayesrt_epoch-80_rpstd-0.001_rkl-1.0e-3_tpstd-0.1_tkl-5.0e-2_fusion-static_logit gpu=2
[done] stage=core dataset=fgvc_aircraft shot=16 seed=1 tag=detbayesrt_epoch-80_rpstd-0.001_rkl-1.0e-4_tpstd-0.1_tkl-1.0e-2_fusion-static_logit gpu=2
[launch] stage=core dataset=fgvc_aircraft shot=16 seed=1 tag=detbayesrt_epoch-80_rpstd-0.001_rkl-1.0e-3_tpstd-0.1_tkl-1.0e-2_fusion-static_logit gpu=2
[done] stage=core dataset=fgvc_aircraft shot=16 seed=1 tag=detbayesrt_epoch-80_rpstd-0.001_rkl-1.0e-4_tpstd-0.01_tkl-5.0e-2_fusion-static_logit gpu=1
[launch] stage=core dataset=fgvc_aircraft shot=16 seed=1 tag=detbayesrt_epoch-80_rpstd-0.001_rkl-1.0e-3_tpstd-0.1_tkl-1.0e-3_fusion-static_logit gpu=1
[done] stage=core dataset=fgvc_aircraft shot=16 seed=1 tag=detbayesrt_epoch-80_rpstd-0.001_rkl-1.0e-4_tpstd-0.1_tkl-1.0e-3_fusion-static_logit gpu=2
[launch] stage=core dataset=fgvc_aircraft shot=16 seed=1 tag=detbayesrt_epoch-80_rpstd-0.001_rkl-1.0e-3_tpstd-0.01_tkl-5.0e-2_fusion-static_logit gpu=2
[done] stage=core dataset=fgvc_aircraft shot=16 seed=1 tag=detbayesrt_epoch-80_rpstd-0.001_rkl-1.0e-4_tpstd-0.01_tkl-1.0e-2_fusion-static_logit gpu=1
[launch] stage=core dataset=fgvc_aircraft shot=16 seed=1 tag=detbayesrt_epoch-80_rpstd-0.001_rkl-1.0e-3_tpstd-0.01_tkl-1.0e-2_fusion-static_logit gpu=1
[done] stage=core dataset=fgvc_aircraft shot=16 seed=1 tag=detbayesrt_epoch-80_rpstd-0.001_rkl-1.0e-4_tpstd-0.01_tkl-1.0e-3_fusion-static_logit gpu=1
[launch] stage=core dataset=fgvc_aircraft shot=16 seed=1 tag=detbayesrt_epoch-80_rpstd-0.001_rkl-1.0e-3_tpstd-0.01_tkl-1.0e-3_fusion-static_logit gpu=1
[done] stage=core dataset=fgvc_aircraft shot=16 seed=1 tag=detbayesrt_epoch-80_rpstd-0.001_rkl-1.0e-4_tpstd-0.001_tkl-5.0e-2_fusion-static_logit gpu=0
[launch] stage=core dataset=fgvc_aircraft shot=16 seed=1 tag=detbayesrt_epoch-80_rpstd-0.001_rkl-1.0e-3_tpstd-0.001_tkl-5.0e-2_fusion-static_logit gpu=0
[done] stage=core dataset=fgvc_aircraft shot=16 seed=1 tag=detbayesrt_epoch-80_rpstd-0.001_rkl-1.0e-4_tpstd-0.001_tkl-1.0e-2_fusion-static_logit gpu=0
[launch] stage=core dataset=fgvc_aircraft shot=16 seed=1 tag=detbayesrt_epoch-80_rpstd-0.001_rkl-1.0e-3_tpstd-0.001_tkl-1.0e-2_fusion-static_logit gpu=0
[done] stage=core dataset=fgvc_aircraft shot=16 seed=1 tag=detbayesrt_epoch-80_rpstd-0.001_rkl-1.0e-4_tpstd-0.001_tkl-1.0e-3_fusion-static_logit gpu=0
[launch] stage=core dataset=fgvc_aircraft shot=16 seed=1 tag=detbayesrt_epoch-80_rpstd-0.001_rkl-1.0e-3_tpstd-0.001_tkl-1.0e-3_fusion-static_logit gpu=0
[done] stage=core dataset=fgvc_aircraft shot=16 seed=1 tag=detbayesrt_epoch-80_rpstd-0.001_rkl-1.0e-3_tpstd-0.1_tkl-5.0e-2_fusion-static_logit gpu=2
[launch] stage=core dataset=stanford_cars shot=1 seed=1 tag=detbayesrt_epoch-80_rpstd-0.1_rkl-1.0e-5_tpstd-0.1_tkl-5.0e-2_fusion-static_logit gpu=2
[done] stage=core dataset=fgvc_aircraft shot=16 seed=1 tag=detbayesrt_epoch-80_rpstd-0.001_rkl-1.0e-3_tpstd-0.1_tkl-1.0e-3_fusion-static_logit gpu=1
[done] stage=core dataset=fgvc_aircraft shot=16 seed=1 tag=detbayesrt_epoch-80_rpstd-0.001_rkl-1.0e-3_tpstd-0.1_tkl-1.0e-2_fusion-static_logit gpu=2
[launch] stage=core dataset=stanford_cars shot=1 seed=1 tag=detbayesrt_epoch-80_rpstd-0.1_rkl-1.0e-5_tpstd-0.1_tkl-1.0e-2_fusion-static_logit gpu=1
[launch] stage=core dataset=stanford_cars shot=1 seed=1 tag=detbayesrt_epoch-80_rpstd-0.1_rkl-1.0e-5_tpstd-0.1_tkl-1.0e-3_fusion-static_logit gpu=2
[done] stage=core dataset=fgvc_aircraft shot=16 seed=1 tag=detbayesrt_epoch-80_rpstd-0.001_rkl-1.0e-3_tpstd-0.01_tkl-5.0e-2_fusion-static_logit gpu=2
[launch] stage=core dataset=stanford_cars shot=1 seed=1 tag=detbayesrt_epoch-80_rpstd-0.1_rkl-1.0e-5_tpstd-0.01_tkl-5.0e-2_fusion-static_logit gpu=2
[done] stage=core dataset=fgvc_aircraft shot=16 seed=1 tag=detbayesrt_epoch-80_rpstd-0.001_rkl-1.0e-3_tpstd-0.01_tkl-1.0e-2_fusion-static_logit gpu=1
[launch] stage=core dataset=stanford_cars shot=1 seed=1 tag=detbayesrt_epoch-80_rpstd-0.1_rkl-1.0e-5_tpstd-0.01_tkl-1.0e-2_fusion-static_logit gpu=1
[done] stage=core dataset=fgvc_aircraft shot=16 seed=1 tag=detbayesrt_epoch-80_rpstd-0.001_rkl-1.0e-3_tpstd-0.01_tkl-1.0e-3_fusion-static_logit gpu=1
[launch] stage=core dataset=stanford_cars shot=1 seed=1 tag=detbayesrt_epoch-80_rpstd-0.1_rkl-1.0e-5_tpstd-0.01_tkl-1.0e-3_fusion-static_logit gpu=1
[done] stage=core dataset=stanford_cars shot=1 seed=1 tag=detbayesrt_epoch-80_rpstd-0.1_rkl-1.0e-5_tpstd-0.1_tkl-5.0e-2_fusion-static_logit gpu=2
[launch] stage=core dataset=stanford_cars shot=1 seed=1 tag=detbayesrt_epoch-80_rpstd-0.1_rkl-1.0e-5_tpstd-0.001_tkl-5.0e-2_fusion-static_logit gpu=2
[done] stage=core dataset=stanford_cars shot=1 seed=1 tag=detbayesrt_epoch-80_rpstd-0.1_rkl-1.0e-5_tpstd-0.1_tkl-1.0e-2_fusion-static_logit gpu=1
[launch] stage=core dataset=stanford_cars shot=1 seed=1 tag=detbayesrt_epoch-80_rpstd-0.1_rkl-1.0e-5_tpstd-0.001_tkl-1.0e-2_fusion-static_logit gpu=1
[done] stage=core dataset=stanford_cars shot=1 seed=1 tag=detbayesrt_epoch-80_rpstd-0.1_rkl-1.0e-5_tpstd-0.1_tkl-1.0e-3_fusion-static_logit gpu=2
[launch] stage=core dataset=stanford_cars shot=1 seed=1 tag=detbayesrt_epoch-80_rpstd-0.1_rkl-1.0e-5_tpstd-0.001_tkl-1.0e-3_fusion-static_logit gpu=2
[done] stage=core dataset=stanford_cars shot=1 seed=1 tag=detbayesrt_epoch-80_rpstd-0.1_rkl-1.0e-5_tpstd-0.01_tkl-5.0e-2_fusion-static_logit gpu=2
[launch] stage=core dataset=stanford_cars shot=1 seed=1 tag=detbayesrt_epoch-80_rpstd-0.1_rkl-1.0e-4_tpstd-0.1_tkl-5.0e-2_fusion-static_logit gpu=2
[done] stage=core dataset=fgvc_aircraft shot=16 seed=1 tag=detbayesrt_epoch-80_rpstd-0.001_rkl-1.0e-3_tpstd-0.001_tkl-5.0e-2_fusion-static_logit gpu=0
[launch] stage=core dataset=stanford_cars shot=1 seed=1 tag=detbayesrt_epoch-80_rpstd-0.1_rkl-1.0e-4_tpstd-0.1_tkl-1.0e-2_fusion-static_logit gpu=0
[done] stage=core dataset=stanford_cars shot=1 seed=1 tag=detbayesrt_epoch-80_rpstd-0.1_rkl-1.0e-5_tpstd-0.01_tkl-1.0e-2_fusion-static_logit gpu=1
[launch] stage=core dataset=stanford_cars shot=1 seed=1 tag=detbayesrt_epoch-80_rpstd-0.1_rkl-1.0e-4_tpstd-0.1_tkl-1.0e-3_fusion-static_logit gpu=1
[done] stage=core dataset=fgvc_aircraft shot=16 seed=1 tag=detbayesrt_epoch-80_rpstd-0.001_rkl-1.0e-3_tpstd-0.001_tkl-1.0e-2_fusion-static_logit gpu=0
[launch] stage=core dataset=stanford_cars shot=1 seed=1 tag=detbayesrt_epoch-80_rpstd-0.1_rkl-1.0e-4_tpstd-0.01_tkl-5.0e-2_fusion-static_logit gpu=0
[done] stage=core dataset=fgvc_aircraft shot=16 seed=1 tag=detbayesrt_epoch-80_rpstd-0.001_rkl-1.0e-3_tpstd-0.001_tkl-1.0e-3_fusion-static_logit gpu=0
[launch] stage=core dataset=stanford_cars shot=1 seed=1 tag=detbayesrt_epoch-80_rpstd-0.1_rkl-1.0e-4_tpstd-0.01_tkl-1.0e-2_fusion-static_logit gpu=0
[done] stage=core dataset=stanford_cars shot=1 seed=1 tag=detbayesrt_epoch-80_rpstd-0.1_rkl-1.0e-5_tpstd-0.01_tkl-1.0e-3_fusion-static_logit gpu=1
[launch] stage=core dataset=stanford_cars shot=1 seed=1 tag=detbayesrt_epoch-80_rpstd-0.1_rkl-1.0e-4_tpstd-0.01_tkl-1.0e-3_fusion-static_logit gpu=1
[done] stage=core dataset=stanford_cars shot=1 seed=1 tag=detbayesrt_epoch-80_rpstd-0.1_rkl-1.0e-5_tpstd-0.001_tkl-5.0e-2_fusion-static_logit gpu=2
[launch] stage=core dataset=stanford_cars shot=1 seed=1 tag=detbayesrt_epoch-80_rpstd-0.1_rkl-1.0e-4_tpstd-0.001_tkl-5.0e-2_fusion-static_logit gpu=2
[done] stage=core dataset=stanford_cars shot=1 seed=1 tag=detbayesrt_epoch-80_rpstd-0.1_rkl-1.0e-5_tpstd-0.001_tkl-1.0e-2_fusion-static_logit gpu=1
[launch] stage=core dataset=stanford_cars shot=1 seed=1 tag=detbayesrt_epoch-80_rpstd-0.1_rkl-1.0e-4_tpstd-0.001_tkl-1.0e-2_fusion-static_logit gpu=1
[done] stage=core dataset=stanford_cars shot=1 seed=1 tag=detbayesrt_epoch-80_rpstd-0.1_rkl-1.0e-5_tpstd-0.001_tkl-1.0e-3_fusion-static_logit gpu=2
[launch] stage=core dataset=stanford_cars shot=1 seed=1 tag=detbayesrt_epoch-80_rpstd-0.1_rkl-1.0e-4_tpstd-0.001_tkl-1.0e-3_fusion-static_logit gpu=2
[done] stage=core dataset=stanford_cars shot=1 seed=1 tag=detbayesrt_epoch-80_rpstd-0.1_rkl-1.0e-4_tpstd-0.1_tkl-5.0e-2_fusion-static_logit gpu=2
[launch] stage=core dataset=stanford_cars shot=1 seed=1 tag=detbayesrt_epoch-80_rpstd-0.1_rkl-1.0e-3_tpstd-0.1_tkl-5.0e-2_fusion-static_logit gpu=2
[done] stage=core dataset=stanford_cars shot=1 seed=1 tag=detbayesrt_epoch-80_rpstd-0.1_rkl-1.0e-4_tpstd-0.1_tkl-1.0e-3_fusion-static_logit gpu=1
[launch] stage=core dataset=stanford_cars shot=1 seed=1 tag=detbayesrt_epoch-80_rpstd-0.1_rkl-1.0e-3_tpstd-0.1_tkl-1.0e-2_fusion-static_logit gpu=1
[done] stage=core dataset=stanford_cars shot=1 seed=1 tag=detbayesrt_epoch-80_rpstd-0.1_rkl-1.0e-4_tpstd-0.1_tkl-1.0e-2_fusion-static_logit gpu=0
[launch] stage=core dataset=stanford_cars shot=1 seed=1 tag=detbayesrt_epoch-80_rpstd-0.1_rkl-1.0e-3_tpstd-0.1_tkl-1.0e-3_fusion-static_logit gpu=0
[done] stage=core dataset=stanford_cars shot=1 seed=1 tag=detbayesrt_epoch-80_rpstd-0.1_rkl-1.0e-4_tpstd-0.01_tkl-5.0e-2_fusion-static_logit gpu=0
[launch] stage=core dataset=stanford_cars shot=1 seed=1 tag=detbayesrt_epoch-80_rpstd-0.1_rkl-1.0e-3_tpstd-0.01_tkl-5.0e-2_fusion-static_logit gpu=0
[done] stage=core dataset=stanford_cars shot=1 seed=1 tag=detbayesrt_epoch-80_rpstd-0.1_rkl-1.0e-4_tpstd-0.01_tkl-1.0e-2_fusion-static_logit gpu=0
[launch] stage=core dataset=stanford_cars shot=1 seed=1 tag=detbayesrt_epoch-80_rpstd-0.1_rkl-1.0e-3_tpstd-0.01_tkl-1.0e-2_fusion-static_logit gpu=0
[done] stage=core dataset=stanford_cars shot=1 seed=1 tag=detbayesrt_epoch-80_rpstd-0.1_rkl-1.0e-4_tpstd-0.01_tkl-1.0e-3_fusion-static_logit gpu=1
[launch] stage=core dataset=stanford_cars shot=1 seed=1 tag=detbayesrt_epoch-80_rpstd-0.1_rkl-1.0e-3_tpstd-0.01_tkl-1.0e-3_fusion-static_logit gpu=1
[done] stage=core dataset=stanford_cars shot=1 seed=1 tag=detbayesrt_epoch-80_rpstd-0.1_rkl-1.0e-4_tpstd-0.001_tkl-5.0e-2_fusion-static_logit gpu=2
[launch] stage=core dataset=stanford_cars shot=1 seed=1 tag=detbayesrt_epoch-80_rpstd-0.1_rkl-1.0e-3_tpstd-0.001_tkl-5.0e-2_fusion-static_logit gpu=2
[done] stage=core dataset=stanford_cars shot=1 seed=1 tag=detbayesrt_epoch-80_rpstd-0.1_rkl-1.0e-4_tpstd-0.001_tkl-1.0e-2_fusion-static_logit gpu=1
[done] stage=core dataset=stanford_cars shot=1 seed=1 tag=detbayesrt_epoch-80_rpstd-0.1_rkl-1.0e-4_tpstd-0.001_tkl-1.0e-3_fusion-static_logit gpu=2
[launch] stage=core dataset=stanford_cars shot=1 seed=1 tag=detbayesrt_epoch-80_rpstd-0.1_rkl-1.0e-3_tpstd-0.001_tkl-1.0e-2_fusion-static_logit gpu=1
[launch] stage=core dataset=stanford_cars shot=1 seed=1 tag=detbayesrt_epoch-80_rpstd-0.1_rkl-1.0e-3_tpstd-0.001_tkl-1.0e-3_fusion-static_logit gpu=2
[done] stage=core dataset=stanford_cars shot=1 seed=1 tag=detbayesrt_epoch-80_rpstd-0.1_rkl-1.0e-3_tpstd-0.1_tkl-5.0e-2_fusion-static_logit gpu=2
[launch] stage=core dataset=stanford_cars shot=1 seed=1 tag=detbayesrt_epoch-80_rpstd-0.01_rkl-1.0e-5_tpstd-0.1_tkl-5.0e-2_fusion-static_logit gpu=2
[done] stage=core dataset=stanford_cars shot=1 seed=1 tag=detbayesrt_epoch-80_rpstd-0.1_rkl-1.0e-3_tpstd-0.1_tkl-1.0e-2_fusion-static_logit gpu=1
[launch] stage=core dataset=stanford_cars shot=1 seed=1 tag=detbayesrt_epoch-80_rpstd-0.01_rkl-1.0e-5_tpstd-0.1_tkl-1.0e-2_fusion-static_logit gpu=1
[done] stage=core dataset=stanford_cars shot=1 seed=1 tag=detbayesrt_epoch-80_rpstd-0.1_rkl-1.0e-3_tpstd-0.1_tkl-1.0e-3_fusion-static_logit gpu=0
[launch] stage=core dataset=stanford_cars shot=1 seed=1 tag=detbayesrt_epoch-80_rpstd-0.01_rkl-1.0e-5_tpstd-0.1_tkl-1.0e-3_fusion-static_logit gpu=0
[done] stage=core dataset=stanford_cars shot=1 seed=1 tag=detbayesrt_epoch-80_rpstd-0.1_rkl-1.0e-3_tpstd-0.01_tkl-5.0e-2_fusion-static_logit gpu=0
[launch] stage=core dataset=stanford_cars shot=1 seed=1 tag=detbayesrt_epoch-80_rpstd-0.01_rkl-1.0e-5_tpstd-0.01_tkl-5.0e-2_fusion-static_logit gpu=0
[done] stage=core dataset=stanford_cars shot=1 seed=1 tag=detbayesrt_epoch-80_rpstd-0.1_rkl-1.0e-3_tpstd-0.01_tkl-1.0e-3_fusion-static_logit gpu=1
[launch] stage=core dataset=stanford_cars shot=1 seed=1 tag=detbayesrt_epoch-80_rpstd-0.01_rkl-1.0e-5_tpstd-0.01_tkl-1.0e-2_fusion-static_logit gpu=1
[done] stage=core dataset=stanford_cars shot=1 seed=1 tag=detbayesrt_epoch-80_rpstd-0.1_rkl-1.0e-3_tpstd-0.01_tkl-1.0e-2_fusion-static_logit gpu=0
[launch] stage=core dataset=stanford_cars shot=1 seed=1 tag=detbayesrt_epoch-80_rpstd-0.01_rkl-1.0e-5_tpstd-0.01_tkl-1.0e-3_fusion-static_logit gpu=0
[done] stage=core dataset=stanford_cars shot=1 seed=1 tag=detbayesrt_epoch-80_rpstd-0.1_rkl-1.0e-3_tpstd-0.001_tkl-5.0e-2_fusion-static_logit gpu=2
[launch] stage=core dataset=stanford_cars shot=1 seed=1 tag=detbayesrt_epoch-80_rpstd-0.01_rkl-1.0e-5_tpstd-0.001_tkl-5.0e-2_fusion-static_logit gpu=2
[done] stage=core dataset=stanford_cars shot=1 seed=1 tag=detbayesrt_epoch-80_rpstd-0.1_rkl-1.0e-3_tpstd-0.001_tkl-1.0e-3_fusion-static_logit gpu=2
[launch] stage=core dataset=stanford_cars shot=1 seed=1 tag=detbayesrt_epoch-80_rpstd-0.01_rkl-1.0e-5_tpstd-0.001_tkl-1.0e-2_fusion-static_logit gpu=2
[done] stage=core dataset=stanford_cars shot=1 seed=1 tag=detbayesrt_epoch-80_rpstd-0.1_rkl-1.0e-3_tpstd-0.001_tkl-1.0e-2_fusion-static_logit gpu=1
[launch] stage=core dataset=stanford_cars shot=1 seed=1 tag=detbayesrt_epoch-80_rpstd-0.01_rkl-1.0e-5_tpstd-0.001_tkl-1.0e-3_fusion-static_logit gpu=1
[done] stage=core dataset=stanford_cars shot=1 seed=1 tag=detbayesrt_epoch-80_rpstd-0.01_rkl-1.0e-5_tpstd-0.1_tkl-5.0e-2_fusion-static_logit gpu=2
[launch] stage=core dataset=stanford_cars shot=1 seed=1 tag=detbayesrt_epoch-80_rpstd-0.01_rkl-1.0e-4_tpstd-0.1_tkl-5.0e-2_fusion-static_logit gpu=2
[done] stage=core dataset=stanford_cars shot=1 seed=1 tag=detbayesrt_epoch-80_rpstd-0.01_rkl-1.0e-5_tpstd-0.1_tkl-1.0e-2_fusion-static_logit gpu=1
[launch] stage=core dataset=stanford_cars shot=1 seed=1 tag=detbayesrt_epoch-80_rpstd-0.01_rkl-1.0e-4_tpstd-0.1_tkl-1.0e-2_fusion-static_logit gpu=1
[done] stage=core dataset=stanford_cars shot=1 seed=1 tag=detbayesrt_epoch-80_rpstd-0.01_rkl-1.0e-5_tpstd-0.01_tkl-5.0e-2_fusion-static_logit gpu=0
[done] stage=core dataset=stanford_cars shot=1 seed=1 tag=detbayesrt_epoch-80_rpstd-0.01_rkl-1.0e-5_tpstd-0.1_tkl-1.0e-3_fusion-static_logit gpu=0
[launch] stage=core dataset=stanford_cars shot=1 seed=1 tag=detbayesrt_epoch-80_rpstd-0.01_rkl-1.0e-4_tpstd-0.1_tkl-1.0e-3_fusion-static_logit gpu=0
[launch] stage=core dataset=stanford_cars shot=1 seed=1 tag=detbayesrt_epoch-80_rpstd-0.01_rkl-1.0e-4_tpstd-0.01_tkl-5.0e-2_fusion-static_logit gpu=0
[done] stage=core dataset=stanford_cars shot=1 seed=1 tag=detbayesrt_epoch-80_rpstd-0.01_rkl-1.0e-5_tpstd-0.01_tkl-1.0e-2_fusion-static_logit gpu=1
[launch] stage=core dataset=stanford_cars shot=1 seed=1 tag=detbayesrt_epoch-80_rpstd-0.01_rkl-1.0e-4_tpstd-0.01_tkl-1.0e-2_fusion-static_logit gpu=1
[done] stage=core dataset=stanford_cars shot=1 seed=1 tag=detbayesrt_epoch-80_rpstd-0.01_rkl-1.0e-5_tpstd-0.01_tkl-1.0e-3_fusion-static_logit gpu=0
[launch] stage=core dataset=stanford_cars shot=1 seed=1 tag=detbayesrt_epoch-80_rpstd-0.01_rkl-1.0e-4_tpstd-0.01_tkl-1.0e-3_fusion-static_logit gpu=0
[done] stage=core dataset=stanford_cars shot=1 seed=1 tag=detbayesrt_epoch-80_rpstd-0.01_rkl-1.0e-5_tpstd-0.001_tkl-5.0e-2_fusion-static_logit gpu=2
[launch] stage=core dataset=stanford_cars shot=1 seed=1 tag=detbayesrt_epoch-80_rpstd-0.01_rkl-1.0e-4_tpstd-0.001_tkl-5.0e-2_fusion-static_logit gpu=2
[done] stage=core dataset=stanford_cars shot=1 seed=1 tag=detbayesrt_epoch-80_rpstd-0.01_rkl-1.0e-5_tpstd-0.001_tkl-1.0e-2_fusion-static_logit gpu=2
[launch] stage=core dataset=stanford_cars shot=1 seed=1 tag=detbayesrt_epoch-80_rpstd-0.01_rkl-1.0e-4_tpstd-0.001_tkl-1.0e-2_fusion-static_logit gpu=2
[done] stage=core dataset=stanford_cars shot=1 seed=1 tag=detbayesrt_epoch-80_rpstd-0.01_rkl-1.0e-5_tpstd-0.001_tkl-1.0e-3_fusion-static_logit gpu=1
[launch] stage=core dataset=stanford_cars shot=1 seed=1 tag=detbayesrt_epoch-80_rpstd-0.01_rkl-1.0e-4_tpstd-0.001_tkl-1.0e-3_fusion-static_logit gpu=1
[done] stage=core dataset=stanford_cars shot=1 seed=1 tag=detbayesrt_epoch-80_rpstd-0.01_rkl-1.0e-4_tpstd-0.1_tkl-5.0e-2_fusion-static_logit gpu=2
[launch] stage=core dataset=stanford_cars shot=1 seed=1 tag=detbayesrt_epoch-80_rpstd-0.01_rkl-1.0e-3_tpstd-0.1_tkl-5.0e-2_fusion-static_logit gpu=2
[done] stage=core dataset=stanford_cars shot=1 seed=1 tag=detbayesrt_epoch-80_rpstd-0.01_rkl-1.0e-4_tpstd-0.1_tkl-1.0e-2_fusion-static_logit gpu=1
[launch] stage=core dataset=stanford_cars shot=1 seed=1 tag=detbayesrt_epoch-80_rpstd-0.01_rkl-1.0e-3_tpstd-0.1_tkl-1.0e-2_fusion-static_logit gpu=1
[done] stage=core dataset=stanford_cars shot=1 seed=1 tag=detbayesrt_epoch-80_rpstd-0.01_rkl-1.0e-4_tpstd-0.1_tkl-1.0e-3_fusion-static_logit gpu=0
[done] stage=core dataset=stanford_cars shot=1 seed=1 tag=detbayesrt_epoch-80_rpstd-0.01_rkl-1.0e-4_tpstd-0.01_tkl-5.0e-2_fusion-static_logit gpu=0
[launch] stage=core dataset=stanford_cars shot=1 seed=1 tag=detbayesrt_epoch-80_rpstd-0.01_rkl-1.0e-3_tpstd-0.1_tkl-1.0e-3_fusion-static_logit gpu=0
[launch] stage=core dataset=stanford_cars shot=1 seed=1 tag=detbayesrt_epoch-80_rpstd-0.01_rkl-1.0e-3_tpstd-0.01_tkl-5.0e-2_fusion-static_logit gpu=0
[done] stage=core dataset=stanford_cars shot=1 seed=1 tag=detbayesrt_epoch-80_rpstd-0.01_rkl-1.0e-4_tpstd-0.01_tkl-1.0e-2_fusion-static_logit gpu=1
[launch] stage=core dataset=stanford_cars shot=1 seed=1 tag=detbayesrt_epoch-80_rpstd-0.01_rkl-1.0e-3_tpstd-0.01_tkl-1.0e-2_fusion-static_logit gpu=1
[done] stage=core dataset=stanford_cars shot=1 seed=1 tag=detbayesrt_epoch-80_rpstd-0.01_rkl-1.0e-4_tpstd-0.01_tkl-1.0e-3_fusion-static_logit gpu=0
[launch] stage=core dataset=stanford_cars shot=1 seed=1 tag=detbayesrt_epoch-80_rpstd-0.01_rkl-1.0e-3_tpstd-0.01_tkl-1.0e-3_fusion-static_logit gpu=0
[done] stage=core dataset=stanford_cars shot=1 seed=1 tag=detbayesrt_epoch-80_rpstd-0.01_rkl-1.0e-4_tpstd-0.001_tkl-5.0e-2_fusion-static_logit gpu=2
[launch] stage=core dataset=stanford_cars shot=1 seed=1 tag=detbayesrt_epoch-80_rpstd-0.01_rkl-1.0e-3_tpstd-0.001_tkl-5.0e-2_fusion-static_logit gpu=2
[done] stage=core dataset=stanford_cars shot=1 seed=1 tag=detbayesrt_epoch-80_rpstd-0.01_rkl-1.0e-4_tpstd-0.001_tkl-1.0e-2_fusion-static_logit gpu=2
[launch] stage=core dataset=stanford_cars shot=1 seed=1 tag=detbayesrt_epoch-80_rpstd-0.01_rkl-1.0e-3_tpstd-0.001_tkl-1.0e-2_fusion-static_logit gpu=2
[done] stage=core dataset=stanford_cars shot=1 seed=1 tag=detbayesrt_epoch-80_rpstd-0.01_rkl-1.0e-4_tpstd-0.001_tkl-1.0e-3_fusion-static_logit gpu=1
[launch] stage=core dataset=stanford_cars shot=1 seed=1 tag=detbayesrt_epoch-80_rpstd-0.01_rkl-1.0e-3_tpstd-0.001_tkl-1.0e-3_fusion-static_logit gpu=1
[done] stage=core dataset=stanford_cars shot=1 seed=1 tag=detbayesrt_epoch-80_rpstd-0.01_rkl-1.0e-3_tpstd-0.1_tkl-5.0e-2_fusion-static_logit gpu=2
[launch] stage=core dataset=stanford_cars shot=1 seed=1 tag=detbayesrt_epoch-80_rpstd-0.001_rkl-1.0e-5_tpstd-0.1_tkl-5.0e-2_fusion-static_logit gpu=2
[done] stage=core dataset=stanford_cars shot=1 seed=1 tag=detbayesrt_epoch-80_rpstd-0.01_rkl-1.0e-3_tpstd-0.1_tkl-1.0e-2_fusion-static_logit gpu=1
[launch] stage=core dataset=stanford_cars shot=1 seed=1 tag=detbayesrt_epoch-80_rpstd-0.001_rkl-1.0e-5_tpstd-0.1_tkl-1.0e-2_fusion-static_logit gpu=1
[done] stage=core dataset=stanford_cars shot=1 seed=1 tag=detbayesrt_epoch-80_rpstd-0.01_rkl-1.0e-3_tpstd-0.01_tkl-1.0e-2_fusion-static_logit gpu=1
[launch] stage=core dataset=stanford_cars shot=1 seed=1 tag=detbayesrt_epoch-80_rpstd-0.001_rkl-1.0e-5_tpstd-0.1_tkl-1.0e-3_fusion-static_logit gpu=1
[done] stage=core dataset=stanford_cars shot=1 seed=1 tag=detbayesrt_epoch-80_rpstd-0.01_rkl-1.0e-3_tpstd-0.1_tkl-1.0e-3_fusion-static_logit gpu=0
[launch] stage=core dataset=stanford_cars shot=1 seed=1 tag=detbayesrt_epoch-80_rpstd-0.001_rkl-1.0e-5_tpstd-0.01_tkl-5.0e-2_fusion-static_logit gpu=0
[done] stage=core dataset=stanford_cars shot=1 seed=1 tag=detbayesrt_epoch-80_rpstd-0.01_rkl-1.0e-3_tpstd-0.01_tkl-5.0e-2_fusion-static_logit gpu=0
[launch] stage=core dataset=stanford_cars shot=1 seed=1 tag=detbayesrt_epoch-80_rpstd-0.001_rkl-1.0e-5_tpstd-0.01_tkl-1.0e-2_fusion-static_logit gpu=0
[done] stage=core dataset=stanford_cars shot=1 seed=1 tag=detbayesrt_epoch-80_rpstd-0.01_rkl-1.0e-3_tpstd-0.001_tkl-5.0e-2_fusion-static_logit gpu=2
[launch] stage=core dataset=stanford_cars shot=1 seed=1 tag=detbayesrt_epoch-80_rpstd-0.001_rkl-1.0e-5_tpstd-0.01_tkl-1.0e-3_fusion-static_logit gpu=2
[done] stage=core dataset=stanford_cars shot=1 seed=1 tag=detbayesrt_epoch-80_rpstd-0.01_rkl-1.0e-3_tpstd-0.01_tkl-1.0e-3_fusion-static_logit gpu=0
[launch] stage=core dataset=stanford_cars shot=1 seed=1 tag=detbayesrt_epoch-80_rpstd-0.001_rkl-1.0e-5_tpstd-0.001_tkl-5.0e-2_fusion-static_logit gpu=0
[done] stage=core dataset=stanford_cars shot=1 seed=1 tag=detbayesrt_epoch-80_rpstd-0.01_rkl-1.0e-3_tpstd-0.001_tkl-1.0e-3_fusion-static_logit gpu=1
[launch] stage=core dataset=stanford_cars shot=1 seed=1 tag=detbayesrt_epoch-80_rpstd-0.001_rkl-1.0e-5_tpstd-0.001_tkl-1.0e-2_fusion-static_logit gpu=1
[done] stage=core dataset=stanford_cars shot=1 seed=1 tag=detbayesrt_epoch-80_rpstd-0.01_rkl-1.0e-3_tpstd-0.001_tkl-1.0e-2_fusion-static_logit gpu=2
[launch] stage=core dataset=stanford_cars shot=1 seed=1 tag=detbayesrt_epoch-80_rpstd-0.001_rkl-1.0e-5_tpstd-0.001_tkl-1.0e-3_fusion-static_logit gpu=2
[done] stage=core dataset=stanford_cars shot=1 seed=1 tag=detbayesrt_epoch-80_rpstd-0.001_rkl-1.0e-5_tpstd-0.1_tkl-5.0e-2_fusion-static_logit gpu=2
[launch] stage=core dataset=stanford_cars shot=1 seed=1 tag=detbayesrt_epoch-80_rpstd-0.001_rkl-1.0e-4_tpstd-0.1_tkl-5.0e-2_fusion-static_logit gpu=2
[done] stage=core dataset=stanford_cars shot=1 seed=1 tag=detbayesrt_epoch-80_rpstd-0.001_rkl-1.0e-5_tpstd-0.1_tkl-1.0e-2_fusion-static_logit gpu=1
[launch] stage=core dataset=stanford_cars shot=1 seed=1 tag=detbayesrt_epoch-80_rpstd-0.001_rkl-1.0e-4_tpstd-0.1_tkl-1.0e-2_fusion-static_logit gpu=1
[done] stage=core dataset=stanford_cars shot=1 seed=1 tag=detbayesrt_epoch-80_rpstd-0.001_rkl-1.0e-5_tpstd-0.1_tkl-1.0e-3_fusion-static_logit gpu=1
[launch] stage=core dataset=stanford_cars shot=1 seed=1 tag=detbayesrt_epoch-80_rpstd-0.001_rkl-1.0e-4_tpstd-0.1_tkl-1.0e-3_fusion-static_logit gpu=1
[done] stage=core dataset=stanford_cars shot=1 seed=1 tag=detbayesrt_epoch-80_rpstd-0.001_rkl-1.0e-5_tpstd-0.01_tkl-5.0e-2_fusion-static_logit gpu=0
[done] stage=core dataset=stanford_cars shot=1 seed=1 tag=detbayesrt_epoch-80_rpstd-0.001_rkl-1.0e-5_tpstd-0.01_tkl-1.0e-2_fusion-static_logit gpu=0
[launch] stage=core dataset=stanford_cars shot=1 seed=1 tag=detbayesrt_epoch-80_rpstd-0.001_rkl-1.0e-4_tpstd-0.01_tkl-5.0e-2_fusion-static_logit gpu=0
[launch] stage=core dataset=stanford_cars shot=1 seed=1 tag=detbayesrt_epoch-80_rpstd-0.001_rkl-1.0e-4_tpstd-0.01_tkl-1.0e-2_fusion-static_logit gpu=0
[done] stage=core dataset=stanford_cars shot=1 seed=1 tag=detbayesrt_epoch-80_rpstd-0.001_rkl-1.0e-5_tpstd-0.01_tkl-1.0e-3_fusion-static_logit gpu=2
[launch] stage=core dataset=stanford_cars shot=1 seed=1 tag=detbayesrt_epoch-80_rpstd-0.001_rkl-1.0e-4_tpstd-0.01_tkl-1.0e-3_fusion-static_logit gpu=2
[done] stage=core dataset=stanford_cars shot=1 seed=1 tag=detbayesrt_epoch-80_rpstd-0.001_rkl-1.0e-5_tpstd-0.001_tkl-5.0e-2_fusion-static_logit gpu=0
[launch] stage=core dataset=stanford_cars shot=1 seed=1 tag=detbayesrt_epoch-80_rpstd-0.001_rkl-1.0e-4_tpstd-0.001_tkl-5.0e-2_fusion-static_logit gpu=0
[done] stage=core dataset=stanford_cars shot=1 seed=1 tag=detbayesrt_epoch-80_rpstd-0.001_rkl-1.0e-5_tpstd-0.001_tkl-1.0e-2_fusion-static_logit gpu=1
[launch] stage=core dataset=stanford_cars shot=1 seed=1 tag=detbayesrt_epoch-80_rpstd-0.001_rkl-1.0e-4_tpstd-0.001_tkl-1.0e-2_fusion-static_logit gpu=1
[done] stage=core dataset=stanford_cars shot=1 seed=1 tag=detbayesrt_epoch-80_rpstd-0.001_rkl-1.0e-5_tpstd-0.001_tkl-1.0e-3_fusion-static_logit gpu=2
[launch] stage=core dataset=stanford_cars shot=1 seed=1 tag=detbayesrt_epoch-80_rpstd-0.001_rkl-1.0e-4_tpstd-0.001_tkl-1.0e-3_fusion-static_logit gpu=2
[done] stage=core dataset=stanford_cars shot=1 seed=1 tag=detbayesrt_epoch-80_rpstd-0.001_rkl-1.0e-4_tpstd-0.1_tkl-5.0e-2_fusion-static_logit gpu=2
[launch] stage=core dataset=stanford_cars shot=1 seed=1 tag=detbayesrt_epoch-80_rpstd-0.001_rkl-1.0e-3_tpstd-0.1_tkl-5.0e-2_fusion-static_logit gpu=2
[done] stage=core dataset=stanford_cars shot=1 seed=1 tag=detbayesrt_epoch-80_rpstd-0.001_rkl-1.0e-4_tpstd-0.1_tkl-1.0e-2_fusion-static_logit gpu=1
[launch] stage=core dataset=stanford_cars shot=1 seed=1 tag=detbayesrt_epoch-80_rpstd-0.001_rkl-1.0e-3_tpstd-0.1_tkl-1.0e-2_fusion-static_logit gpu=1
[done] stage=core dataset=stanford_cars shot=1 seed=1 tag=detbayesrt_epoch-80_rpstd-0.001_rkl-1.0e-4_tpstd-0.1_tkl-1.0e-3_fusion-static_logit gpu=1
[launch] stage=core dataset=stanford_cars shot=1 seed=1 tag=detbayesrt_epoch-80_rpstd-0.001_rkl-1.0e-3_tpstd-0.1_tkl-1.0e-3_fusion-static_logit gpu=1
[done] stage=core dataset=stanford_cars shot=1 seed=1 tag=detbayesrt_epoch-80_rpstd-0.001_rkl-1.0e-4_tpstd-0.01_tkl-1.0e-2_fusion-static_logit gpu=0
[launch] stage=core dataset=stanford_cars shot=1 seed=1 tag=detbayesrt_epoch-80_rpstd-0.001_rkl-1.0e-3_tpstd-0.01_tkl-5.0e-2_fusion-static_logit gpu=0
[done] stage=core dataset=stanford_cars shot=1 seed=1 tag=detbayesrt_epoch-80_rpstd-0.001_rkl-1.0e-4_tpstd-0.01_tkl-5.0e-2_fusion-static_logit gpu=0
[launch] stage=core dataset=stanford_cars shot=1 seed=1 tag=detbayesrt_epoch-80_rpstd-0.001_rkl-1.0e-3_tpstd-0.01_tkl-1.0e-2_fusion-static_logit gpu=0
[done] stage=core dataset=stanford_cars shot=1 seed=1 tag=detbayesrt_epoch-80_rpstd-0.001_rkl-1.0e-4_tpstd-0.01_tkl-1.0e-3_fusion-static_logit gpu=2
[launch] stage=core dataset=stanford_cars shot=1 seed=1 tag=detbayesrt_epoch-80_rpstd-0.001_rkl-1.0e-3_tpstd-0.01_tkl-1.0e-3_fusion-static_logit gpu=2
[done] stage=core dataset=stanford_cars shot=1 seed=1 tag=detbayesrt_epoch-80_rpstd-0.001_rkl-1.0e-4_tpstd-0.001_tkl-5.0e-2_fusion-static_logit gpu=0
[launch] stage=core dataset=stanford_cars shot=1 seed=1 tag=detbayesrt_epoch-80_rpstd-0.001_rkl-1.0e-3_tpstd-0.001_tkl-5.0e-2_fusion-static_logit gpu=0
[done] stage=core dataset=stanford_cars shot=1 seed=1 tag=detbayesrt_epoch-80_rpstd-0.001_rkl-1.0e-4_tpstd-0.001_tkl-1.0e-2_fusion-static_logit gpu=1
[launch] stage=core dataset=stanford_cars shot=1 seed=1 tag=detbayesrt_epoch-80_rpstd-0.001_rkl-1.0e-3_tpstd-0.001_tkl-1.0e-2_fusion-static_logit gpu=1
[done] stage=core dataset=stanford_cars shot=1 seed=1 tag=detbayesrt_epoch-80_rpstd-0.001_rkl-1.0e-4_tpstd-0.001_tkl-1.0e-3_fusion-static_logit gpu=2
[launch] stage=core dataset=stanford_cars shot=1 seed=1 tag=detbayesrt_epoch-80_rpstd-0.001_rkl-1.0e-3_tpstd-0.001_tkl-1.0e-3_fusion-static_logit gpu=2
[done] stage=core dataset=stanford_cars shot=1 seed=1 tag=detbayesrt_epoch-80_rpstd-0.001_rkl-1.0e-3_tpstd-0.1_tkl-5.0e-2_fusion-static_logit gpu=2
[launch] stage=core dataset=stanford_cars shot=4 seed=1 tag=detbayesrt_epoch-80_rpstd-0.1_rkl-1.0e-5_tpstd-0.1_tkl-5.0e-2_fusion-static_logit gpu=2
[done] stage=core dataset=stanford_cars shot=1 seed=1 tag=detbayesrt_epoch-80_rpstd-0.001_rkl-1.0e-3_tpstd-0.1_tkl-1.0e-2_fusion-static_logit gpu=1
[launch] stage=core dataset=stanford_cars shot=4 seed=1 tag=detbayesrt_epoch-80_rpstd-0.1_rkl-1.0e-5_tpstd-0.1_tkl-1.0e-2_fusion-static_logit gpu=1
[done] stage=core dataset=stanford_cars shot=1 seed=1 tag=detbayesrt_epoch-80_rpstd-0.001_rkl-1.0e-3_tpstd-0.1_tkl-1.0e-3_fusion-static_logit gpu=1
[launch] stage=core dataset=stanford_cars shot=4 seed=1 tag=detbayesrt_epoch-80_rpstd-0.1_rkl-1.0e-5_tpstd-0.1_tkl-1.0e-3_fusion-static_logit gpu=1
[done] stage=core dataset=stanford_cars shot=1 seed=1 tag=detbayesrt_epoch-80_rpstd-0.001_rkl-1.0e-3_tpstd-0.01_tkl-1.0e-2_fusion-static_logit gpu=0
[done] stage=core dataset=stanford_cars shot=1 seed=1 tag=detbayesrt_epoch-80_rpstd-0.001_rkl-1.0e-3_tpstd-0.01_tkl-5.0e-2_fusion-static_logit gpu=0
[launch] stage=core dataset=stanford_cars shot=4 seed=1 tag=detbayesrt_epoch-80_rpstd-0.1_rkl-1.0e-5_tpstd-0.01_tkl-5.0e-2_fusion-static_logit gpu=0
[launch] stage=core dataset=stanford_cars shot=4 seed=1 tag=detbayesrt_epoch-80_rpstd-0.1_rkl-1.0e-5_tpstd-0.01_tkl-1.0e-2_fusion-static_logit gpu=0
[done] stage=core dataset=stanford_cars shot=1 seed=1 tag=detbayesrt_epoch-80_rpstd-0.001_rkl-1.0e-3_tpstd-0.01_tkl-1.0e-3_fusion-static_logit gpu=2
[launch] stage=core dataset=stanford_cars shot=4 seed=1 tag=detbayesrt_epoch-80_rpstd-0.1_rkl-1.0e-5_tpstd-0.01_tkl-1.0e-3_fusion-static_logit gpu=2
[done] stage=core dataset=stanford_cars shot=1 seed=1 tag=detbayesrt_epoch-80_rpstd-0.001_rkl-1.0e-3_tpstd-0.001_tkl-5.0e-2_fusion-static_logit gpu=0
[launch] stage=core dataset=stanford_cars shot=4 seed=1 tag=detbayesrt_epoch-80_rpstd-0.1_rkl-1.0e-5_tpstd-0.001_tkl-5.0e-2_fusion-static_logit gpu=0
[done] stage=core dataset=stanford_cars shot=1 seed=1 tag=detbayesrt_epoch-80_rpstd-0.001_rkl-1.0e-3_tpstd-0.001_tkl-1.0e-2_fusion-static_logit gpu=1
[launch] stage=core dataset=stanford_cars shot=4 seed=1 tag=detbayesrt_epoch-80_rpstd-0.1_rkl-1.0e-5_tpstd-0.001_tkl-1.0e-2_fusion-static_logit gpu=1
[done] stage=core dataset=stanford_cars shot=1 seed=1 tag=detbayesrt_epoch-80_rpstd-0.001_rkl-1.0e-3_tpstd-0.001_tkl-1.0e-3_fusion-static_logit gpu=2
[launch] stage=core dataset=stanford_cars shot=4 seed=1 tag=detbayesrt_epoch-80_rpstd-0.1_rkl-1.0e-5_tpstd-0.001_tkl-1.0e-3_fusion-static_logit gpu=2
[done] stage=core dataset=stanford_cars shot=4 seed=1 tag=detbayesrt_epoch-80_rpstd-0.1_rkl-1.0e-5_tpstd-0.1_tkl-5.0e-2_fusion-static_logit gpu=2
[launch] stage=core dataset=stanford_cars shot=4 seed=1 tag=detbayesrt_epoch-80_rpstd-0.1_rkl-1.0e-4_tpstd-0.1_tkl-5.0e-2_fusion-static_logit gpu=2
[done] stage=core dataset=stanford_cars shot=4 seed=1 tag=detbayesrt_epoch-80_rpstd-0.1_rkl-1.0e-5_tpstd-0.1_tkl-1.0e-2_fusion-static_logit gpu=1
[launch] stage=core dataset=stanford_cars shot=4 seed=1 tag=detbayesrt_epoch-80_rpstd-0.1_rkl-1.0e-4_tpstd-0.1_tkl-1.0e-2_fusion-static_logit gpu=1
[done] stage=core dataset=stanford_cars shot=4 seed=1 tag=detbayesrt_epoch-80_rpstd-0.1_rkl-1.0e-5_tpstd-0.01_tkl-1.0e-3_fusion-static_logit gpu=2
[launch] stage=core dataset=stanford_cars shot=4 seed=1 tag=detbayesrt_epoch-80_rpstd-0.1_rkl-1.0e-4_tpstd-0.1_tkl-1.0e-3_fusion-static_logit gpu=2
[done] stage=core dataset=stanford_cars shot=4 seed=1 tag=detbayesrt_epoch-80_rpstd-0.1_rkl-1.0e-5_tpstd-0.1_tkl-1.0e-3_fusion-static_logit gpu=1
[launch] stage=core dataset=stanford_cars shot=4 seed=1 tag=detbayesrt_epoch-80_rpstd-0.1_rkl-1.0e-4_tpstd-0.01_tkl-5.0e-2_fusion-static_logit gpu=1
[done] stage=core dataset=stanford_cars shot=4 seed=1 tag=detbayesrt_epoch-80_rpstd-0.1_rkl-1.0e-5_tpstd-0.01_tkl-5.0e-2_fusion-static_logit gpu=0
[launch] stage=core dataset=stanford_cars shot=4 seed=1 tag=detbayesrt_epoch-80_rpstd-0.1_rkl-1.0e-4_tpstd-0.01_tkl-1.0e-2_fusion-static_logit gpu=0
[done] stage=core dataset=stanford_cars shot=4 seed=1 tag=detbayesrt_epoch-80_rpstd-0.1_rkl-1.0e-5_tpstd-0.01_tkl-1.0e-2_fusion-static_logit gpu=0
[launch] stage=core dataset=stanford_cars shot=4 seed=1 tag=detbayesrt_epoch-80_rpstd-0.1_rkl-1.0e-4_tpstd-0.01_tkl-1.0e-3_fusion-static_logit gpu=0
[done] stage=core dataset=stanford_cars shot=4 seed=1 tag=detbayesrt_epoch-80_rpstd-0.1_rkl-1.0e-5_tpstd-0.001_tkl-1.0e-3_fusion-static_logit gpu=2
[launch] stage=core dataset=stanford_cars shot=4 seed=1 tag=detbayesrt_epoch-80_rpstd-0.1_rkl-1.0e-4_tpstd-0.001_tkl-5.0e-2_fusion-static_logit gpu=2
[done] stage=core dataset=stanford_cars shot=4 seed=1 tag=detbayesrt_epoch-80_rpstd-0.1_rkl-1.0e-5_tpstd-0.001_tkl-1.0e-2_fusion-static_logit gpu=1
[launch] stage=core dataset=stanford_cars shot=4 seed=1 tag=detbayesrt_epoch-80_rpstd-0.1_rkl-1.0e-4_tpstd-0.001_tkl-1.0e-2_fusion-static_logit gpu=1
[done] stage=core dataset=stanford_cars shot=4 seed=1 tag=detbayesrt_epoch-80_rpstd-0.1_rkl-1.0e-5_tpstd-0.001_tkl-5.0e-2_fusion-static_logit gpu=0
[launch] stage=core dataset=stanford_cars shot=4 seed=1 tag=detbayesrt_epoch-80_rpstd-0.1_rkl-1.0e-4_tpstd-0.001_tkl-1.0e-3_fusion-static_logit gpu=0
[done] stage=core dataset=stanford_cars shot=4 seed=1 tag=detbayesrt_epoch-80_rpstd-0.1_rkl-1.0e-4_tpstd-0.1_tkl-5.0e-2_fusion-static_logit gpu=2
[launch] stage=core dataset=stanford_cars shot=4 seed=1 tag=detbayesrt_epoch-80_rpstd-0.1_rkl-1.0e-3_tpstd-0.1_tkl-5.0e-2_fusion-static_logit gpu=2
[done] stage=core dataset=stanford_cars shot=4 seed=1 tag=detbayesrt_epoch-80_rpstd-0.1_rkl-1.0e-4_tpstd-0.1_tkl-1.0e-2_fusion-static_logit gpu=1
[launch] stage=core dataset=stanford_cars shot=4 seed=1 tag=detbayesrt_epoch-80_rpstd-0.1_rkl-1.0e-3_tpstd-0.1_tkl-1.0e-2_fusion-static_logit gpu=1
[done] stage=core dataset=stanford_cars shot=4 seed=1 tag=detbayesrt_epoch-80_rpstd-0.1_rkl-1.0e-4_tpstd-0.1_tkl-1.0e-3_fusion-static_logit gpu=2
[launch] stage=core dataset=stanford_cars shot=4 seed=1 tag=detbayesrt_epoch-80_rpstd-0.1_rkl-1.0e-3_tpstd-0.1_tkl-1.0e-3_fusion-static_logit gpu=2
[done] stage=core dataset=stanford_cars shot=4 seed=1 tag=detbayesrt_epoch-80_rpstd-0.1_rkl-1.0e-4_tpstd-0.01_tkl-5.0e-2_fusion-static_logit gpu=1
[launch] stage=core dataset=stanford_cars shot=4 seed=1 tag=detbayesrt_epoch-80_rpstd-0.1_rkl-1.0e-3_tpstd-0.01_tkl-5.0e-2_fusion-static_logit gpu=1
[done] stage=core dataset=stanford_cars shot=4 seed=1 tag=detbayesrt_epoch-80_rpstd-0.1_rkl-1.0e-4_tpstd-0.01_tkl-1.0e-2_fusion-static_logit gpu=0
[launch] stage=core dataset=stanford_cars shot=4 seed=1 tag=detbayesrt_epoch-80_rpstd-0.1_rkl-1.0e-3_tpstd-0.01_tkl-1.0e-2_fusion-static_logit gpu=0
[done] stage=core dataset=stanford_cars shot=4 seed=1 tag=detbayesrt_epoch-80_rpstd-0.1_rkl-1.0e-4_tpstd-0.01_tkl-1.0e-3_fusion-static_logit gpu=0
[launch] stage=core dataset=stanford_cars shot=4 seed=1 tag=detbayesrt_epoch-80_rpstd-0.1_rkl-1.0e-3_tpstd-0.01_tkl-1.0e-3_fusion-static_logit gpu=0
[done] stage=core dataset=stanford_cars shot=4 seed=1 tag=detbayesrt_epoch-80_rpstd-0.1_rkl-1.0e-4_tpstd-0.001_tkl-1.0e-2_fusion-static_logit gpu=1
[launch] stage=core dataset=stanford_cars shot=4 seed=1 tag=detbayesrt_epoch-80_rpstd-0.1_rkl-1.0e-3_tpstd-0.001_tkl-5.0e-2_fusion-static_logit gpu=1
[done] stage=core dataset=stanford_cars shot=4 seed=1 tag=detbayesrt_epoch-80_rpstd-0.1_rkl-1.0e-4_tpstd-0.001_tkl-5.0e-2_fusion-static_logit gpu=2
[launch] stage=core dataset=stanford_cars shot=4 seed=1 tag=detbayesrt_epoch-80_rpstd-0.1_rkl-1.0e-3_tpstd-0.001_tkl-1.0e-2_fusion-static_logit gpu=2
[done] stage=core dataset=stanford_cars shot=4 seed=1 tag=detbayesrt_epoch-80_rpstd-0.1_rkl-1.0e-4_tpstd-0.001_tkl-1.0e-3_fusion-static_logit gpu=0
[launch] stage=core dataset=stanford_cars shot=4 seed=1 tag=detbayesrt_epoch-80_rpstd-0.1_rkl-1.0e-3_tpstd-0.001_tkl-1.0e-3_fusion-static_logit gpu=0
[done] stage=core dataset=stanford_cars shot=4 seed=1 tag=detbayesrt_epoch-80_rpstd-0.1_rkl-1.0e-3_tpstd-0.1_tkl-5.0e-2_fusion-static_logit gpu=2
[launch] stage=core dataset=stanford_cars shot=4 seed=1 tag=detbayesrt_epoch-80_rpstd-0.01_rkl-1.0e-5_tpstd-0.1_tkl-5.0e-2_fusion-static_logit gpu=2
[done] stage=core dataset=stanford_cars shot=4 seed=1 tag=detbayesrt_epoch-80_rpstd-0.1_rkl-1.0e-3_tpstd-0.1_tkl-1.0e-2_fusion-static_logit gpu=1
[launch] stage=core dataset=stanford_cars shot=4 seed=1 tag=detbayesrt_epoch-80_rpstd-0.01_rkl-1.0e-5_tpstd-0.1_tkl-1.0e-2_fusion-static_logit gpu=1
[done] stage=core dataset=stanford_cars shot=4 seed=1 tag=detbayesrt_epoch-80_rpstd-0.1_rkl-1.0e-3_tpstd-0.1_tkl-1.0e-3_fusion-static_logit gpu=2
[launch] stage=core dataset=stanford_cars shot=4 seed=1 tag=detbayesrt_epoch-80_rpstd-0.01_rkl-1.0e-5_tpstd-0.1_tkl-1.0e-3_fusion-static_logit gpu=2
[done] stage=core dataset=stanford_cars shot=4 seed=1 tag=detbayesrt_epoch-80_rpstd-0.1_rkl-1.0e-3_tpstd-0.01_tkl-5.0e-2_fusion-static_logit gpu=1
[launch] stage=core dataset=stanford_cars shot=4 seed=1 tag=detbayesrt_epoch-80_rpstd-0.01_rkl-1.0e-5_tpstd-0.01_tkl-5.0e-2_fusion-static_logit gpu=1
[done] stage=core dataset=stanford_cars shot=4 seed=1 tag=detbayesrt_epoch-80_rpstd-0.1_rkl-1.0e-3_tpstd-0.01_tkl-1.0e-2_fusion-static_logit gpu=0
[launch] stage=core dataset=stanford_cars shot=4 seed=1 tag=detbayesrt_epoch-80_rpstd-0.01_rkl-1.0e-5_tpstd-0.01_tkl-1.0e-2_fusion-static_logit gpu=0
[done] stage=core dataset=stanford_cars shot=4 seed=1 tag=detbayesrt_epoch-80_rpstd-0.1_rkl-1.0e-3_tpstd-0.01_tkl-1.0e-3_fusion-static_logit gpu=0
[launch] stage=core dataset=stanford_cars shot=4 seed=1 tag=detbayesrt_epoch-80_rpstd-0.01_rkl-1.0e-5_tpstd-0.01_tkl-1.0e-3_fusion-static_logit gpu=0
[done] stage=core dataset=stanford_cars shot=4 seed=1 tag=detbayesrt_epoch-80_rpstd-0.1_rkl-1.0e-3_tpstd-0.001_tkl-1.0e-2_fusion-static_logit gpu=2
[launch] stage=core dataset=stanford_cars shot=4 seed=1 tag=detbayesrt_epoch-80_rpstd-0.01_rkl-1.0e-5_tpstd-0.001_tkl-5.0e-2_fusion-static_logit gpu=2
[done] stage=core dataset=stanford_cars shot=4 seed=1 tag=detbayesrt_epoch-80_rpstd-0.1_rkl-1.0e-3_tpstd-0.001_tkl-5.0e-2_fusion-static_logit gpu=1
[launch] stage=core dataset=stanford_cars shot=4 seed=1 tag=detbayesrt_epoch-80_rpstd-0.01_rkl-1.0e-5_tpstd-0.001_tkl-1.0e-2_fusion-static_logit gpu=1
[done] stage=core dataset=stanford_cars shot=4 seed=1 tag=detbayesrt_epoch-80_rpstd-0.1_rkl-1.0e-3_tpstd-0.001_tkl-1.0e-3_fusion-static_logit gpu=0
[launch] stage=core dataset=stanford_cars shot=4 seed=1 tag=detbayesrt_epoch-80_rpstd-0.01_rkl-1.0e-5_tpstd-0.001_tkl-1.0e-3_fusion-static_logit gpu=0
[done] stage=core dataset=stanford_cars shot=4 seed=1 tag=detbayesrt_epoch-80_rpstd-0.01_rkl-1.0e-5_tpstd-0.1_tkl-5.0e-2_fusion-static_logit gpu=2
[launch] stage=core dataset=stanford_cars shot=4 seed=1 tag=detbayesrt_epoch-80_rpstd-0.01_rkl-1.0e-4_tpstd-0.1_tkl-5.0e-2_fusion-static_logit gpu=2
[done] stage=core dataset=stanford_cars shot=4 seed=1 tag=detbayesrt_epoch-80_rpstd-0.01_rkl-1.0e-5_tpstd-0.1_tkl-1.0e-2_fusion-static_logit gpu=1
[launch] stage=core dataset=stanford_cars shot=4 seed=1 tag=detbayesrt_epoch-80_rpstd-0.01_rkl-1.0e-4_tpstd-0.1_tkl-1.0e-2_fusion-static_logit gpu=1
[done] stage=core dataset=stanford_cars shot=4 seed=1 tag=detbayesrt_epoch-80_rpstd-0.01_rkl-1.0e-5_tpstd-0.1_tkl-1.0e-3_fusion-static_logit gpu=2
[launch] stage=core dataset=stanford_cars shot=4 seed=1 tag=detbayesrt_epoch-80_rpstd-0.01_rkl-1.0e-4_tpstd-0.1_tkl-1.0e-3_fusion-static_logit gpu=2
[done] stage=core dataset=stanford_cars shot=4 seed=1 tag=detbayesrt_epoch-80_rpstd-0.01_rkl-1.0e-5_tpstd-0.01_tkl-5.0e-2_fusion-static_logit gpu=1
[launch] stage=core dataset=stanford_cars shot=4 seed=1 tag=detbayesrt_epoch-80_rpstd-0.01_rkl-1.0e-4_tpstd-0.01_tkl-5.0e-2_fusion-static_logit gpu=1
[done] stage=core dataset=stanford_cars shot=4 seed=1 tag=detbayesrt_epoch-80_rpstd-0.01_rkl-1.0e-5_tpstd-0.01_tkl-1.0e-2_fusion-static_logit gpu=0
[launch] stage=core dataset=stanford_cars shot=4 seed=1 tag=detbayesrt_epoch-80_rpstd-0.01_rkl-1.0e-4_tpstd-0.01_tkl-1.0e-2_fusion-static_logit gpu=0
[done] stage=core dataset=stanford_cars shot=4 seed=1 tag=detbayesrt_epoch-80_rpstd-0.01_rkl-1.0e-5_tpstd-0.01_tkl-1.0e-3_fusion-static_logit gpu=0
[launch] stage=core dataset=stanford_cars shot=4 seed=1 tag=detbayesrt_epoch-80_rpstd-0.01_rkl-1.0e-4_tpstd-0.01_tkl-1.0e-3_fusion-static_logit gpu=0
[done] stage=core dataset=stanford_cars shot=4 seed=1 tag=detbayesrt_epoch-80_rpstd-0.01_rkl-1.0e-5_tpstd-0.001_tkl-5.0e-2_fusion-static_logit gpu=2
[launch] stage=core dataset=stanford_cars shot=4 seed=1 tag=detbayesrt_epoch-80_rpstd-0.01_rkl-1.0e-4_tpstd-0.001_tkl-5.0e-2_fusion-static_logit gpu=2
[done] stage=core dataset=stanford_cars shot=4 seed=1 tag=detbayesrt_epoch-80_rpstd-0.01_rkl-1.0e-5_tpstd-0.001_tkl-1.0e-2_fusion-static_logit gpu=1
[launch] stage=core dataset=stanford_cars shot=4 seed=1 tag=detbayesrt_epoch-80_rpstd-0.01_rkl-1.0e-4_tpstd-0.001_tkl-1.0e-2_fusion-static_logit gpu=1
[done] stage=core dataset=stanford_cars shot=4 seed=1 tag=detbayesrt_epoch-80_rpstd-0.01_rkl-1.0e-5_tpstd-0.001_tkl-1.0e-3_fusion-static_logit gpu=0
[launch] stage=core dataset=stanford_cars shot=4 seed=1 tag=detbayesrt_epoch-80_rpstd-0.01_rkl-1.0e-4_tpstd-0.001_tkl-1.0e-3_fusion-static_logit gpu=0
[done] stage=core dataset=stanford_cars shot=4 seed=1 tag=detbayesrt_epoch-80_rpstd-0.01_rkl-1.0e-4_tpstd-0.1_tkl-5.0e-2_fusion-static_logit gpu=2
[launch] stage=core dataset=stanford_cars shot=4 seed=1 tag=detbayesrt_epoch-80_rpstd-0.01_rkl-1.0e-3_tpstd-0.1_tkl-5.0e-2_fusion-static_logit gpu=2
[done] stage=core dataset=stanford_cars shot=4 seed=1 tag=detbayesrt_epoch-80_rpstd-0.01_rkl-1.0e-4_tpstd-0.1_tkl-1.0e-2_fusion-static_logit gpu=1
[launch] stage=core dataset=stanford_cars shot=4 seed=1 tag=detbayesrt_epoch-80_rpstd-0.01_rkl-1.0e-3_tpstd-0.1_tkl-1.0e-2_fusion-static_logit gpu=1
[done] stage=core dataset=stanford_cars shot=4 seed=1 tag=detbayesrt_epoch-80_rpstd-0.01_rkl-1.0e-4_tpstd-0.01_tkl-5.0e-2_fusion-static_logit gpu=1
[done] stage=core dataset=stanford_cars shot=4 seed=1 tag=detbayesrt_epoch-80_rpstd-0.01_rkl-1.0e-4_tpstd-0.1_tkl-1.0e-3_fusion-static_logit gpu=2
[launch] stage=core dataset=stanford_cars shot=4 seed=1 tag=detbayesrt_epoch-80_rpstd-0.01_rkl-1.0e-3_tpstd-0.1_tkl-1.0e-3_fusion-static_logit gpu=1
[launch] stage=core dataset=stanford_cars shot=4 seed=1 tag=detbayesrt_epoch-80_rpstd-0.01_rkl-1.0e-3_tpstd-0.01_tkl-5.0e-2_fusion-static_logit gpu=2
[done] stage=core dataset=stanford_cars shot=4 seed=1 tag=detbayesrt_epoch-80_rpstd-0.01_rkl-1.0e-4_tpstd-0.01_tkl-1.0e-2_fusion-static_logit gpu=0
[done] stage=core dataset=stanford_cars shot=4 seed=1 tag=detbayesrt_epoch-80_rpstd-0.01_rkl-1.0e-4_tpstd-0.01_tkl-1.0e-3_fusion-static_logit gpu=0
[launch] stage=core dataset=stanford_cars shot=4 seed=1 tag=detbayesrt_epoch-80_rpstd-0.01_rkl-1.0e-3_tpstd-0.01_tkl-1.0e-2_fusion-static_logit gpu=0
[launch] stage=core dataset=stanford_cars shot=4 seed=1 tag=detbayesrt_epoch-80_rpstd-0.01_rkl-1.0e-3_tpstd-0.01_tkl-1.0e-3_fusion-static_logit gpu=0
[done] stage=core dataset=stanford_cars shot=4 seed=1 tag=detbayesrt_epoch-80_rpstd-0.01_rkl-1.0e-4_tpstd-0.001_tkl-5.0e-2_fusion-static_logit gpu=2
[launch] stage=core dataset=stanford_cars shot=4 seed=1 tag=detbayesrt_epoch-80_rpstd-0.01_rkl-1.0e-3_tpstd-0.001_tkl-5.0e-2_fusion-static_logit gpu=2
[done] stage=core dataset=stanford_cars shot=4 seed=1 tag=detbayesrt_epoch-80_rpstd-0.01_rkl-1.0e-4_tpstd-0.001_tkl-1.0e-2_fusion-static_logit gpu=1
[launch] stage=core dataset=stanford_cars shot=4 seed=1 tag=detbayesrt_epoch-80_rpstd-0.01_rkl-1.0e-3_tpstd-0.001_tkl-1.0e-2_fusion-static_logit gpu=1
[done] stage=core dataset=stanford_cars shot=4 seed=1 tag=detbayesrt_epoch-80_rpstd-0.01_rkl-1.0e-4_tpstd-0.001_tkl-1.0e-3_fusion-static_logit gpu=0
[launch] stage=core dataset=stanford_cars shot=4 seed=1 tag=detbayesrt_epoch-80_rpstd-0.01_rkl-1.0e-3_tpstd-0.001_tkl-1.0e-3_fusion-static_logit gpu=0
[done] stage=core dataset=stanford_cars shot=4 seed=1 tag=detbayesrt_epoch-80_rpstd-0.01_rkl-1.0e-3_tpstd-0.1_tkl-5.0e-2_fusion-static_logit gpu=2
[launch] stage=core dataset=stanford_cars shot=4 seed=1 tag=detbayesrt_epoch-80_rpstd-0.001_rkl-1.0e-5_tpstd-0.1_tkl-5.0e-2_fusion-static_logit gpu=2
[done] stage=core dataset=stanford_cars shot=4 seed=1 tag=detbayesrt_epoch-80_rpstd-0.01_rkl-1.0e-3_tpstd-0.1_tkl-1.0e-2_fusion-static_logit gpu=1
[launch] stage=core dataset=stanford_cars shot=4 seed=1 tag=detbayesrt_epoch-80_rpstd-0.001_rkl-1.0e-5_tpstd-0.1_tkl-1.0e-2_fusion-static_logit gpu=1
[done] stage=core dataset=stanford_cars shot=4 seed=1 tag=detbayesrt_epoch-80_rpstd-0.01_rkl-1.0e-3_tpstd-0.1_tkl-1.0e-3_fusion-static_logit gpu=1
[launch] stage=core dataset=stanford_cars shot=4 seed=1 tag=detbayesrt_epoch-80_rpstd-0.001_rkl-1.0e-5_tpstd-0.1_tkl-1.0e-3_fusion-static_logit gpu=1
[done] stage=core dataset=stanford_cars shot=4 seed=1 tag=detbayesrt_epoch-80_rpstd-0.01_rkl-1.0e-3_tpstd-0.01_tkl-5.0e-2_fusion-static_logit gpu=2
[launch] stage=core dataset=stanford_cars shot=4 seed=1 tag=detbayesrt_epoch-80_rpstd-0.001_rkl-1.0e-5_tpstd-0.01_tkl-5.0e-2_fusion-static_logit gpu=2
[done] stage=core dataset=stanford_cars shot=4 seed=1 tag=detbayesrt_epoch-80_rpstd-0.01_rkl-1.0e-3_tpstd-0.001_tkl-5.0e-2_fusion-static_logit gpu=2
[launch] stage=core dataset=stanford_cars shot=4 seed=1 tag=detbayesrt_epoch-80_rpstd-0.001_rkl-1.0e-5_tpstd-0.01_tkl-1.0e-2_fusion-static_logit gpu=2
[done] stage=core dataset=stanford_cars shot=4 seed=1 tag=detbayesrt_epoch-80_rpstd-0.01_rkl-1.0e-3_tpstd-0.001_tkl-1.0e-2_fusion-static_logit gpu=1
[launch] stage=core dataset=stanford_cars shot=4 seed=1 tag=detbayesrt_epoch-80_rpstd-0.001_rkl-1.0e-5_tpstd-0.01_tkl-1.0e-3_fusion-static_logit gpu=1
[done] stage=core dataset=stanford_cars shot=4 seed=1 tag=detbayesrt_epoch-80_rpstd-0.01_rkl-1.0e-3_tpstd-0.01_tkl-1.0e-3_fusion-static_logit gpu=0
[launch] stage=core dataset=stanford_cars shot=4 seed=1 tag=detbayesrt_epoch-80_rpstd-0.001_rkl-1.0e-5_tpstd-0.001_tkl-5.0e-2_fusion-static_logit gpu=0
[done] stage=core dataset=stanford_cars shot=4 seed=1 tag=detbayesrt_epoch-80_rpstd-0.01_rkl-1.0e-3_tpstd-0.01_tkl-1.0e-2_fusion-static_logit gpu=0
[launch] stage=core dataset=stanford_cars shot=4 seed=1 tag=detbayesrt_epoch-80_rpstd-0.001_rkl-1.0e-5_tpstd-0.001_tkl-1.0e-2_fusion-static_logit gpu=0
[done] stage=core dataset=stanford_cars shot=4 seed=1 tag=detbayesrt_epoch-80_rpstd-0.01_rkl-1.0e-3_tpstd-0.001_tkl-1.0e-3_fusion-static_logit gpu=0
[launch] stage=core dataset=stanford_cars shot=4 seed=1 tag=detbayesrt_epoch-80_rpstd-0.001_rkl-1.0e-5_tpstd-0.001_tkl-1.0e-3_fusion-static_logit gpu=0
[done] stage=core dataset=stanford_cars shot=4 seed=1 tag=detbayesrt_epoch-80_rpstd-0.001_rkl-1.0e-5_tpstd-0.1_tkl-5.0e-2_fusion-static_logit gpu=2
[launch] stage=core dataset=stanford_cars shot=4 seed=1 tag=detbayesrt_epoch-80_rpstd-0.001_rkl-1.0e-4_tpstd-0.1_tkl-5.0e-2_fusion-static_logit gpu=2
[done] stage=core dataset=stanford_cars shot=4 seed=1 tag=detbayesrt_epoch-80_rpstd-0.001_rkl-1.0e-5_tpstd-0.1_tkl-1.0e-2_fusion-static_logit gpu=1
[launch] stage=core dataset=stanford_cars shot=4 seed=1 tag=detbayesrt_epoch-80_rpstd-0.001_rkl-1.0e-4_tpstd-0.1_tkl-1.0e-2_fusion-static_logit gpu=1
[done] stage=core dataset=stanford_cars shot=4 seed=1 tag=detbayesrt_epoch-80_rpstd-0.001_rkl-1.0e-5_tpstd-0.01_tkl-5.0e-2_fusion-static_logit gpu=2
[launch] stage=core dataset=stanford_cars shot=4 seed=1 tag=detbayesrt_epoch-80_rpstd-0.001_rkl-1.0e-4_tpstd-0.1_tkl-1.0e-3_fusion-static_logit gpu=2
[done] stage=core dataset=stanford_cars shot=4 seed=1 tag=detbayesrt_epoch-80_rpstd-0.001_rkl-1.0e-5_tpstd-0.1_tkl-1.0e-3_fusion-static_logit gpu=1
[launch] stage=core dataset=stanford_cars shot=4 seed=1 tag=detbayesrt_epoch-80_rpstd-0.001_rkl-1.0e-4_tpstd-0.01_tkl-5.0e-2_fusion-static_logit gpu=1
[done] stage=core dataset=stanford_cars shot=4 seed=1 tag=detbayesrt_epoch-80_rpstd-0.001_rkl-1.0e-5_tpstd-0.01_tkl-1.0e-2_fusion-static_logit gpu=2
[launch] stage=core dataset=stanford_cars shot=4 seed=1 tag=detbayesrt_epoch-80_rpstd-0.001_rkl-1.0e-4_tpstd-0.01_tkl-1.0e-2_fusion-static_logit gpu=2
[done] stage=core dataset=stanford_cars shot=4 seed=1 tag=detbayesrt_epoch-80_rpstd-0.001_rkl-1.0e-5_tpstd-0.01_tkl-1.0e-3_fusion-static_logit gpu=1
[launch] stage=core dataset=stanford_cars shot=4 seed=1 tag=detbayesrt_epoch-80_rpstd-0.001_rkl-1.0e-4_tpstd-0.01_tkl-1.0e-3_fusion-static_logit gpu=1
[done] stage=core dataset=stanford_cars shot=4 seed=1 tag=detbayesrt_epoch-80_rpstd-0.001_rkl-1.0e-5_tpstd-0.001_tkl-5.0e-2_fusion-static_logit gpu=0
[launch] stage=core dataset=stanford_cars shot=4 seed=1 tag=detbayesrt_epoch-80_rpstd-0.001_rkl-1.0e-4_tpstd-0.001_tkl-5.0e-2_fusion-static_logit gpu=0
[done] stage=core dataset=stanford_cars shot=4 seed=1 tag=detbayesrt_epoch-80_rpstd-0.001_rkl-1.0e-5_tpstd-0.001_tkl-1.0e-2_fusion-static_logit gpu=0
[launch] stage=core dataset=stanford_cars shot=4 seed=1 tag=detbayesrt_epoch-80_rpstd-0.001_rkl-1.0e-4_tpstd-0.001_tkl-1.0e-2_fusion-static_logit gpu=0
[done] stage=core dataset=stanford_cars shot=4 seed=1 tag=detbayesrt_epoch-80_rpstd-0.001_rkl-1.0e-5_tpstd-0.001_tkl-1.0e-3_fusion-static_logit gpu=0
[launch] stage=core dataset=stanford_cars shot=4 seed=1 tag=detbayesrt_epoch-80_rpstd-0.001_rkl-1.0e-4_tpstd-0.001_tkl-1.0e-3_fusion-static_logit gpu=0
[done] stage=core dataset=stanford_cars shot=4 seed=1 tag=detbayesrt_epoch-80_rpstd-0.001_rkl-1.0e-4_tpstd-0.1_tkl-5.0e-2_fusion-static_logit gpu=2
[launch] stage=core dataset=stanford_cars shot=4 seed=1 tag=detbayesrt_epoch-80_rpstd-0.001_rkl-1.0e-3_tpstd-0.1_tkl-5.0e-2_fusion-static_logit gpu=2
[done] stage=core dataset=stanford_cars shot=4 seed=1 tag=detbayesrt_epoch-80_rpstd-0.001_rkl-1.0e-4_tpstd-0.1_tkl-1.0e-2_fusion-static_logit gpu=1
[launch] stage=core dataset=stanford_cars shot=4 seed=1 tag=detbayesrt_epoch-80_rpstd-0.001_rkl-1.0e-3_tpstd-0.1_tkl-1.0e-2_fusion-static_logit gpu=1
[done] stage=core dataset=stanford_cars shot=4 seed=1 tag=detbayesrt_epoch-80_rpstd-0.001_rkl-1.0e-4_tpstd-0.1_tkl-1.0e-3_fusion-static_logit gpu=2
[launch] stage=core dataset=stanford_cars shot=4 seed=1 tag=detbayesrt_epoch-80_rpstd-0.001_rkl-1.0e-3_tpstd-0.1_tkl-1.0e-3_fusion-static_logit gpu=2
[done] stage=core dataset=stanford_cars shot=4 seed=1 tag=detbayesrt_epoch-80_rpstd-0.001_rkl-1.0e-4_tpstd-0.01_tkl-5.0e-2_fusion-static_logit gpu=1
[launch] stage=core dataset=stanford_cars shot=4 seed=1 tag=detbayesrt_epoch-80_rpstd-0.001_rkl-1.0e-3_tpstd-0.01_tkl-5.0e-2_fusion-static_logit gpu=1
[done] stage=core dataset=stanford_cars shot=4 seed=1 tag=detbayesrt_epoch-80_rpstd-0.001_rkl-1.0e-4_tpstd-0.01_tkl-1.0e-2_fusion-static_logit gpu=2
[launch] stage=core dataset=stanford_cars shot=4 seed=1 tag=detbayesrt_epoch-80_rpstd-0.001_rkl-1.0e-3_tpstd-0.01_tkl-1.0e-2_fusion-static_logit gpu=2
[done] stage=core dataset=stanford_cars shot=4 seed=1 tag=detbayesrt_epoch-80_rpstd-0.001_rkl-1.0e-4_tpstd-0.01_tkl-1.0e-3_fusion-static_logit gpu=1
[launch] stage=core dataset=stanford_cars shot=4 seed=1 tag=detbayesrt_epoch-80_rpstd-0.001_rkl-1.0e-3_tpstd-0.01_tkl-1.0e-3_fusion-static_logit gpu=1
[done] stage=core dataset=stanford_cars shot=4 seed=1 tag=detbayesrt_epoch-80_rpstd-0.001_rkl-1.0e-4_tpstd-0.001_tkl-5.0e-2_fusion-static_logit gpu=0
[launch] stage=core dataset=stanford_cars shot=4 seed=1 tag=detbayesrt_epoch-80_rpstd-0.001_rkl-1.0e-3_tpstd-0.001_tkl-5.0e-2_fusion-static_logit gpu=0
[done] stage=core dataset=stanford_cars shot=4 seed=1 tag=detbayesrt_epoch-80_rpstd-0.001_rkl-1.0e-4_tpstd-0.001_tkl-1.0e-2_fusion-static_logit gpu=0
[launch] stage=core dataset=stanford_cars shot=4 seed=1 tag=detbayesrt_epoch-80_rpstd-0.001_rkl-1.0e-3_tpstd-0.001_tkl-1.0e-2_fusion-static_logit gpu=0
[done] stage=core dataset=stanford_cars shot=4 seed=1 tag=detbayesrt_epoch-80_rpstd-0.001_rkl-1.0e-4_tpstd-0.001_tkl-1.0e-3_fusion-static_logit gpu=0
[launch] stage=core dataset=stanford_cars shot=4 seed=1 tag=detbayesrt_epoch-80_rpstd-0.001_rkl-1.0e-3_tpstd-0.001_tkl-1.0e-3_fusion-static_logit gpu=0
[done] stage=core dataset=stanford_cars shot=4 seed=1 tag=detbayesrt_epoch-80_rpstd-0.001_rkl-1.0e-3_tpstd-0.1_tkl-5.0e-2_fusion-static_logit gpu=2
[launch] stage=core dataset=stanford_cars shot=8 seed=1 tag=detbayesrt_epoch-80_rpstd-0.1_rkl-1.0e-5_tpstd-0.1_tkl-5.0e-2_fusion-static_logit gpu=2
[done] stage=core dataset=stanford_cars shot=4 seed=1 tag=detbayesrt_epoch-80_rpstd-0.001_rkl-1.0e-3_tpstd-0.1_tkl-1.0e-2_fusion-static_logit gpu=1
[launch] stage=core dataset=stanford_cars shot=8 seed=1 tag=detbayesrt_epoch-80_rpstd-0.1_rkl-1.0e-5_tpstd-0.1_tkl-1.0e-2_fusion-static_logit gpu=1
[done] stage=core dataset=stanford_cars shot=4 seed=1 tag=detbayesrt_epoch-80_rpstd-0.001_rkl-1.0e-3_tpstd-0.1_tkl-1.0e-3_fusion-static_logit gpu=2
[launch] stage=core dataset=stanford_cars shot=8 seed=1 tag=detbayesrt_epoch-80_rpstd-0.1_rkl-1.0e-5_tpstd-0.1_tkl-1.0e-3_fusion-static_logit gpu=2
[done] stage=core dataset=stanford_cars shot=4 seed=1 tag=detbayesrt_epoch-80_rpstd-0.001_rkl-1.0e-3_tpstd-0.01_tkl-5.0e-2_fusion-static_logit gpu=1
[launch] stage=core dataset=stanford_cars shot=8 seed=1 tag=detbayesrt_epoch-80_rpstd-0.1_rkl-1.0e-5_tpstd-0.01_tkl-5.0e-2_fusion-static_logit gpu=1
[done] stage=core dataset=stanford_cars shot=4 seed=1 tag=detbayesrt_epoch-80_rpstd-0.001_rkl-1.0e-3_tpstd-0.01_tkl-1.0e-2_fusion-static_logit gpu=2
[launch] stage=core dataset=stanford_cars shot=8 seed=1 tag=detbayesrt_epoch-80_rpstd-0.1_rkl-1.0e-5_tpstd-0.01_tkl-1.0e-2_fusion-static_logit gpu=2
[done] stage=core dataset=stanford_cars shot=4 seed=1 tag=detbayesrt_epoch-80_rpstd-0.001_rkl-1.0e-3_tpstd-0.01_tkl-1.0e-3_fusion-static_logit gpu=1
[launch] stage=core dataset=stanford_cars shot=8 seed=1 tag=detbayesrt_epoch-80_rpstd-0.1_rkl-1.0e-5_tpstd-0.01_tkl-1.0e-3_fusion-static_logit gpu=1
[done] stage=core dataset=stanford_cars shot=4 seed=1 tag=detbayesrt_epoch-80_rpstd-0.001_rkl-1.0e-3_tpstd-0.001_tkl-5.0e-2_fusion-static_logit gpu=0
[launch] stage=core dataset=stanford_cars shot=8 seed=1 tag=detbayesrt_epoch-80_rpstd-0.1_rkl-1.0e-5_tpstd-0.001_tkl-5.0e-2_fusion-static_logit gpu=0
[done] stage=core dataset=stanford_cars shot=4 seed=1 tag=detbayesrt_epoch-80_rpstd-0.001_rkl-1.0e-3_tpstd-0.001_tkl-1.0e-2_fusion-static_logit gpu=0
[launch] stage=core dataset=stanford_cars shot=8 seed=1 tag=detbayesrt_epoch-80_rpstd-0.1_rkl-1.0e-5_tpstd-0.001_tkl-1.0e-2_fusion-static_logit gpu=0
[done] stage=core dataset=stanford_cars shot=4 seed=1 tag=detbayesrt_epoch-80_rpstd-0.001_rkl-1.0e-3_tpstd-0.001_tkl-1.0e-3_fusion-static_logit gpu=0
[launch] stage=core dataset=stanford_cars shot=8 seed=1 tag=detbayesrt_epoch-80_rpstd-0.1_rkl-1.0e-5_tpstd-0.001_tkl-1.0e-3_fusion-static_logit gpu=0
[done] stage=core dataset=stanford_cars shot=8 seed=1 tag=detbayesrt_epoch-80_rpstd-0.1_rkl-1.0e-5_tpstd-0.1_tkl-5.0e-2_fusion-static_logit gpu=2
[launch] stage=core dataset=stanford_cars shot=8 seed=1 tag=detbayesrt_epoch-80_rpstd-0.1_rkl-1.0e-4_tpstd-0.1_tkl-5.0e-2_fusion-static_logit gpu=2
[done] stage=core dataset=stanford_cars shot=8 seed=1 tag=detbayesrt_epoch-80_rpstd-0.1_rkl-1.0e-5_tpstd-0.1_tkl-1.0e-2_fusion-static_logit gpu=1
[launch] stage=core dataset=stanford_cars shot=8 seed=1 tag=detbayesrt_epoch-80_rpstd-0.1_rkl-1.0e-4_tpstd-0.1_tkl-1.0e-2_fusion-static_logit gpu=1
[done] stage=core dataset=stanford_cars shot=8 seed=1 tag=detbayesrt_epoch-80_rpstd-0.1_rkl-1.0e-5_tpstd-0.1_tkl-1.0e-3_fusion-static_logit gpu=2
[launch] stage=core dataset=stanford_cars shot=8 seed=1 tag=detbayesrt_epoch-80_rpstd-0.1_rkl-1.0e-4_tpstd-0.1_tkl-1.0e-3_fusion-static_logit gpu=2
[done] stage=core dataset=stanford_cars shot=8 seed=1 tag=detbayesrt_epoch-80_rpstd-0.1_rkl-1.0e-5_tpstd-0.01_tkl-5.0e-2_fusion-static_logit gpu=1
[launch] stage=core dataset=stanford_cars shot=8 seed=1 tag=detbayesrt_epoch-80_rpstd-0.1_rkl-1.0e-4_tpstd-0.01_tkl-5.0e-2_fusion-static_logit gpu=1
[done] stage=core dataset=stanford_cars shot=8 seed=1 tag=detbayesrt_epoch-80_rpstd-0.1_rkl-1.0e-5_tpstd-0.01_tkl-1.0e-2_fusion-static_logit gpu=2
[launch] stage=core dataset=stanford_cars shot=8 seed=1 tag=detbayesrt_epoch-80_rpstd-0.1_rkl-1.0e-4_tpstd-0.01_tkl-1.0e-2_fusion-static_logit gpu=2
[done] stage=core dataset=stanford_cars shot=8 seed=1 tag=detbayesrt_epoch-80_rpstd-0.1_rkl-1.0e-5_tpstd-0.01_tkl-1.0e-3_fusion-static_logit gpu=1
[launch] stage=core dataset=stanford_cars shot=8 seed=1 tag=detbayesrt_epoch-80_rpstd-0.1_rkl-1.0e-4_tpstd-0.01_tkl-1.0e-3_fusion-static_logit gpu=1
[done] stage=core dataset=stanford_cars shot=8 seed=1 tag=detbayesrt_epoch-80_rpstd-0.1_rkl-1.0e-5_tpstd-0.001_tkl-5.0e-2_fusion-static_logit gpu=0
[launch] stage=core dataset=stanford_cars shot=8 seed=1 tag=detbayesrt_epoch-80_rpstd-0.1_rkl-1.0e-4_tpstd-0.001_tkl-5.0e-2_fusion-static_logit gpu=0
[done] stage=core dataset=stanford_cars shot=8 seed=1 tag=detbayesrt_epoch-80_rpstd-0.1_rkl-1.0e-5_tpstd-0.001_tkl-1.0e-2_fusion-static_logit gpu=0
[launch] stage=core dataset=stanford_cars shot=8 seed=1 tag=detbayesrt_epoch-80_rpstd-0.1_rkl-1.0e-4_tpstd-0.001_tkl-1.0e-2_fusion-static_logit gpu=0
[done] stage=core dataset=stanford_cars shot=8 seed=1 tag=detbayesrt_epoch-80_rpstd-0.1_rkl-1.0e-5_tpstd-0.001_tkl-1.0e-3_fusion-static_logit gpu=0
[launch] stage=core dataset=stanford_cars shot=8 seed=1 tag=detbayesrt_epoch-80_rpstd-0.1_rkl-1.0e-4_tpstd-0.001_tkl-1.0e-3_fusion-static_logit gpu=0
[done] stage=core dataset=stanford_cars shot=8 seed=1 tag=detbayesrt_epoch-80_rpstd-0.1_rkl-1.0e-4_tpstd-0.1_tkl-5.0e-2_fusion-static_logit gpu=2
[launch] stage=core dataset=stanford_cars shot=8 seed=1 tag=detbayesrt_epoch-80_rpstd-0.1_rkl-1.0e-3_tpstd-0.1_tkl-5.0e-2_fusion-static_logit gpu=2
[done] stage=core dataset=stanford_cars shot=8 seed=1 tag=detbayesrt_epoch-80_rpstd-0.1_rkl-1.0e-4_tpstd-0.1_tkl-1.0e-2_fusion-static_logit gpu=1
[launch] stage=core dataset=stanford_cars shot=8 seed=1 tag=detbayesrt_epoch-80_rpstd-0.1_rkl-1.0e-3_tpstd-0.1_tkl-1.0e-2_fusion-static_logit gpu=1
[done] stage=core dataset=stanford_cars shot=8 seed=1 tag=detbayesrt_epoch-80_rpstd-0.1_rkl-1.0e-4_tpstd-0.1_tkl-1.0e-3_fusion-static_logit gpu=2
[launch] stage=core dataset=stanford_cars shot=8 seed=1 tag=detbayesrt_epoch-80_rpstd-0.1_rkl-1.0e-3_tpstd-0.1_tkl-1.0e-3_fusion-static_logit gpu=2
[done] stage=core dataset=stanford_cars shot=8 seed=1 tag=detbayesrt_epoch-80_rpstd-0.1_rkl-1.0e-4_tpstd-0.01_tkl-5.0e-2_fusion-static_logit gpu=1
[launch] stage=core dataset=stanford_cars shot=8 seed=1 tag=detbayesrt_epoch-80_rpstd-0.1_rkl-1.0e-3_tpstd-0.01_tkl-5.0e-2_fusion-static_logit gpu=1
[done] stage=core dataset=stanford_cars shot=8 seed=1 tag=detbayesrt_epoch-80_rpstd-0.1_rkl-1.0e-4_tpstd-0.01_tkl-1.0e-2_fusion-static_logit gpu=2
[launch] stage=core dataset=stanford_cars shot=8 seed=1 tag=detbayesrt_epoch-80_rpstd-0.1_rkl-1.0e-3_tpstd-0.01_tkl-1.0e-2_fusion-static_logit gpu=2
[done] stage=core dataset=stanford_cars shot=8 seed=1 tag=detbayesrt_epoch-80_rpstd-0.1_rkl-1.0e-4_tpstd-0.01_tkl-1.0e-3_fusion-static_logit gpu=1
[launch] stage=core dataset=stanford_cars shot=8 seed=1 tag=detbayesrt_epoch-80_rpstd-0.1_rkl-1.0e-3_tpstd-0.01_tkl-1.0e-3_fusion-static_logit gpu=1
[done] stage=core dataset=stanford_cars shot=8 seed=1 tag=detbayesrt_epoch-80_rpstd-0.1_rkl-1.0e-4_tpstd-0.001_tkl-5.0e-2_fusion-static_logit gpu=0
[launch] stage=core dataset=stanford_cars shot=8 seed=1 tag=detbayesrt_epoch-80_rpstd-0.1_rkl-1.0e-3_tpstd-0.001_tkl-5.0e-2_fusion-static_logit gpu=0
[done] stage=core dataset=stanford_cars shot=8 seed=1 tag=detbayesrt_epoch-80_rpstd-0.1_rkl-1.0e-4_tpstd-0.001_tkl-1.0e-2_fusion-static_logit gpu=0
[launch] stage=core dataset=stanford_cars shot=8 seed=1 tag=detbayesrt_epoch-80_rpstd-0.1_rkl-1.0e-3_tpstd-0.001_tkl-1.0e-2_fusion-static_logit gpu=0
[done] stage=core dataset=stanford_cars shot=8 seed=1 tag=detbayesrt_epoch-80_rpstd-0.1_rkl-1.0e-4_tpstd-0.001_tkl-1.0e-3_fusion-static_logit gpu=0
[launch] stage=core dataset=stanford_cars shot=8 seed=1 tag=detbayesrt_epoch-80_rpstd-0.1_rkl-1.0e-3_tpstd-0.001_tkl-1.0e-3_fusion-static_logit gpu=0
[done] stage=core dataset=stanford_cars shot=8 seed=1 tag=detbayesrt_epoch-80_rpstd-0.1_rkl-1.0e-3_tpstd-0.1_tkl-5.0e-2_fusion-static_logit gpu=2
[launch] stage=core dataset=stanford_cars shot=8 seed=1 tag=detbayesrt_epoch-80_rpstd-0.01_rkl-1.0e-5_tpstd-0.1_tkl-5.0e-2_fusion-static_logit gpu=2
[done] stage=core dataset=stanford_cars shot=8 seed=1 tag=detbayesrt_epoch-80_rpstd-0.1_rkl-1.0e-3_tpstd-0.1_tkl-1.0e-2_fusion-static_logit gpu=1
[launch] stage=core dataset=stanford_cars shot=8 seed=1 tag=detbayesrt_epoch-80_rpstd-0.01_rkl-1.0e-5_tpstd-0.1_tkl-1.0e-2_fusion-static_logit gpu=1
[done] stage=core dataset=stanford_cars shot=8 seed=1 tag=detbayesrt_epoch-80_rpstd-0.1_rkl-1.0e-3_tpstd-0.1_tkl-1.0e-3_fusion-static_logit gpu=2
[launch] stage=core dataset=stanford_cars shot=8 seed=1 tag=detbayesrt_epoch-80_rpstd-0.01_rkl-1.0e-5_tpstd-0.1_tkl-1.0e-3_fusion-static_logit gpu=2
[done] stage=core dataset=stanford_cars shot=8 seed=1 tag=detbayesrt_epoch-80_rpstd-0.1_rkl-1.0e-3_tpstd-0.01_tkl-5.0e-2_fusion-static_logit gpu=1
[launch] stage=core dataset=stanford_cars shot=8 seed=1 tag=detbayesrt_epoch-80_rpstd-0.01_rkl-1.0e-5_tpstd-0.01_tkl-5.0e-2_fusion-static_logit gpu=1
[done] stage=core dataset=stanford_cars shot=8 seed=1 tag=detbayesrt_epoch-80_rpstd-0.1_rkl-1.0e-3_tpstd-0.01_tkl-1.0e-3_fusion-static_logit gpu=1
[done] stage=core dataset=stanford_cars shot=8 seed=1 tag=detbayesrt_epoch-80_rpstd-0.1_rkl-1.0e-3_tpstd-0.01_tkl-1.0e-2_fusion-static_logit gpu=2
[launch] stage=core dataset=stanford_cars shot=8 seed=1 tag=detbayesrt_epoch-80_rpstd-0.01_rkl-1.0e-5_tpstd-0.01_tkl-1.0e-2_fusion-static_logit gpu=1
[launch] stage=core dataset=stanford_cars shot=8 seed=1 tag=detbayesrt_epoch-80_rpstd-0.01_rkl-1.0e-5_tpstd-0.01_tkl-1.0e-3_fusion-static_logit gpu=2
[done] stage=core dataset=stanford_cars shot=8 seed=1 tag=detbayesrt_epoch-80_rpstd-0.1_rkl-1.0e-3_tpstd-0.001_tkl-5.0e-2_fusion-static_logit gpu=0
[launch] stage=core dataset=stanford_cars shot=8 seed=1 tag=detbayesrt_epoch-80_rpstd-0.01_rkl-1.0e-5_tpstd-0.001_tkl-5.0e-2_fusion-static_logit gpu=0
[done] stage=core dataset=stanford_cars shot=8 seed=1 tag=detbayesrt_epoch-80_rpstd-0.1_rkl-1.0e-3_tpstd-0.001_tkl-1.0e-2_fusion-static_logit gpu=0
[launch] stage=core dataset=stanford_cars shot=8 seed=1 tag=detbayesrt_epoch-80_rpstd-0.01_rkl-1.0e-5_tpstd-0.001_tkl-1.0e-2_fusion-static_logit gpu=0
[done] stage=core dataset=stanford_cars shot=8 seed=1 tag=detbayesrt_epoch-80_rpstd-0.1_rkl-1.0e-3_tpstd-0.001_tkl-1.0e-3_fusion-static_logit gpu=0
[launch] stage=core dataset=stanford_cars shot=8 seed=1 tag=detbayesrt_epoch-80_rpstd-0.01_rkl-1.0e-5_tpstd-0.001_tkl-1.0e-3_fusion-static_logit gpu=0
[done] stage=core dataset=stanford_cars shot=8 seed=1 tag=detbayesrt_epoch-80_rpstd-0.01_rkl-1.0e-5_tpstd-0.1_tkl-5.0e-2_fusion-static_logit gpu=2
[launch] stage=core dataset=stanford_cars shot=8 seed=1 tag=detbayesrt_epoch-80_rpstd-0.01_rkl-1.0e-4_tpstd-0.1_tkl-5.0e-2_fusion-static_logit gpu=2
[done] stage=core dataset=stanford_cars shot=8 seed=1 tag=detbayesrt_epoch-80_rpstd-0.01_rkl-1.0e-5_tpstd-0.1_tkl-1.0e-2_fusion-static_logit gpu=1
[launch] stage=core dataset=stanford_cars shot=8 seed=1 tag=detbayesrt_epoch-80_rpstd-0.01_rkl-1.0e-4_tpstd-0.1_tkl-1.0e-2_fusion-static_logit gpu=1
[done] stage=core dataset=stanford_cars shot=8 seed=1 tag=detbayesrt_epoch-80_rpstd-0.01_rkl-1.0e-5_tpstd-0.1_tkl-1.0e-3_fusion-static_logit gpu=2
[launch] stage=core dataset=stanford_cars shot=8 seed=1 tag=detbayesrt_epoch-80_rpstd-0.01_rkl-1.0e-4_tpstd-0.1_tkl-1.0e-3_fusion-static_logit gpu=2
[done] stage=core dataset=stanford_cars shot=8 seed=1 tag=detbayesrt_epoch-80_rpstd-0.01_rkl-1.0e-5_tpstd-0.01_tkl-5.0e-2_fusion-static_logit gpu=1
[launch] stage=core dataset=stanford_cars shot=8 seed=1 tag=detbayesrt_epoch-80_rpstd-0.01_rkl-1.0e-4_tpstd-0.01_tkl-5.0e-2_fusion-static_logit gpu=1
[done] stage=core dataset=stanford_cars shot=8 seed=1 tag=detbayesrt_epoch-80_rpstd-0.01_rkl-1.0e-5_tpstd-0.01_tkl-1.0e-2_fusion-static_logit gpu=1
[launch] stage=core dataset=stanford_cars shot=8 seed=1 tag=detbayesrt_epoch-80_rpstd-0.01_rkl-1.0e-4_tpstd-0.01_tkl-1.0e-2_fusion-static_logit gpu=1
[done] stage=core dataset=stanford_cars shot=8 seed=1 tag=detbayesrt_epoch-80_rpstd-0.01_rkl-1.0e-5_tpstd-0.01_tkl-1.0e-3_fusion-static_logit gpu=2
[launch] stage=core dataset=stanford_cars shot=8 seed=1 tag=detbayesrt_epoch-80_rpstd-0.01_rkl-1.0e-4_tpstd-0.01_tkl-1.0e-3_fusion-static_logit gpu=2
[done] stage=core dataset=stanford_cars shot=8 seed=1 tag=detbayesrt_epoch-80_rpstd-0.01_rkl-1.0e-5_tpstd-0.001_tkl-5.0e-2_fusion-static_logit gpu=0
[launch] stage=core dataset=stanford_cars shot=8 seed=1 tag=detbayesrt_epoch-80_rpstd-0.01_rkl-1.0e-4_tpstd-0.001_tkl-5.0e-2_fusion-static_logit gpu=0
[done] stage=core dataset=stanford_cars shot=8 seed=1 tag=detbayesrt_epoch-80_rpstd-0.01_rkl-1.0e-5_tpstd-0.001_tkl-1.0e-2_fusion-static_logit gpu=0
[launch] stage=core dataset=stanford_cars shot=8 seed=1 tag=detbayesrt_epoch-80_rpstd-0.01_rkl-1.0e-4_tpstd-0.001_tkl-1.0e-2_fusion-static_logit gpu=0
[done] stage=core dataset=stanford_cars shot=8 seed=1 tag=detbayesrt_epoch-80_rpstd-0.01_rkl-1.0e-5_tpstd-0.001_tkl-1.0e-3_fusion-static_logit gpu=0
[launch] stage=core dataset=stanford_cars shot=8 seed=1 tag=detbayesrt_epoch-80_rpstd-0.01_rkl-1.0e-4_tpstd-0.001_tkl-1.0e-3_fusion-static_logit gpu=0
[done] stage=core dataset=stanford_cars shot=8 seed=1 tag=detbayesrt_epoch-80_rpstd-0.01_rkl-1.0e-4_tpstd-0.1_tkl-5.0e-2_fusion-static_logit gpu=2
[launch] stage=core dataset=stanford_cars shot=8 seed=1 tag=detbayesrt_epoch-80_rpstd-0.01_rkl-1.0e-3_tpstd-0.1_tkl-5.0e-2_fusion-static_logit gpu=2
[done] stage=core dataset=stanford_cars shot=8 seed=1 tag=detbayesrt_epoch-80_rpstd-0.01_rkl-1.0e-4_tpstd-0.1_tkl-1.0e-2_fusion-static_logit gpu=1
[launch] stage=core dataset=stanford_cars shot=8 seed=1 tag=detbayesrt_epoch-80_rpstd-0.01_rkl-1.0e-3_tpstd-0.1_tkl-1.0e-2_fusion-static_logit gpu=1
[done] stage=core dataset=stanford_cars shot=8 seed=1 tag=detbayesrt_epoch-80_rpstd-0.01_rkl-1.0e-4_tpstd-0.1_tkl-1.0e-3_fusion-static_logit gpu=2
[launch] stage=core dataset=stanford_cars shot=8 seed=1 tag=detbayesrt_epoch-80_rpstd-0.01_rkl-1.0e-3_tpstd-0.1_tkl-1.0e-3_fusion-static_logit gpu=2
[done] stage=core dataset=stanford_cars shot=8 seed=1 tag=detbayesrt_epoch-80_rpstd-0.01_rkl-1.0e-4_tpstd-0.01_tkl-5.0e-2_fusion-static_logit gpu=1
[launch] stage=core dataset=stanford_cars shot=8 seed=1 tag=detbayesrt_epoch-80_rpstd-0.01_rkl-1.0e-3_tpstd-0.01_tkl-5.0e-2_fusion-static_logit gpu=1
[done] stage=core dataset=stanford_cars shot=8 seed=1 tag=detbayesrt_epoch-80_rpstd-0.01_rkl-1.0e-4_tpstd-0.01_tkl-1.0e-2_fusion-static_logit gpu=1
[launch] stage=core dataset=stanford_cars shot=8 seed=1 tag=detbayesrt_epoch-80_rpstd-0.01_rkl-1.0e-3_tpstd-0.01_tkl-1.0e-2_fusion-static_logit gpu=1
[done] stage=core dataset=stanford_cars shot=8 seed=1 tag=detbayesrt_epoch-80_rpstd-0.01_rkl-1.0e-4_tpstd-0.01_tkl-1.0e-3_fusion-static_logit gpu=2
[launch] stage=core dataset=stanford_cars shot=8 seed=1 tag=detbayesrt_epoch-80_rpstd-0.01_rkl-1.0e-3_tpstd-0.01_tkl-1.0e-3_fusion-static_logit gpu=2
[done] stage=core dataset=stanford_cars shot=8 seed=1 tag=detbayesrt_epoch-80_rpstd-0.01_rkl-1.0e-4_tpstd-0.001_tkl-5.0e-2_fusion-static_logit gpu=0
[launch] stage=core dataset=stanford_cars shot=8 seed=1 tag=detbayesrt_epoch-80_rpstd-0.01_rkl-1.0e-3_tpstd-0.001_tkl-5.0e-2_fusion-static_logit gpu=0
[done] stage=core dataset=stanford_cars shot=8 seed=1 tag=detbayesrt_epoch-80_rpstd-0.01_rkl-1.0e-4_tpstd-0.001_tkl-1.0e-2_fusion-static_logit gpu=0
[launch] stage=core dataset=stanford_cars shot=8 seed=1 tag=detbayesrt_epoch-80_rpstd-0.01_rkl-1.0e-3_tpstd-0.001_tkl-1.0e-2_fusion-static_logit gpu=0
[done] stage=core dataset=stanford_cars shot=8 seed=1 tag=detbayesrt_epoch-80_rpstd-0.01_rkl-1.0e-4_tpstd-0.001_tkl-1.0e-3_fusion-static_logit gpu=0
[launch] stage=core dataset=stanford_cars shot=8 seed=1 tag=detbayesrt_epoch-80_rpstd-0.01_rkl-1.0e-3_tpstd-0.001_tkl-1.0e-3_fusion-static_logit gpu=0
[done] stage=core dataset=stanford_cars shot=8 seed=1 tag=detbayesrt_epoch-80_rpstd-0.01_rkl-1.0e-3_tpstd-0.1_tkl-5.0e-2_fusion-static_logit gpu=2
[launch] stage=core dataset=stanford_cars shot=8 seed=1 tag=detbayesrt_epoch-80_rpstd-0.001_rkl-1.0e-5_tpstd-0.1_tkl-5.0e-2_fusion-static_logit gpu=2
[done] stage=core dataset=stanford_cars shot=8 seed=1 tag=detbayesrt_epoch-80_rpstd-0.01_rkl-1.0e-3_tpstd-0.1_tkl-1.0e-2_fusion-static_logit gpu=1
[launch] stage=core dataset=stanford_cars shot=8 seed=1 tag=detbayesrt_epoch-80_rpstd-0.001_rkl-1.0e-5_tpstd-0.1_tkl-1.0e-2_fusion-static_logit gpu=1
[done] stage=core dataset=stanford_cars shot=8 seed=1 tag=detbayesrt_epoch-80_rpstd-0.01_rkl-1.0e-3_tpstd-0.1_tkl-1.0e-3_fusion-static_logit gpu=2
[launch] stage=core dataset=stanford_cars shot=8 seed=1 tag=detbayesrt_epoch-80_rpstd-0.001_rkl-1.0e-5_tpstd-0.1_tkl-1.0e-3_fusion-static_logit gpu=2
[done] stage=core dataset=stanford_cars shot=8 seed=1 tag=detbayesrt_epoch-80_rpstd-0.01_rkl-1.0e-3_tpstd-0.01_tkl-5.0e-2_fusion-static_logit gpu=1
[launch] stage=core dataset=stanford_cars shot=8 seed=1 tag=detbayesrt_epoch-80_rpstd-0.001_rkl-1.0e-5_tpstd-0.01_tkl-5.0e-2_fusion-static_logit gpu=1
[done] stage=core dataset=stanford_cars shot=8 seed=1 tag=detbayesrt_epoch-80_rpstd-0.01_rkl-1.0e-3_tpstd-0.01_tkl-1.0e-3_fusion-static_logit gpu=2
[launch] stage=core dataset=stanford_cars shot=8 seed=1 tag=detbayesrt_epoch-80_rpstd-0.001_rkl-1.0e-5_tpstd-0.01_tkl-1.0e-2_fusion-static_logit gpu=2
[done] stage=core dataset=stanford_cars shot=8 seed=1 tag=detbayesrt_epoch-80_rpstd-0.01_rkl-1.0e-3_tpstd-0.01_tkl-1.0e-2_fusion-static_logit gpu=1
[launch] stage=core dataset=stanford_cars shot=8 seed=1 tag=detbayesrt_epoch-80_rpstd-0.001_rkl-1.0e-5_tpstd-0.01_tkl-1.0e-3_fusion-static_logit gpu=1
[done] stage=core dataset=stanford_cars shot=8 seed=1 tag=detbayesrt_epoch-80_rpstd-0.01_rkl-1.0e-3_tpstd-0.001_tkl-5.0e-2_fusion-static_logit gpu=0
[launch] stage=core dataset=stanford_cars shot=8 seed=1 tag=detbayesrt_epoch-80_rpstd-0.001_rkl-1.0e-5_tpstd-0.001_tkl-5.0e-2_fusion-static_logit gpu=0
[done] stage=core dataset=stanford_cars shot=8 seed=1 tag=detbayesrt_epoch-80_rpstd-0.01_rkl-1.0e-3_tpstd-0.001_tkl-1.0e-2_fusion-static_logit gpu=0
[launch] stage=core dataset=stanford_cars shot=8 seed=1 tag=detbayesrt_epoch-80_rpstd-0.001_rkl-1.0e-5_tpstd-0.001_tkl-1.0e-2_fusion-static_logit gpu=0
[done] stage=core dataset=stanford_cars shot=8 seed=1 tag=detbayesrt_epoch-80_rpstd-0.01_rkl-1.0e-3_tpstd-0.001_tkl-1.0e-3_fusion-static_logit gpu=0
[launch] stage=core dataset=stanford_cars shot=8 seed=1 tag=detbayesrt_epoch-80_rpstd-0.001_rkl-1.0e-5_tpstd-0.001_tkl-1.0e-3_fusion-static_logit gpu=0
[done] stage=core dataset=stanford_cars shot=8 seed=1 tag=detbayesrt_epoch-80_rpstd-0.001_rkl-1.0e-5_tpstd-0.1_tkl-5.0e-2_fusion-static_logit gpu=2
[launch] stage=core dataset=stanford_cars shot=8 seed=1 tag=detbayesrt_epoch-80_rpstd-0.001_rkl-1.0e-4_tpstd-0.1_tkl-5.0e-2_fusion-static_logit gpu=2
[done] stage=core dataset=stanford_cars shot=8 seed=1 tag=detbayesrt_epoch-80_rpstd-0.001_rkl-1.0e-5_tpstd-0.1_tkl-1.0e-2_fusion-static_logit gpu=1
[launch] stage=core dataset=stanford_cars shot=8 seed=1 tag=detbayesrt_epoch-80_rpstd-0.001_rkl-1.0e-4_tpstd-0.1_tkl-1.0e-2_fusion-static_logit gpu=1
[done] stage=core dataset=stanford_cars shot=8 seed=1 tag=detbayesrt_epoch-80_rpstd-0.001_rkl-1.0e-5_tpstd-0.1_tkl-1.0e-3_fusion-static_logit gpu=2
[launch] stage=core dataset=stanford_cars shot=8 seed=1 tag=detbayesrt_epoch-80_rpstd-0.001_rkl-1.0e-4_tpstd-0.1_tkl-1.0e-3_fusion-static_logit gpu=2
[done] stage=core dataset=stanford_cars shot=8 seed=1 tag=detbayesrt_epoch-80_rpstd-0.001_rkl-1.0e-5_tpstd-0.01_tkl-5.0e-2_fusion-static_logit gpu=1
[launch] stage=core dataset=stanford_cars shot=8 seed=1 tag=detbayesrt_epoch-80_rpstd-0.001_rkl-1.0e-4_tpstd-0.01_tkl-5.0e-2_fusion-static_logit gpu=1
[done] stage=core dataset=stanford_cars shot=8 seed=1 tag=detbayesrt_epoch-80_rpstd-0.001_rkl-1.0e-5_tpstd-0.01_tkl-1.0e-3_fusion-static_logit gpu=1
[launch] stage=core dataset=stanford_cars shot=8 seed=1 tag=detbayesrt_epoch-80_rpstd-0.001_rkl-1.0e-4_tpstd-0.01_tkl-1.0e-2_fusion-static_logit gpu=1
[done] stage=core dataset=stanford_cars shot=8 seed=1 tag=detbayesrt_epoch-80_rpstd-0.001_rkl-1.0e-5_tpstd-0.01_tkl-1.0e-2_fusion-static_logit gpu=2
[launch] stage=core dataset=stanford_cars shot=8 seed=1 tag=detbayesrt_epoch-80_rpstd-0.001_rkl-1.0e-4_tpstd-0.01_tkl-1.0e-3_fusion-static_logit gpu=2
[done] stage=core dataset=stanford_cars shot=8 seed=1 tag=detbayesrt_epoch-80_rpstd-0.001_rkl-1.0e-5_tpstd-0.001_tkl-5.0e-2_fusion-static_logit gpu=0
[launch] stage=core dataset=stanford_cars shot=8 seed=1 tag=detbayesrt_epoch-80_rpstd-0.001_rkl-1.0e-4_tpstd-0.001_tkl-5.0e-2_fusion-static_logit gpu=0
[done] stage=core dataset=stanford_cars shot=8 seed=1 tag=detbayesrt_epoch-80_rpstd-0.001_rkl-1.0e-5_tpstd-0.001_tkl-1.0e-2_fusion-static_logit gpu=0
[launch] stage=core dataset=stanford_cars shot=8 seed=1 tag=detbayesrt_epoch-80_rpstd-0.001_rkl-1.0e-4_tpstd-0.001_tkl-1.0e-2_fusion-static_logit gpu=0
[done] stage=core dataset=stanford_cars shot=8 seed=1 tag=detbayesrt_epoch-80_rpstd-0.001_rkl-1.0e-5_tpstd-0.001_tkl-1.0e-3_fusion-static_logit gpu=0
[launch] stage=core dataset=stanford_cars shot=8 seed=1 tag=detbayesrt_epoch-80_rpstd-0.001_rkl-1.0e-4_tpstd-0.001_tkl-1.0e-3_fusion-static_logit gpu=0
[done] stage=core dataset=stanford_cars shot=8 seed=1 tag=detbayesrt_epoch-80_rpstd-0.001_rkl-1.0e-4_tpstd-0.1_tkl-5.0e-2_fusion-static_logit gpu=2
[launch] stage=core dataset=stanford_cars shot=8 seed=1 tag=detbayesrt_epoch-80_rpstd-0.001_rkl-1.0e-3_tpstd-0.1_tkl-5.0e-2_fusion-static_logit gpu=2
[done] stage=core dataset=stanford_cars shot=8 seed=1 tag=detbayesrt_epoch-80_rpstd-0.001_rkl-1.0e-4_tpstd-0.1_tkl-1.0e-2_fusion-static_logit gpu=1
[launch] stage=core dataset=stanford_cars shot=8 seed=1 tag=detbayesrt_epoch-80_rpstd-0.001_rkl-1.0e-3_tpstd-0.1_tkl-1.0e-2_fusion-static_logit gpu=1
[done] stage=core dataset=stanford_cars shot=8 seed=1 tag=detbayesrt_epoch-80_rpstd-0.001_rkl-1.0e-4_tpstd-0.1_tkl-1.0e-3_fusion-static_logit gpu=2
[launch] stage=core dataset=stanford_cars shot=8 seed=1 tag=detbayesrt_epoch-80_rpstd-0.001_rkl-1.0e-3_tpstd-0.1_tkl-1.0e-3_fusion-static_logit gpu=2
[done] stage=core dataset=stanford_cars shot=8 seed=1 tag=detbayesrt_epoch-80_rpstd-0.001_rkl-1.0e-4_tpstd-0.01_tkl-5.0e-2_fusion-static_logit gpu=1
[launch] stage=core dataset=stanford_cars shot=8 seed=1 tag=detbayesrt_epoch-80_rpstd-0.001_rkl-1.0e-3_tpstd-0.01_tkl-5.0e-2_fusion-static_logit gpu=1
[done] stage=core dataset=stanford_cars shot=8 seed=1 tag=detbayesrt_epoch-80_rpstd-0.001_rkl-1.0e-4_tpstd-0.01_tkl-1.0e-2_fusion-static_logit gpu=1
[launch] stage=core dataset=stanford_cars shot=8 seed=1 tag=detbayesrt_epoch-80_rpstd-0.001_rkl-1.0e-3_tpstd-0.01_tkl-1.0e-2_fusion-static_logit gpu=1
[done] stage=core dataset=stanford_cars shot=8 seed=1 tag=detbayesrt_epoch-80_rpstd-0.001_rkl-1.0e-4_tpstd-0.01_tkl-1.0e-3_fusion-static_logit gpu=2
[launch] stage=core dataset=stanford_cars shot=8 seed=1 tag=detbayesrt_epoch-80_rpstd-0.001_rkl-1.0e-3_tpstd-0.01_tkl-1.0e-3_fusion-static_logit gpu=2
[done] stage=core dataset=stanford_cars shot=8 seed=1 tag=detbayesrt_epoch-80_rpstd-0.001_rkl-1.0e-4_tpstd-0.001_tkl-5.0e-2_fusion-static_logit gpu=0
[launch] stage=core dataset=stanford_cars shot=8 seed=1 tag=detbayesrt_epoch-80_rpstd-0.001_rkl-1.0e-3_tpstd-0.001_tkl-5.0e-2_fusion-static_logit gpu=0
[done] stage=core dataset=stanford_cars shot=8 seed=1 tag=detbayesrt_epoch-80_rpstd-0.001_rkl-1.0e-4_tpstd-0.001_tkl-1.0e-2_fusion-static_logit gpu=0
[launch] stage=core dataset=stanford_cars shot=8 seed=1 tag=detbayesrt_epoch-80_rpstd-0.001_rkl-1.0e-3_tpstd-0.001_tkl-1.0e-2_fusion-static_logit gpu=0
[done] stage=core dataset=stanford_cars shot=8 seed=1 tag=detbayesrt_epoch-80_rpstd-0.001_rkl-1.0e-4_tpstd-0.001_tkl-1.0e-3_fusion-static_logit gpu=0
[launch] stage=core dataset=stanford_cars shot=8 seed=1 tag=detbayesrt_epoch-80_rpstd-0.001_rkl-1.0e-3_tpstd-0.001_tkl-1.0e-3_fusion-static_logit gpu=0
[done] stage=core dataset=stanford_cars shot=8 seed=1 tag=detbayesrt_epoch-80_rpstd-0.001_rkl-1.0e-3_tpstd-0.1_tkl-5.0e-2_fusion-static_logit gpu=2
[launch] stage=core dataset=stanford_cars shot=16 seed=1 tag=detbayesrt_epoch-80_rpstd-0.1_rkl-1.0e-5_tpstd-0.1_tkl-5.0e-2_fusion-static_logit gpu=2
[done] stage=core dataset=stanford_cars shot=8 seed=1 tag=detbayesrt_epoch-80_rpstd-0.001_rkl-1.0e-3_tpstd-0.1_tkl-1.0e-2_fusion-static_logit gpu=1
[launch] stage=core dataset=stanford_cars shot=16 seed=1 tag=detbayesrt_epoch-80_rpstd-0.1_rkl-1.0e-5_tpstd-0.1_tkl-1.0e-2_fusion-static_logit gpu=1
[done] stage=core dataset=stanford_cars shot=8 seed=1 tag=detbayesrt_epoch-80_rpstd-0.001_rkl-1.0e-3_tpstd-0.1_tkl-1.0e-3_fusion-static_logit gpu=2
[launch] stage=core dataset=stanford_cars shot=16 seed=1 tag=detbayesrt_epoch-80_rpstd-0.1_rkl-1.0e-5_tpstd-0.1_tkl-1.0e-3_fusion-static_logit gpu=2
[done] stage=core dataset=stanford_cars shot=8 seed=1 tag=detbayesrt_epoch-80_rpstd-0.001_rkl-1.0e-3_tpstd-0.01_tkl-5.0e-2_fusion-static_logit gpu=1
[launch] stage=core dataset=stanford_cars shot=16 seed=1 tag=detbayesrt_epoch-80_rpstd-0.1_rkl-1.0e-5_tpstd-0.01_tkl-5.0e-2_fusion-static_logit gpu=1
[done] stage=core dataset=stanford_cars shot=8 seed=1 tag=detbayesrt_epoch-80_rpstd-0.001_rkl-1.0e-3_tpstd-0.01_tkl-1.0e-2_fusion-static_logit gpu=1
[launch] stage=core dataset=stanford_cars shot=16 seed=1 tag=detbayesrt_epoch-80_rpstd-0.1_rkl-1.0e-5_tpstd-0.01_tkl-1.0e-2_fusion-static_logit gpu=1
[done] stage=core dataset=stanford_cars shot=8 seed=1 tag=detbayesrt_epoch-80_rpstd-0.001_rkl-1.0e-3_tpstd-0.01_tkl-1.0e-3_fusion-static_logit gpu=2
[launch] stage=core dataset=stanford_cars shot=16 seed=1 tag=detbayesrt_epoch-80_rpstd-0.1_rkl-1.0e-5_tpstd-0.01_tkl-1.0e-3_fusion-static_logit gpu=2
[done] stage=core dataset=stanford_cars shot=8 seed=1 tag=detbayesrt_epoch-80_rpstd-0.001_rkl-1.0e-3_tpstd-0.001_tkl-5.0e-2_fusion-static_logit gpu=0
[launch] stage=core dataset=stanford_cars shot=16 seed=1 tag=detbayesrt_epoch-80_rpstd-0.1_rkl-1.0e-5_tpstd-0.001_tkl-5.0e-2_fusion-static_logit gpu=0
[done] stage=core dataset=stanford_cars shot=8 seed=1 tag=detbayesrt_epoch-80_rpstd-0.001_rkl-1.0e-3_tpstd-0.001_tkl-1.0e-2_fusion-static_logit gpu=0
[launch] stage=core dataset=stanford_cars shot=16 seed=1 tag=detbayesrt_epoch-80_rpstd-0.1_rkl-1.0e-5_tpstd-0.001_tkl-1.0e-2_fusion-static_logit gpu=0
[done] stage=core dataset=stanford_cars shot=8 seed=1 tag=detbayesrt_epoch-80_rpstd-0.001_rkl-1.0e-3_tpstd-0.001_tkl-1.0e-3_fusion-static_logit gpu=0
[launch] stage=core dataset=stanford_cars shot=16 seed=1 tag=detbayesrt_epoch-80_rpstd-0.1_rkl-1.0e-5_tpstd-0.001_tkl-1.0e-3_fusion-static_logit gpu=0
[done] stage=core dataset=stanford_cars shot=16 seed=1 tag=detbayesrt_epoch-80_rpstd-0.1_rkl-1.0e-5_tpstd-0.1_tkl-5.0e-2_fusion-static_logit gpu=2
[launch] stage=core dataset=stanford_cars shot=16 seed=1 tag=detbayesrt_epoch-80_rpstd-0.1_rkl-1.0e-4_tpstd-0.1_tkl-5.0e-2_fusion-static_logit gpu=2
[done] stage=core dataset=stanford_cars shot=16 seed=1 tag=detbayesrt_epoch-80_rpstd-0.1_rkl-1.0e-5_tpstd-0.1_tkl-1.0e-2_fusion-static_logit gpu=1
[launch] stage=core dataset=stanford_cars shot=16 seed=1 tag=detbayesrt_epoch-80_rpstd-0.1_rkl-1.0e-4_tpstd-0.1_tkl-1.0e-2_fusion-static_logit gpu=1
[done] stage=core dataset=stanford_cars shot=16 seed=1 tag=detbayesrt_epoch-80_rpstd-0.1_rkl-1.0e-5_tpstd-0.1_tkl-1.0e-3_fusion-static_logit gpu=2
[launch] stage=core dataset=stanford_cars shot=16 seed=1 tag=detbayesrt_epoch-80_rpstd-0.1_rkl-1.0e-4_tpstd-0.1_tkl-1.0e-3_fusion-static_logit gpu=2
[done] stage=core dataset=stanford_cars shot=16 seed=1 tag=detbayesrt_epoch-80_rpstd-0.1_rkl-1.0e-5_tpstd-0.01_tkl-5.0e-2_fusion-static_logit gpu=1
[launch] stage=core dataset=stanford_cars shot=16 seed=1 tag=detbayesrt_epoch-80_rpstd-0.1_rkl-1.0e-4_tpstd-0.01_tkl-5.0e-2_fusion-static_logit gpu=1
[done] stage=core dataset=stanford_cars shot=16 seed=1 tag=detbayesrt_epoch-80_rpstd-0.1_rkl-1.0e-5_tpstd-0.01_tkl-1.0e-2_fusion-static_logit gpu=1
[launch] stage=core dataset=stanford_cars shot=16 seed=1 tag=detbayesrt_epoch-80_rpstd-0.1_rkl-1.0e-4_tpstd-0.01_tkl-1.0e-2_fusion-static_logit gpu=1
[done] stage=core dataset=stanford_cars shot=16 seed=1 tag=detbayesrt_epoch-80_rpstd-0.1_rkl-1.0e-5_tpstd-0.01_tkl-1.0e-3_fusion-static_logit gpu=2
[launch] stage=core dataset=stanford_cars shot=16 seed=1 tag=detbayesrt_epoch-80_rpstd-0.1_rkl-1.0e-4_tpstd-0.01_tkl-1.0e-3_fusion-static_logit gpu=2
[done] stage=core dataset=stanford_cars shot=16 seed=1 tag=detbayesrt_epoch-80_rpstd-0.1_rkl-1.0e-5_tpstd-0.001_tkl-5.0e-2_fusion-static_logit gpu=0
[launch] stage=core dataset=stanford_cars shot=16 seed=1 tag=detbayesrt_epoch-80_rpstd-0.1_rkl-1.0e-4_tpstd-0.001_tkl-5.0e-2_fusion-static_logit gpu=0
[done] stage=core dataset=stanford_cars shot=16 seed=1 tag=detbayesrt_epoch-80_rpstd-0.1_rkl-1.0e-5_tpstd-0.001_tkl-1.0e-2_fusion-static_logit gpu=0
[launch] stage=core dataset=stanford_cars shot=16 seed=1 tag=detbayesrt_epoch-80_rpstd-0.1_rkl-1.0e-4_tpstd-0.001_tkl-1.0e-2_fusion-static_logit gpu=0
[done] stage=core dataset=stanford_cars shot=16 seed=1 tag=detbayesrt_epoch-80_rpstd-0.1_rkl-1.0e-5_tpstd-0.001_tkl-1.0e-3_fusion-static_logit gpu=0
[launch] stage=core dataset=stanford_cars shot=16 seed=1 tag=detbayesrt_epoch-80_rpstd-0.1_rkl-1.0e-4_tpstd-0.001_tkl-1.0e-3_fusion-static_logit gpu=0
[done] stage=core dataset=stanford_cars shot=16 seed=1 tag=detbayesrt_epoch-80_rpstd-0.1_rkl-1.0e-4_tpstd-0.1_tkl-5.0e-2_fusion-static_logit gpu=2
[launch] stage=core dataset=stanford_cars shot=16 seed=1 tag=detbayesrt_epoch-80_rpstd-0.1_rkl-1.0e-3_tpstd-0.1_tkl-5.0e-2_fusion-static_logit gpu=2
[done] stage=core dataset=stanford_cars shot=16 seed=1 tag=detbayesrt_epoch-80_rpstd-0.1_rkl-1.0e-4_tpstd-0.1_tkl-1.0e-2_fusion-static_logit gpu=1
[launch] stage=core dataset=stanford_cars shot=16 seed=1 tag=detbayesrt_epoch-80_rpstd-0.1_rkl-1.0e-3_tpstd-0.1_tkl-1.0e-2_fusion-static_logit gpu=1
[done] stage=core dataset=stanford_cars shot=16 seed=1 tag=detbayesrt_epoch-80_rpstd-0.1_rkl-1.0e-4_tpstd-0.1_tkl-1.0e-3_fusion-static_logit gpu=2
[launch] stage=core dataset=stanford_cars shot=16 seed=1 tag=detbayesrt_epoch-80_rpstd-0.1_rkl-1.0e-3_tpstd-0.1_tkl-1.0e-3_fusion-static_logit gpu=2
[done] stage=core dataset=stanford_cars shot=16 seed=1 tag=detbayesrt_epoch-80_rpstd-0.1_rkl-1.0e-4_tpstd-0.01_tkl-5.0e-2_fusion-static_logit gpu=1
[launch] stage=core dataset=stanford_cars shot=16 seed=1 tag=detbayesrt_epoch-80_rpstd-0.1_rkl-1.0e-3_tpstd-0.01_tkl-5.0e-2_fusion-static_logit gpu=1
[done] stage=core dataset=stanford_cars shot=16 seed=1 tag=detbayesrt_epoch-80_rpstd-0.1_rkl-1.0e-4_tpstd-0.01_tkl-1.0e-2_fusion-static_logit gpu=1
[launch] stage=core dataset=stanford_cars shot=16 seed=1 tag=detbayesrt_epoch-80_rpstd-0.1_rkl-1.0e-3_tpstd-0.01_tkl-1.0e-2_fusion-static_logit gpu=1
[done] stage=core dataset=stanford_cars shot=16 seed=1 tag=detbayesrt_epoch-80_rpstd-0.1_rkl-1.0e-4_tpstd-0.01_tkl-1.0e-3_fusion-static_logit gpu=2
[launch] stage=core dataset=stanford_cars shot=16 seed=1 tag=detbayesrt_epoch-80_rpstd-0.1_rkl-1.0e-3_tpstd-0.01_tkl-1.0e-3_fusion-static_logit gpu=2
[done] stage=core dataset=stanford_cars shot=16 seed=1 tag=detbayesrt_epoch-80_rpstd-0.1_rkl-1.0e-4_tpstd-0.001_tkl-5.0e-2_fusion-static_logit gpu=0
[launch] stage=core dataset=stanford_cars shot=16 seed=1 tag=detbayesrt_epoch-80_rpstd-0.1_rkl-1.0e-3_tpstd-0.001_tkl-5.0e-2_fusion-static_logit gpu=0
[done] stage=core dataset=stanford_cars shot=16 seed=1 tag=detbayesrt_epoch-80_rpstd-0.1_rkl-1.0e-4_tpstd-0.001_tkl-1.0e-2_fusion-static_logit gpu=0
[launch] stage=core dataset=stanford_cars shot=16 seed=1 tag=detbayesrt_epoch-80_rpstd-0.1_rkl-1.0e-3_tpstd-0.001_tkl-1.0e-2_fusion-static_logit gpu=0
[done] stage=core dataset=stanford_cars shot=16 seed=1 tag=detbayesrt_epoch-80_rpstd-0.1_rkl-1.0e-4_tpstd-0.001_tkl-1.0e-3_fusion-static_logit gpu=0
[launch] stage=core dataset=stanford_cars shot=16 seed=1 tag=detbayesrt_epoch-80_rpstd-0.1_rkl-1.0e-3_tpstd-0.001_tkl-1.0e-3_fusion-static_logit gpu=0
[done] stage=core dataset=stanford_cars shot=16 seed=1 tag=detbayesrt_epoch-80_rpstd-0.1_rkl-1.0e-3_tpstd-0.1_tkl-5.0e-2_fusion-static_logit gpu=2
[launch] stage=core dataset=stanford_cars shot=16 seed=1 tag=detbayesrt_epoch-80_rpstd-0.01_rkl-1.0e-5_tpstd-0.1_tkl-5.0e-2_fusion-static_logit gpu=2
[done] stage=core dataset=stanford_cars shot=16 seed=1 tag=detbayesrt_epoch-80_rpstd-0.1_rkl-1.0e-3_tpstd-0.1_tkl-1.0e-3_fusion-static_logit gpu=2
[launch] stage=core dataset=stanford_cars shot=16 seed=1 tag=detbayesrt_epoch-80_rpstd-0.01_rkl-1.0e-5_tpstd-0.1_tkl-1.0e-2_fusion-static_logit gpu=2
[done] stage=core dataset=stanford_cars shot=16 seed=1 tag=detbayesrt_epoch-80_rpstd-0.1_rkl-1.0e-3_tpstd-0.1_tkl-1.0e-2_fusion-static_logit gpu=1
[launch] stage=core dataset=stanford_cars shot=16 seed=1 tag=detbayesrt_epoch-80_rpstd-0.01_rkl-1.0e-5_tpstd-0.1_tkl-1.0e-3_fusion-static_logit gpu=1
[done] stage=core dataset=stanford_cars shot=16 seed=1 tag=detbayesrt_epoch-80_rpstd-0.1_rkl-1.0e-3_tpstd-0.01_tkl-5.0e-2_fusion-static_logit gpu=1
[launch] stage=core dataset=stanford_cars shot=16 seed=1 tag=detbayesrt_epoch-80_rpstd-0.01_rkl-1.0e-5_tpstd-0.01_tkl-5.0e-2_fusion-static_logit gpu=1
[done] stage=core dataset=stanford_cars shot=16 seed=1 tag=detbayesrt_epoch-80_rpstd-0.1_rkl-1.0e-3_tpstd-0.01_tkl-1.0e-3_fusion-static_logit gpu=2
[launch] stage=core dataset=stanford_cars shot=16 seed=1 tag=detbayesrt_epoch-80_rpstd-0.01_rkl-1.0e-5_tpstd-0.01_tkl-1.0e-2_fusion-static_logit gpu=2
[done] stage=core dataset=stanford_cars shot=16 seed=1 tag=detbayesrt_epoch-80_rpstd-0.1_rkl-1.0e-3_tpstd-0.01_tkl-1.0e-2_fusion-static_logit gpu=1
[launch] stage=core dataset=stanford_cars shot=16 seed=1 tag=detbayesrt_epoch-80_rpstd-0.01_rkl-1.0e-5_tpstd-0.01_tkl-1.0e-3_fusion-static_logit gpu=1
[done] stage=core dataset=stanford_cars shot=16 seed=1 tag=detbayesrt_epoch-80_rpstd-0.1_rkl-1.0e-3_tpstd-0.001_tkl-5.0e-2_fusion-static_logit gpu=0
[launch] stage=core dataset=stanford_cars shot=16 seed=1 tag=detbayesrt_epoch-80_rpstd-0.01_rkl-1.0e-5_tpstd-0.001_tkl-5.0e-2_fusion-static_logit gpu=0
[done] stage=core dataset=stanford_cars shot=16 seed=1 tag=detbayesrt_epoch-80_rpstd-0.1_rkl-1.0e-3_tpstd-0.001_tkl-1.0e-2_fusion-static_logit gpu=0
[launch] stage=core dataset=stanford_cars shot=16 seed=1 tag=detbayesrt_epoch-80_rpstd-0.01_rkl-1.0e-5_tpstd-0.001_tkl-1.0e-2_fusion-static_logit gpu=0
[done] stage=core dataset=stanford_cars shot=16 seed=1 tag=detbayesrt_epoch-80_rpstd-0.1_rkl-1.0e-3_tpstd-0.001_tkl-1.0e-3_fusion-static_logit gpu=0
[launch] stage=core dataset=stanford_cars shot=16 seed=1 tag=detbayesrt_epoch-80_rpstd-0.01_rkl-1.0e-5_tpstd-0.001_tkl-1.0e-3_fusion-static_logit gpu=0
[done] stage=core dataset=stanford_cars shot=16 seed=1 tag=detbayesrt_epoch-80_rpstd-0.01_rkl-1.0e-5_tpstd-0.1_tkl-5.0e-2_fusion-static_logit gpu=2
[launch] stage=core dataset=stanford_cars shot=16 seed=1 tag=detbayesrt_epoch-80_rpstd-0.01_rkl-1.0e-4_tpstd-0.1_tkl-5.0e-2_fusion-static_logit gpu=2
[done] stage=core dataset=stanford_cars shot=16 seed=1 tag=detbayesrt_epoch-80_rpstd-0.01_rkl-1.0e-5_tpstd-0.1_tkl-1.0e-2_fusion-static_logit gpu=2
[launch] stage=core dataset=stanford_cars shot=16 seed=1 tag=detbayesrt_epoch-80_rpstd-0.01_rkl-1.0e-4_tpstd-0.1_tkl-1.0e-2_fusion-static_logit gpu=2
[done] stage=core dataset=stanford_cars shot=16 seed=1 tag=detbayesrt_epoch-80_rpstd-0.01_rkl-1.0e-5_tpstd-0.1_tkl-1.0e-3_fusion-static_logit gpu=1
[launch] stage=core dataset=stanford_cars shot=16 seed=1 tag=detbayesrt_epoch-80_rpstd-0.01_rkl-1.0e-4_tpstd-0.1_tkl-1.0e-3_fusion-static_logit gpu=1
[done] stage=core dataset=stanford_cars shot=16 seed=1 tag=detbayesrt_epoch-80_rpstd-0.01_rkl-1.0e-5_tpstd-0.01_tkl-5.0e-2_fusion-static_logit gpu=1
[launch] stage=core dataset=stanford_cars shot=16 seed=1 tag=detbayesrt_epoch-80_rpstd-0.01_rkl-1.0e-4_tpstd-0.01_tkl-5.0e-2_fusion-static_logit gpu=1
[done] stage=core dataset=stanford_cars shot=16 seed=1 tag=detbayesrt_epoch-80_rpstd-0.01_rkl-1.0e-5_tpstd-0.01_tkl-1.0e-3_fusion-static_logit gpu=1
[launch] stage=core dataset=stanford_cars shot=16 seed=1 tag=detbayesrt_epoch-80_rpstd-0.01_rkl-1.0e-4_tpstd-0.01_tkl-1.0e-2_fusion-static_logit gpu=1
[done] stage=core dataset=stanford_cars shot=16 seed=1 tag=detbayesrt_epoch-80_rpstd-0.01_rkl-1.0e-5_tpstd-0.01_tkl-1.0e-2_fusion-static_logit gpu=2
[launch] stage=core dataset=stanford_cars shot=16 seed=1 tag=detbayesrt_epoch-80_rpstd-0.01_rkl-1.0e-4_tpstd-0.01_tkl-1.0e-3_fusion-static_logit gpu=2
[done] stage=core dataset=stanford_cars shot=16 seed=1 tag=detbayesrt_epoch-80_rpstd-0.01_rkl-1.0e-5_tpstd-0.001_tkl-5.0e-2_fusion-static_logit gpu=0
[launch] stage=core dataset=stanford_cars shot=16 seed=1 tag=detbayesrt_epoch-80_rpstd-0.01_rkl-1.0e-4_tpstd-0.001_tkl-5.0e-2_fusion-static_logit gpu=0
[done] stage=core dataset=stanford_cars shot=16 seed=1 tag=detbayesrt_epoch-80_rpstd-0.01_rkl-1.0e-5_tpstd-0.001_tkl-1.0e-2_fusion-static_logit gpu=0
[launch] stage=core dataset=stanford_cars shot=16 seed=1 tag=detbayesrt_epoch-80_rpstd-0.01_rkl-1.0e-4_tpstd-0.001_tkl-1.0e-2_fusion-static_logit gpu=0
[done] stage=core dataset=stanford_cars shot=16 seed=1 tag=detbayesrt_epoch-80_rpstd-0.01_rkl-1.0e-5_tpstd-0.001_tkl-1.0e-3_fusion-static_logit gpu=0
[launch] stage=core dataset=stanford_cars shot=16 seed=1 tag=detbayesrt_epoch-80_rpstd-0.01_rkl-1.0e-4_tpstd-0.001_tkl-1.0e-3_fusion-static_logit gpu=0
[done] stage=core dataset=stanford_cars shot=16 seed=1 tag=detbayesrt_epoch-80_rpstd-0.01_rkl-1.0e-4_tpstd-0.1_tkl-5.0e-2_fusion-static_logit gpu=2
[launch] stage=core dataset=stanford_cars shot=16 seed=1 tag=detbayesrt_epoch-80_rpstd-0.01_rkl-1.0e-3_tpstd-0.1_tkl-5.0e-2_fusion-static_logit gpu=2
[done] stage=core dataset=stanford_cars shot=16 seed=1 tag=detbayesrt_epoch-80_rpstd-0.01_rkl-1.0e-4_tpstd-0.1_tkl-1.0e-2_fusion-static_logit gpu=2
[launch] stage=core dataset=stanford_cars shot=16 seed=1 tag=detbayesrt_epoch-80_rpstd-0.01_rkl-1.0e-3_tpstd-0.1_tkl-1.0e-2_fusion-static_logit gpu=2
[done] stage=core dataset=stanford_cars shot=16 seed=1 tag=detbayesrt_epoch-80_rpstd-0.01_rkl-1.0e-4_tpstd-0.1_tkl-1.0e-3_fusion-static_logit gpu=1
[launch] stage=core dataset=stanford_cars shot=16 seed=1 tag=detbayesrt_epoch-80_rpstd-0.01_rkl-1.0e-3_tpstd-0.1_tkl-1.0e-3_fusion-static_logit gpu=1
[done] stage=core dataset=stanford_cars shot=16 seed=1 tag=detbayesrt_epoch-80_rpstd-0.01_rkl-1.0e-4_tpstd-0.01_tkl-5.0e-2_fusion-static_logit gpu=1
[launch] stage=core dataset=stanford_cars shot=16 seed=1 tag=detbayesrt_epoch-80_rpstd-0.01_rkl-1.0e-3_tpstd-0.01_tkl-5.0e-2_fusion-static_logit gpu=1
[done] stage=core dataset=stanford_cars shot=16 seed=1 tag=detbayesrt_epoch-80_rpstd-0.01_rkl-1.0e-4_tpstd-0.01_tkl-1.0e-2_fusion-static_logit gpu=1
[launch] stage=core dataset=stanford_cars shot=16 seed=1 tag=detbayesrt_epoch-80_rpstd-0.01_rkl-1.0e-3_tpstd-0.01_tkl-1.0e-2_fusion-static_logit gpu=1
[done] stage=core dataset=stanford_cars shot=16 seed=1 tag=detbayesrt_epoch-80_rpstd-0.01_rkl-1.0e-4_tpstd-0.01_tkl-1.0e-3_fusion-static_logit gpu=2
[launch] stage=core dataset=stanford_cars shot=16 seed=1 tag=detbayesrt_epoch-80_rpstd-0.01_rkl-1.0e-3_tpstd-0.01_tkl-1.0e-3_fusion-static_logit gpu=2
[done] stage=core dataset=stanford_cars shot=16 seed=1 tag=detbayesrt_epoch-80_rpstd-0.01_rkl-1.0e-4_tpstd-0.001_tkl-5.0e-2_fusion-static_logit gpu=0
[launch] stage=core dataset=stanford_cars shot=16 seed=1 tag=detbayesrt_epoch-80_rpstd-0.01_rkl-1.0e-3_tpstd-0.001_tkl-5.0e-2_fusion-static_logit gpu=0
[done] stage=core dataset=stanford_cars shot=16 seed=1 tag=detbayesrt_epoch-80_rpstd-0.01_rkl-1.0e-4_tpstd-0.001_tkl-1.0e-2_fusion-static_logit gpu=0
[launch] stage=core dataset=stanford_cars shot=16 seed=1 tag=detbayesrt_epoch-80_rpstd-0.01_rkl-1.0e-3_tpstd-0.001_tkl-1.0e-2_fusion-static_logit gpu=0
[done] stage=core dataset=stanford_cars shot=16 seed=1 tag=detbayesrt_epoch-80_rpstd-0.01_rkl-1.0e-4_tpstd-0.001_tkl-1.0e-3_fusion-static_logit gpu=0
[launch] stage=core dataset=stanford_cars shot=16 seed=1 tag=detbayesrt_epoch-80_rpstd-0.01_rkl-1.0e-3_tpstd-0.001_tkl-1.0e-3_fusion-static_logit gpu=0
[done] stage=core dataset=stanford_cars shot=16 seed=1 tag=detbayesrt_epoch-80_rpstd-0.01_rkl-1.0e-3_tpstd-0.1_tkl-5.0e-2_fusion-static_logit gpu=2
[launch] stage=core dataset=stanford_cars shot=16 seed=1 tag=detbayesrt_epoch-80_rpstd-0.001_rkl-1.0e-5_tpstd-0.1_tkl-5.0e-2_fusion-static_logit gpu=2
[done] stage=core dataset=stanford_cars shot=16 seed=1 tag=detbayesrt_epoch-80_rpstd-0.01_rkl-1.0e-3_tpstd-0.1_tkl-1.0e-2_fusion-static_logit gpu=2
[launch] stage=core dataset=stanford_cars shot=16 seed=1 tag=detbayesrt_epoch-80_rpstd-0.001_rkl-1.0e-5_tpstd-0.1_tkl-1.0e-2_fusion-static_logit gpu=2
[done] stage=core dataset=stanford_cars shot=16 seed=1 tag=detbayesrt_epoch-80_rpstd-0.01_rkl-1.0e-3_tpstd-0.1_tkl-1.0e-3_fusion-static_logit gpu=1
[launch] stage=core dataset=stanford_cars shot=16 seed=1 tag=detbayesrt_epoch-80_rpstd-0.001_rkl-1.0e-5_tpstd-0.1_tkl-1.0e-3_fusion-static_logit gpu=1
[done] stage=core dataset=stanford_cars shot=16 seed=1 tag=detbayesrt_epoch-80_rpstd-0.01_rkl-1.0e-3_tpstd-0.01_tkl-5.0e-2_fusion-static_logit gpu=1
[launch] stage=core dataset=stanford_cars shot=16 seed=1 tag=detbayesrt_epoch-80_rpstd-0.001_rkl-1.0e-5_tpstd-0.01_tkl-5.0e-2_fusion-static_logit gpu=1
[done] stage=core dataset=stanford_cars shot=16 seed=1 tag=detbayesrt_epoch-80_rpstd-0.01_rkl-1.0e-3_tpstd-0.01_tkl-1.0e-3_fusion-static_logit gpu=2
[launch] stage=core dataset=stanford_cars shot=16 seed=1 tag=detbayesrt_epoch-80_rpstd-0.001_rkl-1.0e-5_tpstd-0.01_tkl-1.0e-2_fusion-static_logit gpu=2
[done] stage=core dataset=stanford_cars shot=16 seed=1 tag=detbayesrt_epoch-80_rpstd-0.01_rkl-1.0e-3_tpstd-0.01_tkl-1.0e-2_fusion-static_logit gpu=1
[launch] stage=core dataset=stanford_cars shot=16 seed=1 tag=detbayesrt_epoch-80_rpstd-0.001_rkl-1.0e-5_tpstd-0.01_tkl-1.0e-3_fusion-static_logit gpu=1
[done] stage=core dataset=stanford_cars shot=16 seed=1 tag=detbayesrt_epoch-80_rpstd-0.01_rkl-1.0e-3_tpstd-0.001_tkl-1.0e-2_fusion-static_logit gpu=0
[done] stage=core dataset=stanford_cars shot=16 seed=1 tag=detbayesrt_epoch-80_rpstd-0.01_rkl-1.0e-3_tpstd-0.001_tkl-5.0e-2_fusion-static_logit gpu=0
[launch] stage=core dataset=stanford_cars shot=16 seed=1 tag=detbayesrt_epoch-80_rpstd-0.001_rkl-1.0e-5_tpstd-0.001_tkl-5.0e-2_fusion-static_logit gpu=0
[launch] stage=core dataset=stanford_cars shot=16 seed=1 tag=detbayesrt_epoch-80_rpstd-0.001_rkl-1.0e-5_tpstd-0.001_tkl-1.0e-2_fusion-static_logit gpu=0
[done] stage=core dataset=stanford_cars shot=16 seed=1 tag=detbayesrt_epoch-80_rpstd-0.01_rkl-1.0e-3_tpstd-0.001_tkl-1.0e-3_fusion-static_logit gpu=0
[launch] stage=core dataset=stanford_cars shot=16 seed=1 tag=detbayesrt_epoch-80_rpstd-0.001_rkl-1.0e-5_tpstd-0.001_tkl-1.0e-3_fusion-static_logit gpu=0
[done] stage=core dataset=stanford_cars shot=16 seed=1 tag=detbayesrt_epoch-80_rpstd-0.001_rkl-1.0e-5_tpstd-0.1_tkl-5.0e-2_fusion-static_logit gpu=2
[launch] stage=core dataset=stanford_cars shot=16 seed=1 tag=detbayesrt_epoch-80_rpstd-0.001_rkl-1.0e-4_tpstd-0.1_tkl-5.0e-2_fusion-static_logit gpu=2
[done] stage=core dataset=stanford_cars shot=16 seed=1 tag=detbayesrt_epoch-80_rpstd-0.001_rkl-1.0e-5_tpstd-0.1_tkl-1.0e-2_fusion-static_logit gpu=2
[launch] stage=core dataset=stanford_cars shot=16 seed=1 tag=detbayesrt_epoch-80_rpstd-0.001_rkl-1.0e-4_tpstd-0.1_tkl-1.0e-2_fusion-static_logit gpu=2
[done] stage=core dataset=stanford_cars shot=16 seed=1 tag=detbayesrt_epoch-80_rpstd-0.001_rkl-1.0e-5_tpstd-0.1_tkl-1.0e-3_fusion-static_logit gpu=1
[launch] stage=core dataset=stanford_cars shot=16 seed=1 tag=detbayesrt_epoch-80_rpstd-0.001_rkl-1.0e-4_tpstd-0.1_tkl-1.0e-3_fusion-static_logit gpu=1
[done] stage=core dataset=stanford_cars shot=16 seed=1 tag=detbayesrt_epoch-80_rpstd-0.001_rkl-1.0e-5_tpstd-0.01_tkl-5.0e-2_fusion-static_logit gpu=1
[launch] stage=core dataset=stanford_cars shot=16 seed=1 tag=detbayesrt_epoch-80_rpstd-0.001_rkl-1.0e-4_tpstd-0.01_tkl-5.0e-2_fusion-static_logit gpu=1
[done] stage=core dataset=stanford_cars shot=16 seed=1 tag=detbayesrt_epoch-80_rpstd-0.001_rkl-1.0e-5_tpstd-0.01_tkl-1.0e-2_fusion-static_logit gpu=2
[launch] stage=core dataset=stanford_cars shot=16 seed=1 tag=detbayesrt_epoch-80_rpstd-0.001_rkl-1.0e-4_tpstd-0.01_tkl-1.0e-2_fusion-static_logit gpu=2
[done] stage=core dataset=stanford_cars shot=16 seed=1 tag=detbayesrt_epoch-80_rpstd-0.001_rkl-1.0e-5_tpstd-0.01_tkl-1.0e-3_fusion-static_logit gpu=1
[launch] stage=core dataset=stanford_cars shot=16 seed=1 tag=detbayesrt_epoch-80_rpstd-0.001_rkl-1.0e-4_tpstd-0.01_tkl-1.0e-3_fusion-static_logit gpu=1
[done] stage=core dataset=stanford_cars shot=16 seed=1 tag=detbayesrt_epoch-80_rpstd-0.001_rkl-1.0e-5_tpstd-0.001_tkl-5.0e-2_fusion-static_logit gpu=0
[launch] stage=core dataset=stanford_cars shot=16 seed=1 tag=detbayesrt_epoch-80_rpstd-0.001_rkl-1.0e-4_tpstd-0.001_tkl-5.0e-2_fusion-static_logit gpu=0
[done] stage=core dataset=stanford_cars shot=16 seed=1 tag=detbayesrt_epoch-80_rpstd-0.001_rkl-1.0e-5_tpstd-0.001_tkl-1.0e-2_fusion-static_logit gpu=0
[launch] stage=core dataset=stanford_cars shot=16 seed=1 tag=detbayesrt_epoch-80_rpstd-0.001_rkl-1.0e-4_tpstd-0.001_tkl-1.0e-2_fusion-static_logit gpu=0
[done] stage=core dataset=stanford_cars shot=16 seed=1 tag=detbayesrt_epoch-80_rpstd-0.001_rkl-1.0e-5_tpstd-0.001_tkl-1.0e-3_fusion-static_logit gpu=0
[launch] stage=core dataset=stanford_cars shot=16 seed=1 tag=detbayesrt_epoch-80_rpstd-0.001_rkl-1.0e-4_tpstd-0.001_tkl-1.0e-3_fusion-static_logit gpu=0
[done] stage=core dataset=stanford_cars shot=16 seed=1 tag=detbayesrt_epoch-80_rpstd-0.001_rkl-1.0e-4_tpstd-0.1_tkl-5.0e-2_fusion-static_logit gpu=2
[launch] stage=core dataset=stanford_cars shot=16 seed=1 tag=detbayesrt_epoch-80_rpstd-0.001_rkl-1.0e-3_tpstd-0.1_tkl-5.0e-2_fusion-static_logit gpu=2
[done] stage=core dataset=stanford_cars shot=16 seed=1 tag=detbayesrt_epoch-80_rpstd-0.001_rkl-1.0e-4_tpstd-0.1_tkl-1.0e-2_fusion-static_logit gpu=2
[launch] stage=core dataset=stanford_cars shot=16 seed=1 tag=detbayesrt_epoch-80_rpstd-0.001_rkl-1.0e-3_tpstd-0.1_tkl-1.0e-2_fusion-static_logit gpu=2
[done] stage=core dataset=stanford_cars shot=16 seed=1 tag=detbayesrt_epoch-80_rpstd-0.001_rkl-1.0e-4_tpstd-0.1_tkl-1.0e-3_fusion-static_logit gpu=1
[launch] stage=core dataset=stanford_cars shot=16 seed=1 tag=detbayesrt_epoch-80_rpstd-0.001_rkl-1.0e-3_tpstd-0.1_tkl-1.0e-3_fusion-static_logit gpu=1
[done] stage=core dataset=stanford_cars shot=16 seed=1 tag=detbayesrt_epoch-80_rpstd-0.001_rkl-1.0e-4_tpstd-0.01_tkl-5.0e-2_fusion-static_logit gpu=1
[launch] stage=core dataset=stanford_cars shot=16 seed=1 tag=detbayesrt_epoch-80_rpstd-0.001_rkl-1.0e-3_tpstd-0.01_tkl-5.0e-2_fusion-static_logit gpu=1
[done] stage=core dataset=stanford_cars shot=16 seed=1 tag=detbayesrt_epoch-80_rpstd-0.001_rkl-1.0e-4_tpstd-0.01_tkl-1.0e-2_fusion-static_logit gpu=2
[launch] stage=core dataset=stanford_cars shot=16 seed=1 tag=detbayesrt_epoch-80_rpstd-0.001_rkl-1.0e-3_tpstd-0.01_tkl-1.0e-2_fusion-static_logit gpu=2
[done] stage=core dataset=stanford_cars shot=16 seed=1 tag=detbayesrt_epoch-80_rpstd-0.001_rkl-1.0e-4_tpstd-0.01_tkl-1.0e-3_fusion-static_logit gpu=1
[launch] stage=core dataset=stanford_cars shot=16 seed=1 tag=detbayesrt_epoch-80_rpstd-0.001_rkl-1.0e-3_tpstd-0.01_tkl-1.0e-3_fusion-static_logit gpu=1
[done] stage=core dataset=stanford_cars shot=16 seed=1 tag=detbayesrt_epoch-80_rpstd-0.001_rkl-1.0e-4_tpstd-0.001_tkl-5.0e-2_fusion-static_logit gpu=0
[launch] stage=core dataset=stanford_cars shot=16 seed=1 tag=detbayesrt_epoch-80_rpstd-0.001_rkl-1.0e-3_tpstd-0.001_tkl-5.0e-2_fusion-static_logit gpu=0
[done] stage=core dataset=stanford_cars shot=16 seed=1 tag=detbayesrt_epoch-80_rpstd-0.001_rkl-1.0e-4_tpstd-0.001_tkl-1.0e-2_fusion-static_logit gpu=0
[launch] stage=core dataset=stanford_cars shot=16 seed=1 tag=detbayesrt_epoch-80_rpstd-0.001_rkl-1.0e-3_tpstd-0.001_tkl-1.0e-2_fusion-static_logit gpu=0
[done] stage=core dataset=stanford_cars shot=16 seed=1 tag=detbayesrt_epoch-80_rpstd-0.001_rkl-1.0e-4_tpstd-0.001_tkl-1.0e-3_fusion-static_logit gpu=0
[launch] stage=core dataset=stanford_cars shot=16 seed=1 tag=detbayesrt_epoch-80_rpstd-0.001_rkl-1.0e-3_tpstd-0.001_tkl-1.0e-3_fusion-static_logit gpu=0
[done] stage=core dataset=stanford_cars shot=16 seed=1 tag=detbayesrt_epoch-80_rpstd-0.001_rkl-1.0e-3_tpstd-0.001_tkl-1.0e-3_fusion-static_logit gpu=0
[done] stage=core dataset=stanford_cars shot=16 seed=1 tag=detbayesrt_epoch-80_rpstd-0.001_rkl-1.0e-3_tpstd-0.001_tkl-5.0e-2_fusion-static_logit gpu=0
[done] stage=core dataset=stanford_cars shot=16 seed=1 tag=detbayesrt_epoch-80_rpstd-0.001_rkl-1.0e-3_tpstd-0.001_tkl-1.0e-2_fusion-static_logit gpu=0
[done] stage=core dataset=stanford_cars shot=16 seed=1 tag=detbayesrt_epoch-80_rpstd-0.001_rkl-1.0e-3_tpstd-0.1_tkl-1.0e-3_fusion-static_logit gpu=1
[done] stage=core dataset=stanford_cars shot=16 seed=1 tag=detbayesrt_epoch-80_rpstd-0.001_rkl-1.0e-3_tpstd-0.01_tkl-5.0e-2_fusion-static_logit gpu=1
[done] stage=core dataset=stanford_cars shot=16 seed=1 tag=detbayesrt_epoch-80_rpstd-0.001_rkl-1.0e-3_tpstd-0.01_tkl-1.0e-3_fusion-static_logit gpu=1
[done] stage=core dataset=stanford_cars shot=16 seed=1 tag=detbayesrt_epoch-80_rpstd-0.001_rkl-1.0e-3_tpstd-0.1_tkl-1.0e-2_fusion-static_logit gpu=2
[done] stage=core dataset=stanford_cars shot=16 seed=1 tag=detbayesrt_epoch-80_rpstd-0.001_rkl-1.0e-3_tpstd-0.1_tkl-5.0e-2_fusion-static_logit gpu=2
[done] stage=core dataset=stanford_cars shot=16 seed=1 tag=detbayesrt_epoch-80_rpstd-0.001_rkl-1.0e-3_tpstd-0.01_tkl-1.0e-2_fusion-static_logit gpu=2
[summary] wrote output_sweeps/det_bayesrt_two_stage_80/core_sweep_summary.csv rows=1620
[select:core] mode=complete_only_acc_window_lowest_ece best_tag=detbayesrt_epoch-80_rpstd-0.1_rkl-1.0e-5_tpstd-0.001_tkl-5.0e-2_fusion-static_logit selected_acc=74.4148 selected_ece=4.1555 best_acc=74.4664 threshold=73.6664 acc_drop=0.8000
[select:core] wrote output_sweeps/det_bayesrt_two_stage_80/core_candidates_ranked.csv
[select:core] wrote output_sweeps/det_bayesrt_two_stage_80/core_best_global.csv
[select:core] wrote output_sweeps/det_bayesrt_two_stage_80/core_best_per_dataset.csv
[select:core] wrote output_sweeps/det_bayesrt_two_stage_80/best_core_config.env
[stage3] full confirm with selected core hyperparameters
[stage3] CONFIRM_DATASETS=caltech101 dtd eurosat fgvc_aircraft stanford_cars 
[stage3] CONFIRM_SHOTS=1 2 4 8 16 32
[stage3] CONFIRM_SEEDS=1 2 3
[stage3] CONFIRM_BEST_MODE=global
[stage3] dataset=caltech101 selected_tag=detbayesrt_epoch-80_rpstd-0.1_rkl-1.0e-5_tpstd-0.001_tkl-5.0e-2_fusion-static_logit epoch=80 r_prior=0.1 r_kl=1.0e-5 t_prior=0.001 t_kl=5.0e-2 fusion=static_logit
[launch] stage=confirm dataset=caltech101 shot=1 seed=1 tag=detbayesrt_confirm_epoch-80_rpstd-0.1_rkl-1.0e-5_tpstd-0.001_tkl-5.0e-2_fusion-static_logit gpu=0
[launch] stage=confirm dataset=caltech101 shot=1 seed=2 tag=detbayesrt_confirm_epoch-80_rpstd-0.1_rkl-1.0e-5_tpstd-0.001_tkl-5.0e-2_fusion-static_logit gpu=0
[launch] stage=confirm dataset=caltech101 shot=1 seed=3 tag=detbayesrt_confirm_epoch-80_rpstd-0.1_rkl-1.0e-5_tpstd-0.001_tkl-5.0e-2_fusion-static_logit gpu=0
[launch] stage=confirm dataset=caltech101 shot=2 seed=1 tag=detbayesrt_confirm_epoch-80_rpstd-0.1_rkl-1.0e-5_tpstd-0.001_tkl-5.0e-2_fusion-static_logit gpu=1
[launch] stage=confirm dataset=caltech101 shot=2 seed=2 tag=detbayesrt_confirm_epoch-80_rpstd-0.1_rkl-1.0e-5_tpstd-0.001_tkl-5.0e-2_fusion-static_logit gpu=1
[launch] stage=confirm dataset=caltech101 shot=2 seed=3 tag=detbayesrt_confirm_epoch-80_rpstd-0.1_rkl-1.0e-5_tpstd-0.001_tkl-5.0e-2_fusion-static_logit gpu=1
[launch] stage=confirm dataset=caltech101 shot=4 seed=1 tag=detbayesrt_confirm_epoch-80_rpstd-0.1_rkl-1.0e-5_tpstd-0.001_tkl-5.0e-2_fusion-static_logit gpu=2
[launch] stage=confirm dataset=caltech101 shot=4 seed=2 tag=detbayesrt_confirm_epoch-80_rpstd-0.1_rkl-1.0e-5_tpstd-0.001_tkl-5.0e-2_fusion-static_logit gpu=2
[launch] stage=confirm dataset=caltech101 shot=4 seed=3 tag=detbayesrt_confirm_epoch-80_rpstd-0.1_rkl-1.0e-5_tpstd-0.001_tkl-5.0e-2_fusion-static_logit gpu=2
[done] stage=confirm dataset=caltech101 shot=1 seed=1 tag=detbayesrt_confirm_epoch-80_rpstd-0.1_rkl-1.0e-5_tpstd-0.001_tkl-5.0e-2_fusion-static_logit gpu=0
[done] stage=confirm dataset=caltech101 shot=1 seed=2 tag=detbayesrt_confirm_epoch-80_rpstd-0.1_rkl-1.0e-5_tpstd-0.001_tkl-5.0e-2_fusion-static_logit gpu=0
[done] stage=confirm dataset=caltech101 shot=1 seed=3 tag=detbayesrt_confirm_epoch-80_rpstd-0.1_rkl-1.0e-5_tpstd-0.001_tkl-5.0e-2_fusion-static_logit gpu=0
[launch] stage=confirm dataset=caltech101 shot=8 seed=1 tag=detbayesrt_confirm_epoch-80_rpstd-0.1_rkl-1.0e-5_tpstd-0.001_tkl-5.0e-2_fusion-static_logit gpu=0
[launch] stage=confirm dataset=caltech101 shot=8 seed=2 tag=detbayesrt_confirm_epoch-80_rpstd-0.1_rkl-1.0e-5_tpstd-0.001_tkl-5.0e-2_fusion-static_logit gpu=0
[launch] stage=confirm dataset=caltech101 shot=8 seed=3 tag=detbayesrt_confirm_epoch-80_rpstd-0.1_rkl-1.0e-5_tpstd-0.001_tkl-5.0e-2_fusion-static_logit gpu=0
[done] stage=confirm dataset=caltech101 shot=2 seed=3 tag=detbayesrt_confirm_epoch-80_rpstd-0.1_rkl-1.0e-5_tpstd-0.001_tkl-5.0e-2_fusion-static_logit gpu=1
[launch] stage=confirm dataset=caltech101 shot=16 seed=1 tag=detbayesrt_confirm_epoch-80_rpstd-0.1_rkl-1.0e-5_tpstd-0.001_tkl-5.0e-2_fusion-static_logit gpu=1
[done] stage=confirm dataset=caltech101 shot=2 seed=1 tag=detbayesrt_confirm_epoch-80_rpstd-0.1_rkl-1.0e-5_tpstd-0.001_tkl-5.0e-2_fusion-static_logit gpu=1
[done] stage=confirm dataset=caltech101 shot=2 seed=2 tag=detbayesrt_confirm_epoch-80_rpstd-0.1_rkl-1.0e-5_tpstd-0.001_tkl-5.0e-2_fusion-static_logit gpu=1
[launch] stage=confirm dataset=caltech101 shot=16 seed=2 tag=detbayesrt_confirm_epoch-80_rpstd-0.1_rkl-1.0e-5_tpstd-0.001_tkl-5.0e-2_fusion-static_logit gpu=1
[launch] stage=confirm dataset=caltech101 shot=16 seed=3 tag=detbayesrt_confirm_epoch-80_rpstd-0.1_rkl-1.0e-5_tpstd-0.001_tkl-5.0e-2_fusion-static_logit gpu=1
[done] stage=confirm dataset=caltech101 shot=4 seed=1 tag=detbayesrt_confirm_epoch-80_rpstd-0.1_rkl-1.0e-5_tpstd-0.001_tkl-5.0e-2_fusion-static_logit gpu=2
[done] stage=confirm dataset=caltech101 shot=4 seed=2 tag=detbayesrt_confirm_epoch-80_rpstd-0.1_rkl-1.0e-5_tpstd-0.001_tkl-5.0e-2_fusion-static_logit gpu=2
[done] stage=confirm dataset=caltech101 shot=4 seed=3 tag=detbayesrt_confirm_epoch-80_rpstd-0.1_rkl-1.0e-5_tpstd-0.001_tkl-5.0e-2_fusion-static_logit gpu=2
[launch] stage=confirm dataset=caltech101 shot=32 seed=1 tag=detbayesrt_confirm_epoch-80_rpstd-0.1_rkl-1.0e-5_tpstd-0.001_tkl-5.0e-2_fusion-static_logit gpu=2
[launch] stage=confirm dataset=caltech101 shot=32 seed=2 tag=detbayesrt_confirm_epoch-80_rpstd-0.1_rkl-1.0e-5_tpstd-0.001_tkl-5.0e-2_fusion-static_logit gpu=2
[launch] stage=confirm dataset=caltech101 shot=32 seed=3 tag=detbayesrt_confirm_epoch-80_rpstd-0.1_rkl-1.0e-5_tpstd-0.001_tkl-5.0e-2_fusion-static_logit gpu=2
[stage3] dataset=dtd selected_tag=detbayesrt_epoch-80_rpstd-0.1_rkl-1.0e-5_tpstd-0.001_tkl-5.0e-2_fusion-static_logit epoch=80 r_prior=0.1 r_kl=1.0e-5 t_prior=0.001 t_kl=5.0e-2 fusion=static_logit
[done] stage=confirm dataset=caltech101 shot=8 seed=1 tag=detbayesrt_confirm_epoch-80_rpstd-0.1_rkl-1.0e-5_tpstd-0.001_tkl-5.0e-2_fusion-static_logit gpu=0
[done] stage=confirm dataset=caltech101 shot=8 seed=2 tag=detbayesrt_confirm_epoch-80_rpstd-0.1_rkl-1.0e-5_tpstd-0.001_tkl-5.0e-2_fusion-static_logit gpu=0
[done] stage=confirm dataset=caltech101 shot=8 seed=3 tag=detbayesrt_confirm_epoch-80_rpstd-0.1_rkl-1.0e-5_tpstd-0.001_tkl-5.0e-2_fusion-static_logit gpu=0
[launch] stage=confirm dataset=dtd shot=1 seed=1 tag=detbayesrt_confirm_epoch-80_rpstd-0.1_rkl-1.0e-5_tpstd-0.001_tkl-5.0e-2_fusion-static_logit gpu=0
[launch] stage=confirm dataset=dtd shot=1 seed=2 tag=detbayesrt_confirm_epoch-80_rpstd-0.1_rkl-1.0e-5_tpstd-0.001_tkl-5.0e-2_fusion-static_logit gpu=0
[launch] stage=confirm dataset=dtd shot=1 seed=3 tag=detbayesrt_confirm_epoch-80_rpstd-0.1_rkl-1.0e-5_tpstd-0.001_tkl-5.0e-2_fusion-static_logit gpu=0
[done] stage=confirm dataset=dtd shot=1 seed=3 tag=detbayesrt_confirm_epoch-80_rpstd-0.1_rkl-1.0e-5_tpstd-0.001_tkl-5.0e-2_fusion-static_logit gpu=0
[launch] stage=confirm dataset=dtd shot=2 seed=1 tag=detbayesrt_confirm_epoch-80_rpstd-0.1_rkl-1.0e-5_tpstd-0.001_tkl-5.0e-2_fusion-static_logit gpu=0
[done] stage=confirm dataset=dtd shot=1 seed=1 tag=detbayesrt_confirm_epoch-80_rpstd-0.1_rkl-1.0e-5_tpstd-0.001_tkl-5.0e-2_fusion-static_logit gpu=0
[done] stage=confirm dataset=dtd shot=1 seed=2 tag=detbayesrt_confirm_epoch-80_rpstd-0.1_rkl-1.0e-5_tpstd-0.001_tkl-5.0e-2_fusion-static_logit gpu=0
[launch] stage=confirm dataset=dtd shot=2 seed=2 tag=detbayesrt_confirm_epoch-80_rpstd-0.1_rkl-1.0e-5_tpstd-0.001_tkl-5.0e-2_fusion-static_logit gpu=0
[launch] stage=confirm dataset=dtd shot=2 seed=3 tag=detbayesrt_confirm_epoch-80_rpstd-0.1_rkl-1.0e-5_tpstd-0.001_tkl-5.0e-2_fusion-static_logit gpu=0
[done] stage=confirm dataset=dtd shot=2 seed=3 tag=detbayesrt_confirm_epoch-80_rpstd-0.1_rkl-1.0e-5_tpstd-0.001_tkl-5.0e-2_fusion-static_logit gpu=0
[done] stage=confirm dataset=dtd shot=2 seed=1 tag=detbayesrt_confirm_epoch-80_rpstd-0.1_rkl-1.0e-5_tpstd-0.001_tkl-5.0e-2_fusion-static_logit gpu=0
[launch] stage=confirm dataset=dtd shot=4 seed=1 tag=detbayesrt_confirm_epoch-80_rpstd-0.1_rkl-1.0e-5_tpstd-0.001_tkl-5.0e-2_fusion-static_logit gpu=0
[launch] stage=confirm dataset=dtd shot=4 seed=2 tag=detbayesrt_confirm_epoch-80_rpstd-0.1_rkl-1.0e-5_tpstd-0.001_tkl-5.0e-2_fusion-static_logit gpu=0
[done] stage=confirm dataset=dtd shot=2 seed=2 tag=detbayesrt_confirm_epoch-80_rpstd-0.1_rkl-1.0e-5_tpstd-0.001_tkl-5.0e-2_fusion-static_logit gpu=0
[launch] stage=confirm dataset=dtd shot=4 seed=3 tag=detbayesrt_confirm_epoch-80_rpstd-0.1_rkl-1.0e-5_tpstd-0.001_tkl-5.0e-2_fusion-static_logit gpu=0
[done] stage=confirm dataset=dtd shot=4 seed=1 tag=detbayesrt_confirm_epoch-80_rpstd-0.1_rkl-1.0e-5_tpstd-0.001_tkl-5.0e-2_fusion-static_logit gpu=0
[done] stage=confirm dataset=dtd shot=4 seed=2 tag=detbayesrt_confirm_epoch-80_rpstd-0.1_rkl-1.0e-5_tpstd-0.001_tkl-5.0e-2_fusion-static_logit gpu=0
[launch] stage=confirm dataset=dtd shot=8 seed=1 tag=detbayesrt_confirm_epoch-80_rpstd-0.1_rkl-1.0e-5_tpstd-0.001_tkl-5.0e-2_fusion-static_logit gpu=0
[launch] stage=confirm dataset=dtd shot=8 seed=2 tag=detbayesrt_confirm_epoch-80_rpstd-0.1_rkl-1.0e-5_tpstd-0.001_tkl-5.0e-2_fusion-static_logit gpu=0
[done] stage=confirm dataset=dtd shot=4 seed=3 tag=detbayesrt_confirm_epoch-80_rpstd-0.1_rkl-1.0e-5_tpstd-0.001_tkl-5.0e-2_fusion-static_logit gpu=0
[launch] stage=confirm dataset=dtd shot=8 seed=3 tag=detbayesrt_confirm_epoch-80_rpstd-0.1_rkl-1.0e-5_tpstd-0.001_tkl-5.0e-2_fusion-static_logit gpu=0
[done] stage=confirm dataset=caltech101 shot=16 seed=2 tag=detbayesrt_confirm_epoch-80_rpstd-0.1_rkl-1.0e-5_tpstd-0.001_tkl-5.0e-2_fusion-static_logit gpu=1
[launch] stage=confirm dataset=dtd shot=16 seed=1 tag=detbayesrt_confirm_epoch-80_rpstd-0.1_rkl-1.0e-5_tpstd-0.001_tkl-5.0e-2_fusion-static_logit gpu=1
[done] stage=confirm dataset=caltech101 shot=16 seed=3 tag=detbayesrt_confirm_epoch-80_rpstd-0.1_rkl-1.0e-5_tpstd-0.001_tkl-5.0e-2_fusion-static_logit gpu=1
[done] stage=confirm dataset=caltech101 shot=16 seed=1 tag=detbayesrt_confirm_epoch-80_rpstd-0.1_rkl-1.0e-5_tpstd-0.001_tkl-5.0e-2_fusion-static_logit gpu=1
[launch] stage=confirm dataset=dtd shot=16 seed=2 tag=detbayesrt_confirm_epoch-80_rpstd-0.1_rkl-1.0e-5_tpstd-0.001_tkl-5.0e-2_fusion-static_logit gpu=1
[launch] stage=confirm dataset=dtd shot=16 seed=3 tag=detbayesrt_confirm_epoch-80_rpstd-0.1_rkl-1.0e-5_tpstd-0.001_tkl-5.0e-2_fusion-static_logit gpu=1
[done] stage=confirm dataset=dtd shot=8 seed=3 tag=detbayesrt_confirm_epoch-80_rpstd-0.1_rkl-1.0e-5_tpstd-0.001_tkl-5.0e-2_fusion-static_logit gpu=0
[done] stage=confirm dataset=dtd shot=8 seed=1 tag=detbayesrt_confirm_epoch-80_rpstd-0.1_rkl-1.0e-5_tpstd-0.001_tkl-5.0e-2_fusion-static_logit gpu=0
[done] stage=confirm dataset=dtd shot=8 seed=2 tag=detbayesrt_confirm_epoch-80_rpstd-0.1_rkl-1.0e-5_tpstd-0.001_tkl-5.0e-2_fusion-static_logit gpu=0
[launch] stage=confirm dataset=dtd shot=32 seed=1 tag=detbayesrt_confirm_epoch-80_rpstd-0.1_rkl-1.0e-5_tpstd-0.001_tkl-5.0e-2_fusion-static_logit gpu=0
[launch] stage=confirm dataset=dtd shot=32 seed=2 tag=detbayesrt_confirm_epoch-80_rpstd-0.1_rkl-1.0e-5_tpstd-0.001_tkl-5.0e-2_fusion-static_logit gpu=0
[launch] stage=confirm dataset=dtd shot=32 seed=3 tag=detbayesrt_confirm_epoch-80_rpstd-0.1_rkl-1.0e-5_tpstd-0.001_tkl-5.0e-2_fusion-static_logit gpu=0
[stage3] dataset=eurosat selected_tag=detbayesrt_epoch-80_rpstd-0.1_rkl-1.0e-5_tpstd-0.001_tkl-5.0e-2_fusion-static_logit epoch=80 r_prior=0.1 r_kl=1.0e-5 t_prior=0.001 t_kl=5.0e-2 fusion=static_logit
[done] stage=confirm dataset=dtd shot=16 seed=1 tag=detbayesrt_confirm_epoch-80_rpstd-0.1_rkl-1.0e-5_tpstd-0.001_tkl-5.0e-2_fusion-static_logit gpu=1
[launch] stage=confirm dataset=eurosat shot=1 seed=1 tag=detbayesrt_confirm_epoch-80_rpstd-0.1_rkl-1.0e-5_tpstd-0.001_tkl-5.0e-2_fusion-static_logit gpu=1
[done] stage=confirm dataset=dtd shot=16 seed=2 tag=detbayesrt_confirm_epoch-80_rpstd-0.1_rkl-1.0e-5_tpstd-0.001_tkl-5.0e-2_fusion-static_logit gpu=1
[done] stage=confirm dataset=dtd shot=16 seed=3 tag=detbayesrt_confirm_epoch-80_rpstd-0.1_rkl-1.0e-5_tpstd-0.001_tkl-5.0e-2_fusion-static_logit gpu=1
[launch] stage=confirm dataset=eurosat shot=1 seed=2 tag=detbayesrt_confirm_epoch-80_rpstd-0.1_rkl-1.0e-5_tpstd-0.001_tkl-5.0e-2_fusion-static_logit gpu=1
[launch] stage=confirm dataset=eurosat shot=1 seed=3 tag=detbayesrt_confirm_epoch-80_rpstd-0.1_rkl-1.0e-5_tpstd-0.001_tkl-5.0e-2_fusion-static_logit gpu=1
[done] stage=confirm dataset=eurosat shot=1 seed=1 tag=detbayesrt_confirm_epoch-80_rpstd-0.1_rkl-1.0e-5_tpstd-0.001_tkl-5.0e-2_fusion-static_logit gpu=1
[launch] stage=confirm dataset=eurosat shot=2 seed=1 tag=detbayesrt_confirm_epoch-80_rpstd-0.1_rkl-1.0e-5_tpstd-0.001_tkl-5.0e-2_fusion-static_logit gpu=1
[done] stage=confirm dataset=eurosat shot=1 seed=2 tag=detbayesrt_confirm_epoch-80_rpstd-0.1_rkl-1.0e-5_tpstd-0.001_tkl-5.0e-2_fusion-static_logit gpu=1
[launch] stage=confirm dataset=eurosat shot=2 seed=2 tag=detbayesrt_confirm_epoch-80_rpstd-0.1_rkl-1.0e-5_tpstd-0.001_tkl-5.0e-2_fusion-static_logit gpu=1
[done] stage=confirm dataset=eurosat shot=1 seed=3 tag=detbayesrt_confirm_epoch-80_rpstd-0.1_rkl-1.0e-5_tpstd-0.001_tkl-5.0e-2_fusion-static_logit gpu=1
[launch] stage=confirm dataset=eurosat shot=2 seed=3 tag=detbayesrt_confirm_epoch-80_rpstd-0.1_rkl-1.0e-5_tpstd-0.001_tkl-5.0e-2_fusion-static_logit gpu=1
[done] stage=confirm dataset=eurosat shot=2 seed=1 tag=detbayesrt_confirm_epoch-80_rpstd-0.1_rkl-1.0e-5_tpstd-0.001_tkl-5.0e-2_fusion-static_logit gpu=1
[launch] stage=confirm dataset=eurosat shot=4 seed=1 tag=detbayesrt_confirm_epoch-80_rpstd-0.1_rkl-1.0e-5_tpstd-0.001_tkl-5.0e-2_fusion-static_logit gpu=1
[done] stage=confirm dataset=eurosat shot=2 seed=2 tag=detbayesrt_confirm_epoch-80_rpstd-0.1_rkl-1.0e-5_tpstd-0.001_tkl-5.0e-2_fusion-static_logit gpu=1
[launch] stage=confirm dataset=eurosat shot=4 seed=2 tag=detbayesrt_confirm_epoch-80_rpstd-0.1_rkl-1.0e-5_tpstd-0.001_tkl-5.0e-2_fusion-static_logit gpu=1
[done] stage=confirm dataset=eurosat shot=2 seed=3 tag=detbayesrt_confirm_epoch-80_rpstd-0.1_rkl-1.0e-5_tpstd-0.001_tkl-5.0e-2_fusion-static_logit gpu=1
[launch] stage=confirm dataset=eurosat shot=4 seed=3 tag=detbayesrt_confirm_epoch-80_rpstd-0.1_rkl-1.0e-5_tpstd-0.001_tkl-5.0e-2_fusion-static_logit gpu=1
[done] stage=confirm dataset=caltech101 shot=32 seed=1 tag=detbayesrt_confirm_epoch-80_rpstd-0.1_rkl-1.0e-5_tpstd-0.001_tkl-5.0e-2_fusion-static_logit gpu=2
[launch] stage=confirm dataset=eurosat shot=8 seed=1 tag=detbayesrt_confirm_epoch-80_rpstd-0.1_rkl-1.0e-5_tpstd-0.001_tkl-5.0e-2_fusion-static_logit gpu=2
[done] stage=confirm dataset=caltech101 shot=32 seed=2 tag=detbayesrt_confirm_epoch-80_rpstd-0.1_rkl-1.0e-5_tpstd-0.001_tkl-5.0e-2_fusion-static_logit gpu=2
[done] stage=confirm dataset=caltech101 shot=32 seed=3 tag=detbayesrt_confirm_epoch-80_rpstd-0.1_rkl-1.0e-5_tpstd-0.001_tkl-5.0e-2_fusion-static_logit gpu=2
[launch] stage=confirm dataset=eurosat shot=8 seed=2 tag=detbayesrt_confirm_epoch-80_rpstd-0.1_rkl-1.0e-5_tpstd-0.001_tkl-5.0e-2_fusion-static_logit gpu=2
[launch] stage=confirm dataset=eurosat shot=8 seed=3 tag=detbayesrt_confirm_epoch-80_rpstd-0.1_rkl-1.0e-5_tpstd-0.001_tkl-5.0e-2_fusion-static_logit gpu=2
[done] stage=confirm dataset=eurosat shot=4 seed=1 tag=detbayesrt_confirm_epoch-80_rpstd-0.1_rkl-1.0e-5_tpstd-0.001_tkl-5.0e-2_fusion-static_logit gpu=1
[launch] stage=confirm dataset=eurosat shot=16 seed=1 tag=detbayesrt_confirm_epoch-80_rpstd-0.1_rkl-1.0e-5_tpstd-0.001_tkl-5.0e-2_fusion-static_logit gpu=1
[done] stage=confirm dataset=eurosat shot=4 seed=2 tag=detbayesrt_confirm_epoch-80_rpstd-0.1_rkl-1.0e-5_tpstd-0.001_tkl-5.0e-2_fusion-static_logit gpu=1
[done] stage=confirm dataset=eurosat shot=4 seed=3 tag=detbayesrt_confirm_epoch-80_rpstd-0.1_rkl-1.0e-5_tpstd-0.001_tkl-5.0e-2_fusion-static_logit gpu=1
[launch] stage=confirm dataset=eurosat shot=16 seed=2 tag=detbayesrt_confirm_epoch-80_rpstd-0.1_rkl-1.0e-5_tpstd-0.001_tkl-5.0e-2_fusion-static_logit gpu=1
[launch] stage=confirm dataset=eurosat shot=16 seed=3 tag=detbayesrt_confirm_epoch-80_rpstd-0.1_rkl-1.0e-5_tpstd-0.001_tkl-5.0e-2_fusion-static_logit gpu=1
[done] stage=confirm dataset=eurosat shot=8 seed=1 tag=detbayesrt_confirm_epoch-80_rpstd-0.1_rkl-1.0e-5_tpstd-0.001_tkl-5.0e-2_fusion-static_logit gpu=2
[launch] stage=confirm dataset=eurosat shot=32 seed=1 tag=detbayesrt_confirm_epoch-80_rpstd-0.1_rkl-1.0e-5_tpstd-0.001_tkl-5.0e-2_fusion-static_logit gpu=2
[done] stage=confirm dataset=eurosat shot=8 seed=2 tag=detbayesrt_confirm_epoch-80_rpstd-0.1_rkl-1.0e-5_tpstd-0.001_tkl-5.0e-2_fusion-static_logit gpu=2
[done] stage=confirm dataset=eurosat shot=8 seed=3 tag=detbayesrt_confirm_epoch-80_rpstd-0.1_rkl-1.0e-5_tpstd-0.001_tkl-5.0e-2_fusion-static_logit gpu=2
[launch] stage=confirm dataset=eurosat shot=32 seed=2 tag=detbayesrt_confirm_epoch-80_rpstd-0.1_rkl-1.0e-5_tpstd-0.001_tkl-5.0e-2_fusion-static_logit gpu=2
[launch] stage=confirm dataset=eurosat shot=32 seed=3 tag=detbayesrt_confirm_epoch-80_rpstd-0.1_rkl-1.0e-5_tpstd-0.001_tkl-5.0e-2_fusion-static_logit gpu=2
[stage3] dataset=fgvc_aircraft selected_tag=detbayesrt_epoch-80_rpstd-0.1_rkl-1.0e-5_tpstd-0.001_tkl-5.0e-2_fusion-static_logit epoch=80 r_prior=0.1 r_kl=1.0e-5 t_prior=0.001 t_kl=5.0e-2 fusion=static_logit
[done] stage=confirm dataset=dtd shot=32 seed=2 tag=detbayesrt_confirm_epoch-80_rpstd-0.1_rkl-1.0e-5_tpstd-0.001_tkl-5.0e-2_fusion-static_logit gpu=0
[launch] stage=confirm dataset=fgvc_aircraft shot=1 seed=1 tag=detbayesrt_confirm_epoch-80_rpstd-0.1_rkl-1.0e-5_tpstd-0.001_tkl-5.0e-2_fusion-static_logit gpu=0
[done] stage=confirm dataset=dtd shot=32 seed=1 tag=detbayesrt_confirm_epoch-80_rpstd-0.1_rkl-1.0e-5_tpstd-0.001_tkl-5.0e-2_fusion-static_logit gpu=0
[launch] stage=confirm dataset=fgvc_aircraft shot=1 seed=2 tag=detbayesrt_confirm_epoch-80_rpstd-0.1_rkl-1.0e-5_tpstd-0.001_tkl-5.0e-2_fusion-static_logit gpu=0
[done] stage=confirm dataset=dtd shot=32 seed=3 tag=detbayesrt_confirm_epoch-80_rpstd-0.1_rkl-1.0e-5_tpstd-0.001_tkl-5.0e-2_fusion-static_logit gpu=0
[launch] stage=confirm dataset=fgvc_aircraft shot=1 seed=3 tag=detbayesrt_confirm_epoch-80_rpstd-0.1_rkl-1.0e-5_tpstd-0.001_tkl-5.0e-2_fusion-static_logit gpu=0
[done] stage=confirm dataset=eurosat shot=16 seed=1 tag=detbayesrt_confirm_epoch-80_rpstd-0.1_rkl-1.0e-5_tpstd-0.001_tkl-5.0e-2_fusion-static_logit gpu=1
[launch] stage=confirm dataset=fgvc_aircraft shot=2 seed=1 tag=detbayesrt_confirm_epoch-80_rpstd-0.1_rkl-1.0e-5_tpstd-0.001_tkl-5.0e-2_fusion-static_logit gpu=1
[done] stage=confirm dataset=eurosat shot=16 seed=2 tag=detbayesrt_confirm_epoch-80_rpstd-0.1_rkl-1.0e-5_tpstd-0.001_tkl-5.0e-2_fusion-static_logit gpu=1
[done] stage=confirm dataset=eurosat shot=16 seed=3 tag=detbayesrt_confirm_epoch-80_rpstd-0.1_rkl-1.0e-5_tpstd-0.001_tkl-5.0e-2_fusion-static_logit gpu=1
[launch] stage=confirm dataset=fgvc_aircraft shot=2 seed=2 tag=detbayesrt_confirm_epoch-80_rpstd-0.1_rkl-1.0e-5_tpstd-0.001_tkl-5.0e-2_fusion-static_logit gpu=1
[launch] stage=confirm dataset=fgvc_aircraft shot=2 seed=3 tag=detbayesrt_confirm_epoch-80_rpstd-0.1_rkl-1.0e-5_tpstd-0.001_tkl-5.0e-2_fusion-static_logit gpu=1
[done] stage=confirm dataset=eurosat shot=32 seed=1 tag=detbayesrt_confirm_epoch-80_rpstd-0.1_rkl-1.0e-5_tpstd-0.001_tkl-5.0e-2_fusion-static_logit gpu=2
[launch] stage=confirm dataset=fgvc_aircraft shot=4 seed=1 tag=detbayesrt_confirm_epoch-80_rpstd-0.1_rkl-1.0e-5_tpstd-0.001_tkl-5.0e-2_fusion-static_logit gpu=2
[done] stage=confirm dataset=eurosat shot=32 seed=2 tag=detbayesrt_confirm_epoch-80_rpstd-0.1_rkl-1.0e-5_tpstd-0.001_tkl-5.0e-2_fusion-static_logit gpu=2
[done] stage=confirm dataset=eurosat shot=32 seed=3 tag=detbayesrt_confirm_epoch-80_rpstd-0.1_rkl-1.0e-5_tpstd-0.001_tkl-5.0e-2_fusion-static_logit gpu=2
[launch] stage=confirm dataset=fgvc_aircraft shot=4 seed=2 tag=detbayesrt_confirm_epoch-80_rpstd-0.1_rkl-1.0e-5_tpstd-0.001_tkl-5.0e-2_fusion-static_logit gpu=2
[launch] stage=confirm dataset=fgvc_aircraft shot=4 seed=3 tag=detbayesrt_confirm_epoch-80_rpstd-0.1_rkl-1.0e-5_tpstd-0.001_tkl-5.0e-2_fusion-static_logit gpu=2
[done] stage=confirm dataset=fgvc_aircraft shot=1 seed=2 tag=detbayesrt_confirm_epoch-80_rpstd-0.1_rkl-1.0e-5_tpstd-0.001_tkl-5.0e-2_fusion-static_logit gpu=0
[done] stage=confirm dataset=fgvc_aircraft shot=1 seed=1 tag=detbayesrt_confirm_epoch-80_rpstd-0.1_rkl-1.0e-5_tpstd-0.001_tkl-5.0e-2_fusion-static_logit gpu=0
[launch] stage=confirm dataset=fgvc_aircraft shot=8 seed=1 tag=detbayesrt_confirm_epoch-80_rpstd-0.1_rkl-1.0e-5_tpstd-0.001_tkl-5.0e-2_fusion-static_logit gpu=0
[launch] stage=confirm dataset=fgvc_aircraft shot=8 seed=2 tag=detbayesrt_confirm_epoch-80_rpstd-0.1_rkl-1.0e-5_tpstd-0.001_tkl-5.0e-2_fusion-static_logit gpu=0
[done] stage=confirm dataset=fgvc_aircraft shot=1 seed=3 tag=detbayesrt_confirm_epoch-80_rpstd-0.1_rkl-1.0e-5_tpstd-0.001_tkl-5.0e-2_fusion-static_logit gpu=0
[launch] stage=confirm dataset=fgvc_aircraft shot=8 seed=3 tag=detbayesrt_confirm_epoch-80_rpstd-0.1_rkl-1.0e-5_tpstd-0.001_tkl-5.0e-2_fusion-static_logit gpu=0
[done] stage=confirm dataset=fgvc_aircraft shot=2 seed=1 tag=detbayesrt_confirm_epoch-80_rpstd-0.1_rkl-1.0e-5_tpstd-0.001_tkl-5.0e-2_fusion-static_logit gpu=1
[launch] stage=confirm dataset=fgvc_aircraft shot=16 seed=1 tag=detbayesrt_confirm_epoch-80_rpstd-0.1_rkl-1.0e-5_tpstd-0.001_tkl-5.0e-2_fusion-static_logit gpu=1
[done] stage=confirm dataset=fgvc_aircraft shot=2 seed=2 tag=detbayesrt_confirm_epoch-80_rpstd-0.1_rkl-1.0e-5_tpstd-0.001_tkl-5.0e-2_fusion-static_logit gpu=1
[done] stage=confirm dataset=fgvc_aircraft shot=2 seed=3 tag=detbayesrt_confirm_epoch-80_rpstd-0.1_rkl-1.0e-5_tpstd-0.001_tkl-5.0e-2_fusion-static_logit gpu=1
[launch] stage=confirm dataset=fgvc_aircraft shot=16 seed=2 tag=detbayesrt_confirm_epoch-80_rpstd-0.1_rkl-1.0e-5_tpstd-0.001_tkl-5.0e-2_fusion-static_logit gpu=1
[launch] stage=confirm dataset=fgvc_aircraft shot=16 seed=3 tag=detbayesrt_confirm_epoch-80_rpstd-0.1_rkl-1.0e-5_tpstd-0.001_tkl-5.0e-2_fusion-static_logit gpu=1
[done] stage=confirm dataset=fgvc_aircraft shot=4 seed=1 tag=detbayesrt_confirm_epoch-80_rpstd-0.1_rkl-1.0e-5_tpstd-0.001_tkl-5.0e-2_fusion-static_logit gpu=2
[launch] stage=confirm dataset=fgvc_aircraft shot=32 seed=1 tag=detbayesrt_confirm_epoch-80_rpstd-0.1_rkl-1.0e-5_tpstd-0.001_tkl-5.0e-2_fusion-static_logit gpu=2
[done] stage=confirm dataset=fgvc_aircraft shot=4 seed=3 tag=detbayesrt_confirm_epoch-80_rpstd-0.1_rkl-1.0e-5_tpstd-0.001_tkl-5.0e-2_fusion-static_logit gpu=2
[launch] stage=confirm dataset=fgvc_aircraft shot=32 seed=2 tag=detbayesrt_confirm_epoch-80_rpstd-0.1_rkl-1.0e-5_tpstd-0.001_tkl-5.0e-2_fusion-static_logit gpu=2
[done] stage=confirm dataset=fgvc_aircraft shot=4 seed=2 tag=detbayesrt_confirm_epoch-80_rpstd-0.1_rkl-1.0e-5_tpstd-0.001_tkl-5.0e-2_fusion-static_logit gpu=2
[launch] stage=confirm dataset=fgvc_aircraft shot=32 seed=3 tag=detbayesrt_confirm_epoch-80_rpstd-0.1_rkl-1.0e-5_tpstd-0.001_tkl-5.0e-2_fusion-static_logit gpu=2
[stage3] dataset=stanford_cars selected_tag=detbayesrt_epoch-80_rpstd-0.1_rkl-1.0e-5_tpstd-0.001_tkl-5.0e-2_fusion-static_logit epoch=80 r_prior=0.1 r_kl=1.0e-5 t_prior=0.001 t_kl=5.0e-2 fusion=static_logit
[done] stage=confirm dataset=fgvc_aircraft shot=8 seed=3 tag=detbayesrt_confirm_epoch-80_rpstd-0.1_rkl-1.0e-5_tpstd-0.001_tkl-5.0e-2_fusion-static_logit gpu=0
[launch] stage=confirm dataset=stanford_cars shot=1 seed=1 tag=detbayesrt_confirm_epoch-80_rpstd-0.1_rkl-1.0e-5_tpstd-0.001_tkl-5.0e-2_fusion-static_logit gpu=0
[done] stage=confirm dataset=fgvc_aircraft shot=8 seed=1 tag=detbayesrt_confirm_epoch-80_rpstd-0.1_rkl-1.0e-5_tpstd-0.001_tkl-5.0e-2_fusion-static_logit gpu=0
[done] stage=confirm dataset=fgvc_aircraft shot=8 seed=2 tag=detbayesrt_confirm_epoch-80_rpstd-0.1_rkl-1.0e-5_tpstd-0.001_tkl-5.0e-2_fusion-static_logit gpu=0
[launch] stage=confirm dataset=stanford_cars shot=1 seed=2 tag=detbayesrt_confirm_epoch-80_rpstd-0.1_rkl-1.0e-5_tpstd-0.001_tkl-5.0e-2_fusion-static_logit gpu=0
[launch] stage=confirm dataset=stanford_cars shot=1 seed=3 tag=detbayesrt_confirm_epoch-80_rpstd-0.1_rkl-1.0e-5_tpstd-0.001_tkl-5.0e-2_fusion-static_logit gpu=0
[done] stage=confirm dataset=stanford_cars shot=1 seed=3 tag=detbayesrt_confirm_epoch-80_rpstd-0.1_rkl-1.0e-5_tpstd-0.001_tkl-5.0e-2_fusion-static_logit gpu=0
[launch] stage=confirm dataset=stanford_cars shot=2 seed=1 tag=detbayesrt_confirm_epoch-80_rpstd-0.1_rkl-1.0e-5_tpstd-0.001_tkl-5.0e-2_fusion-static_logit gpu=0
[done] stage=confirm dataset=stanford_cars shot=1 seed=2 tag=detbayesrt_confirm_epoch-80_rpstd-0.1_rkl-1.0e-5_tpstd-0.001_tkl-5.0e-2_fusion-static_logit gpu=0
[done] stage=confirm dataset=stanford_cars shot=1 seed=1 tag=detbayesrt_confirm_epoch-80_rpstd-0.1_rkl-1.0e-5_tpstd-0.001_tkl-5.0e-2_fusion-static_logit gpu=0
[launch] stage=confirm dataset=stanford_cars shot=2 seed=2 tag=detbayesrt_confirm_epoch-80_rpstd-0.1_rkl-1.0e-5_tpstd-0.001_tkl-5.0e-2_fusion-static_logit gpu=0
[launch] stage=confirm dataset=stanford_cars shot=2 seed=3 tag=detbayesrt_confirm_epoch-80_rpstd-0.1_rkl-1.0e-5_tpstd-0.001_tkl-5.0e-2_fusion-static_logit gpu=0
[done] stage=confirm dataset=fgvc_aircraft shot=16 seed=1 tag=detbayesrt_confirm_epoch-80_rpstd-0.1_rkl-1.0e-5_tpstd-0.001_tkl-5.0e-2_fusion-static_logit gpu=1
[launch] stage=confirm dataset=stanford_cars shot=4 seed=1 tag=detbayesrt_confirm_epoch-80_rpstd-0.1_rkl-1.0e-5_tpstd-0.001_tkl-5.0e-2_fusion-static_logit gpu=1
[done] stage=confirm dataset=fgvc_aircraft shot=16 seed=2 tag=detbayesrt_confirm_epoch-80_rpstd-0.1_rkl-1.0e-5_tpstd-0.001_tkl-5.0e-2_fusion-static_logit gpu=1
[done] stage=confirm dataset=fgvc_aircraft shot=16 seed=3 tag=detbayesrt_confirm_epoch-80_rpstd-0.1_rkl-1.0e-5_tpstd-0.001_tkl-5.0e-2_fusion-static_logit gpu=1
[launch] stage=confirm dataset=stanford_cars shot=4 seed=2 tag=detbayesrt_confirm_epoch-80_rpstd-0.1_rkl-1.0e-5_tpstd-0.001_tkl-5.0e-2_fusion-static_logit gpu=1
[launch] stage=confirm dataset=stanford_cars shot=4 seed=3 tag=detbayesrt_confirm_epoch-80_rpstd-0.1_rkl-1.0e-5_tpstd-0.001_tkl-5.0e-2_fusion-static_logit gpu=1
[done] stage=confirm dataset=stanford_cars shot=2 seed=1 tag=detbayesrt_confirm_epoch-80_rpstd-0.1_rkl-1.0e-5_tpstd-0.001_tkl-5.0e-2_fusion-static_logit gpu=0
[launch] stage=confirm dataset=stanford_cars shot=8 seed=1 tag=detbayesrt_confirm_epoch-80_rpstd-0.1_rkl-1.0e-5_tpstd-0.001_tkl-5.0e-2_fusion-static_logit gpu=0
[done] stage=confirm dataset=stanford_cars shot=2 seed=3 tag=detbayesrt_confirm_epoch-80_rpstd-0.1_rkl-1.0e-5_tpstd-0.001_tkl-5.0e-2_fusion-static_logit gpu=0
[launch] stage=confirm dataset=stanford_cars shot=8 seed=2 tag=detbayesrt_confirm_epoch-80_rpstd-0.1_rkl-1.0e-5_tpstd-0.001_tkl-5.0e-2_fusion-static_logit gpu=0
[done] stage=confirm dataset=stanford_cars shot=2 seed=2 tag=detbayesrt_confirm_epoch-80_rpstd-0.1_rkl-1.0e-5_tpstd-0.001_tkl-5.0e-2_fusion-static_logit gpu=0
[launch] stage=confirm dataset=stanford_cars shot=8 seed=3 tag=detbayesrt_confirm_epoch-80_rpstd-0.1_rkl-1.0e-5_tpstd-0.001_tkl-5.0e-2_fusion-static_logit gpu=0
[done] stage=confirm dataset=stanford_cars shot=4 seed=1 tag=detbayesrt_confirm_epoch-80_rpstd-0.1_rkl-1.0e-5_tpstd-0.001_tkl-5.0e-2_fusion-static_logit gpu=1
[launch] stage=confirm dataset=stanford_cars shot=16 seed=1 tag=detbayesrt_confirm_epoch-80_rpstd-0.1_rkl-1.0e-5_tpstd-0.001_tkl-5.0e-2_fusion-static_logit gpu=1
[done] stage=confirm dataset=stanford_cars shot=4 seed=2 tag=detbayesrt_confirm_epoch-80_rpstd-0.1_rkl-1.0e-5_tpstd-0.001_tkl-5.0e-2_fusion-static_logit gpu=1
[launch] stage=confirm dataset=stanford_cars shot=16 seed=2 tag=detbayesrt_confirm_epoch-80_rpstd-0.1_rkl-1.0e-5_tpstd-0.001_tkl-5.0e-2_fusion-static_logit gpu=1
[done] stage=confirm dataset=stanford_cars shot=4 seed=3 tag=detbayesrt_confirm_epoch-80_rpstd-0.1_rkl-1.0e-5_tpstd-0.001_tkl-5.0e-2_fusion-static_logit gpu=1
[launch] stage=confirm dataset=stanford_cars shot=16 seed=3 tag=detbayesrt_confirm_epoch-80_rpstd-0.1_rkl-1.0e-5_tpstd-0.001_tkl-5.0e-2_fusion-static_logit gpu=1
[done] stage=confirm dataset=fgvc_aircraft shot=32 seed=1 tag=detbayesrt_confirm_epoch-80_rpstd-0.1_rkl-1.0e-5_tpstd-0.001_tkl-5.0e-2_fusion-static_logit gpu=2
[launch] stage=confirm dataset=stanford_cars shot=32 seed=1 tag=detbayesrt_confirm_epoch-80_rpstd-0.1_rkl-1.0e-5_tpstd-0.001_tkl-5.0e-2_fusion-static_logit gpu=2
[done] stage=confirm dataset=fgvc_aircraft shot=32 seed=3 tag=detbayesrt_confirm_epoch-80_rpstd-0.1_rkl-1.0e-5_tpstd-0.001_tkl-5.0e-2_fusion-static_logit gpu=2
[launch] stage=confirm dataset=stanford_cars shot=32 seed=2 tag=detbayesrt_confirm_epoch-80_rpstd-0.1_rkl-1.0e-5_tpstd-0.001_tkl-5.0e-2_fusion-static_logit gpu=2
[done] stage=confirm dataset=fgvc_aircraft shot=32 seed=2 tag=detbayesrt_confirm_epoch-80_rpstd-0.1_rkl-1.0e-5_tpstd-0.001_tkl-5.0e-2_fusion-static_logit gpu=2
[launch] stage=confirm dataset=stanford_cars shot=32 seed=3 tag=detbayesrt_confirm_epoch-80_rpstd-0.1_rkl-1.0e-5_tpstd-0.001_tkl-5.0e-2_fusion-static_logit gpu=2
[done] stage=confirm dataset=stanford_cars shot=8 seed=3 tag=detbayesrt_confirm_epoch-80_rpstd-0.1_rkl-1.0e-5_tpstd-0.001_tkl-5.0e-2_fusion-static_logit gpu=0
[done] stage=confirm dataset=stanford_cars shot=8 seed=1 tag=detbayesrt_confirm_epoch-80_rpstd-0.1_rkl-1.0e-5_tpstd-0.001_tkl-5.0e-2_fusion-static_logit gpu=0
[done] stage=confirm dataset=stanford_cars shot=8 seed=2 tag=detbayesrt_confirm_epoch-80_rpstd-0.1_rkl-1.0e-5_tpstd-0.001_tkl-5.0e-2_fusion-static_logit gpu=0
[done] stage=confirm dataset=stanford_cars shot=16 seed=1 tag=detbayesrt_confirm_epoch-80_rpstd-0.1_rkl-1.0e-5_tpstd-0.001_tkl-5.0e-2_fusion-static_logit gpu=1
[done] stage=confirm dataset=stanford_cars shot=16 seed=2 tag=detbayesrt_confirm_epoch-80_rpstd-0.1_rkl-1.0e-5_tpstd-0.001_tkl-5.0e-2_fusion-static_logit gpu=1
[done] stage=confirm dataset=stanford_cars shot=16 seed=3 tag=detbayesrt_confirm_epoch-80_rpstd-0.1_rkl-1.0e-5_tpstd-0.001_tkl-5.0e-2_fusion-static_logit gpu=1
[done] stage=confirm dataset=stanford_cars shot=32 seed=1 tag=detbayesrt_confirm_epoch-80_rpstd-0.1_rkl-1.0e-5_tpstd-0.001_tkl-5.0e-2_fusion-static_logit gpu=2
[done] stage=confirm dataset=stanford_cars shot=32 seed=2 tag=detbayesrt_confirm_epoch-80_rpstd-0.1_rkl-1.0e-5_tpstd-0.001_tkl-5.0e-2_fusion-static_logit gpu=2
[done] stage=confirm dataset=stanford_cars shot=32 seed=3 tag=detbayesrt_confirm_epoch-80_rpstd-0.1_rkl-1.0e-5_tpstd-0.001_tkl-5.0e-2_fusion-static_logit gpu=2
[summary] wrote output_sweeps/det_bayesrt_two_stage_80/confirm_fullshot_summary.csv rows=90
[summary] wrote output_sweeps/det_bayesrt_two_stage_80/all_summary.csv rows=1730
[DONE] DetBayesRTMMRL two-stage sweep finished.
Tue Jun  2 22:15:44 CST 2026 MAX_EPOCH_LIST=80 sweep finished.
