case_root,split,num_seeds,seeds,accuracy_mean,accuracy_std,brier_mean,brier_std,ece_mean,ece_std,error_mean,error_std,macro_f1_mean,macro_f1_std,nll_mean,nll_std
.,test,3,1 2 3,97.15945720672607,0.5869672535262657,0.06715738276640575,0.015223190122236432,8.68355742504783,1.4072861037817939,2.840542793273926,0.5869672535262657,94.42277310712664,0.8815572065152006,0.17207758128643036,0.03977198250248847
