case_root,split,num_seeds,seeds,accuracy_mean,accuracy_std,brier_mean,brier_std,ece_mean,ece_std,error_mean,error_std,macro_f1_mean,macro_f1_std,nll_mean,nll_std
.,test,3,1 2 3,93.02262266476949,0.38027618675162617,0.10277407616376877,0.005611102849467693,2.4035367704850077,0.1781981569001393,6.97737733523051,0.38027618675162617,92.96842061422483,0.3641583678566658,0.2041151374578476,0.008737119545295942
