case_root,split,num_seeds,seeds,accuracy_mean,accuracy_std,brier_mean,brier_std,ece_mean,ece_std,error_mean,error_std,macro_f1_mean,macro_f1_std,nll_mean,nll_std
.,test,3,1 2 3,87.52313057581584,0.4978231396601043,0.18184070785840353,0.008043363887195887,3.365249442656625,0.6211194374314666,12.476869424184164,0.4978231396601043,86.93507577128779,0.65700472007176,0.4424064854780833,0.027277283795783425
