case_root,split,num_seeds,seeds,accuracy_mean,accuracy_std,brier_mean,brier_std,ece_mean,ece_std,error_mean,error_std,macro_f1_mean,macro_f1_std,nll_mean,nll_std
.,test,3,1 2 3,95.78238526980083,0.1326130968016656,0.0644117072224617,0.002715248256446028,1.2420015614568902,0.22710564534991423,4.217614730199178,0.1326130968016656,95.76902773376322,0.13604958110654028,0.12295943995316823,0.0037075468518858587
