case_root,split,num_seeds,seeds,accuracy_mean,accuracy_std,brier_mean,brier_std,ece_mean,ece_std,error_mean,error_std,macro_f1_mean,macro_f1_std,nll_mean,nll_std
.,test,3,1 2 3,96.71399394671123,0.28300832615230603,0.048656728118658066,0.003708011569059975,0.9386188740904384,0.1914023901873761,3.286006053288778,0.28300832615230603,95.09811976664153,0.39402272788877507,0.1009930968284607,0.004713804035476361
