case_root,split,num_seeds,seeds,accuracy_mean,accuracy_std,brier_mean,brier_std,ece_mean,ece_std,error_mean,error_std,macro_f1_mean,macro_f1_std,nll_mean,nll_std
.,test,3,1 2 3,97.05206155776978,0.2817130593065535,0.046335061391194664,0.0032759261224085696,1.1267532159381013,0.1475874970511431,2.9479384422302246,0.2817130593065535,95.55386442807006,0.4177200816214399,0.10070615510145824,0.006478093645981604
