case_root,split,num_seeds,seeds,accuracy_mean,accuracy_std,brier_mean,brier_std,ece_mean,ece_std,error_mean,error_std,macro_f1_mean,macro_f1_std,nll_mean,nll_std
.,test,3,1 2 3,99.11771019299825,0.030432834414766217,0.015034059683481852,0.00028677999441699534,0.9513670946157745,0.1347682844561376,0.8822898070017496,0.030432834414766217,98.40385894156837,0.054313201657293704,0.03106992443402608,0.001192777065165875
