case_root,split,num_seeds,seeds,accuracy_mean,accuracy_std,brier_mean,brier_std,ece_mean,ece_std,error_mean,error_std,macro_f1_mean,macro_f1_std,nll_mean,nll_std
.,test,3,1 2 3,97.05206155776978,0.3993211881193136,0.04448491707444191,0.0044299688229446025,0.9425186367354093,0.2568776657331976,2.9479384422302246,0.3993211881193136,95.54601933415412,0.5705723737393295,0.09156412879625957,0.0047789928968025586
