case_root,split,num_seeds,seeds,accuracy_mean,accuracy_std,brier_mean,brier_std,ece_mean,ece_std,error_mean,error_std,macro_f1_mean,macro_f1_std,nll_mean,nll_std
.,test,3,1 2 3,92.79549320538838,0.3932949218900117,0.10644990702470143,0.0048524168677464025,0.981677437501176,0.2286239776060281,7.204506794611613,0.3932949218900117,92.7157471166713,0.4047039312410096,0.21032473941644034,0.008575947170335867
