case_root,split,num_seeds,seeds,accuracy_mean,accuracy_std,brier_mean,brier_std,ece_mean,ece_std,error_mean,error_std,macro_f1_mean,macro_f1_std,nll_mean,nll_std
.,test,3,1 2 3,78.0861755212148,0.8769857382564372,0.30257923404375714,0.012723430978420497,3.255778024000516,0.5465398118225488,21.913824478785198,0.8769857382564372,76.80138611274494,0.9241786852062233,0.7521666685740153,0.0313094980480826
