case_root,split,num_seeds,seeds,accuracy_mean,accuracy_std,brier_mean,brier_std,ece_mean,ece_std,error_mean,error_std,macro_f1_mean,macro_f1_std,nll_mean,nll_std
.,test,3,1 2 3,99.09619092941284,0.05271121542470575,0.014884902474780878,0.0004143293177391629,0.8295857774228825,0.05159994869200765,0.9038090705871582,0.05271121542470575,98.31845329389581,0.12690253645902738,0.03092460644741853,0.0017470609574026063
