case_root,split,num_seeds,seeds,accuracy_mean,accuracy_std,brier_mean,brier_std,ece_mean,ece_std,error_mean,error_std,macro_f1_mean,macro_f1_std,nll_mean,nll_std
.,test,3,1 2 3,94.51258381207784,0.1728577627228079,0.08703731993834178,0.0009447828839855753,2.3670144677649536,0.10335266026346829,5.48741618792216,0.1728577627228079,94.45178029150239,0.18167110908918097,0.19698589543501535,0.0044479428125182826
