case_root,split,num_seeds,seeds,accuracy_mean,accuracy_std,brier_mean,brier_std,ece_mean,ece_std,error_mean,error_std,macro_f1_mean,macro_f1_std,nll_mean,nll_std
.,test,3,1 2 3,84.28128163019817,0.7324533518355406,0.22485522429148355,0.006310132130702159,1.9075717845073201,0.2502439696470661,15.71871836980184,0.7324533518355406,83.18432147041372,0.5089675299638317,0.5224941174189249,0.014570283974150758
