case_root,split,num_seeds,seeds,accuracy_mean,accuracy_std,brier_mean,brier_std,ece_mean,ece_std,error_mean,error_std,macro_f1_mean,macro_f1_std,nll_mean,nll_std
.,test,3,1 2 3,88.41778834660848,0.18402387491424146,0.17143050829569498,0.0035953117720063676,3.0612872207844846,0.45390812013922666,11.58221165339152,0.18402387491424146,87.653615787807,0.11698134967488905,0.381584366162618,0.020642041944814688
