case_root,split,num_seeds,seeds,accuracy_mean,accuracy_std,brier_mean,brier_std,ece_mean,ece_std,error_mean,error_std,macro_f1_mean,macro_f1_std,nll_mean,nll_std
.,test,3,1 2 3,93.05896162986755,0.3699330708788174,0.10277006030082703,0.005615176191900467,2.4464598736971377,0.1861784057854595,6.941038370132446,0.3699330708788174,93.00585929478207,0.35412366757152164,0.20413567622502646,0.00873777691282902
