case_root,split,num_seeds,seeds,accuracy_mean,accuracy_std,brier_mean,brier_std,ece_mean,ece_std,error_mean,error_std,macro_f1_mean,macro_f1_std,nll_mean,nll_std
.,test,3,1 2 3,95.81782619158427,0.2468248773155191,0.06548093507687251,0.0027115245027051487,1.3210242270536083,0.04830172055391863,4.1821738084157305,0.2468248773155191,95.81191906942001,0.2379796669635136,0.12547336518764496,0.003070419507356471
