case_root,split,num_seeds,seeds,accuracy_mean,accuracy_std,brier_mean,brier_std,ece_mean,ece_std,error_mean,error_std,macro_f1_mean,macro_f1_std,nll_mean,nll_std
.,test,3,1 2 3,95.87099154790242,0.26522300757553957,0.06130871300896009,0.0017468593050054975,0.7691004830599887,0.08121903755902281,4.129008452097575,0.26522300757553957,95.8818911584324,0.26579933666031175,0.12112377335627873,0.0022926718665067986
