case_root,split,num_seeds,seeds,accuracy_mean,accuracy_std,brier_mean,brier_std,ece_mean,ece_std,error_mean,error_std,macro_f1_mean,macro_f1_std,nll_mean,nll_std
.,test,3,1 2 3,95.97731630007426,0.1807194068270864,0.059861251463492714,0.002701207657736462,0.8561089928006949,0.17501116491450755,4.02268369992574,0.1807194068270864,95.98795911432815,0.1778044798865803,0.11539863795042038,0.0035737412761056063
