case_root,split,num_seeds,seeds,accuracy_mean,accuracy_std,brier_mean,brier_std,ece_mean,ece_std,error_mean,error_std,macro_f1_mean,macro_f1_std,nll_mean,nll_std
.,test,3,1 2 3,91.76887472470601,0.29100776194134914,0.12980192402998605,0.0035370598842038286,6.006451469330021,0.23936800463590668,8.231125275293985,0.29100776194134914,91.71452342783618,0.3155046233521737,0.26466862360636395,0.004559323988716632
