case_root,split,num_seeds,seeds,accuracy_mean,accuracy_std,brier_mean,brier_std,ece_mean,ece_std,error_mean,error_std,macro_f1_mean,macro_f1_std,nll_mean,nll_std
.,test,3,1 2 3,75.53969621658325,0.40108767302816367,0.3333074152469635,0.0037101992154921484,1.8822775294821907,0.40013784422908644,24.460303783416748,0.40108767302816367,73.76085513361973,0.4550987432786482,0.8349882562955221,0.015199888534795885
