case_root,split,num_seeds,seeds,accuracy_mean,accuracy_std,brier_mean,brier_std,ece_mean,ece_std,error_mean,error_std,macro_f1_mean,macro_f1_std,nll_mean,nll_std
.,test,3,1 2 3,94.20368870099385,0.1430739661346768,0.08779020607471466,0.0010170653776450814,0.5835014648828257,0.23034796113372577,5.7963112990061445,0.1430739661346768,94.1770937665042,0.15899828871545046,0.17362047731876373,0.001877808874769916
