case_root,split,num_seeds,seeds,accuracy_mean,accuracy_std,brier_mean,brier_std,ece_mean,ece_std,error_mean,error_std,macro_f1_mean,macro_f1_std,nll_mean,nll_std
.,test,2,1 2,96.79513275623322,0.12170374393463135,0.04834548942744732,0.0027015749365091324,1.0943824584779103,0.05268188567480736,3.2048672437667847,0.12170374393463135,95.21899107715842,0.2635630511840219,0.0985862985253334,0.006047114729881287
