case_root,split,num_seeds,seeds,accuracy_mean,accuracy_std,brier_mean,brier_std,ece_mean,ece_std,error_mean,error_std,macro_f1_mean,macro_f1_std,nll_mean,nll_std
.,test,3,1 2 3,94.87491448720296,0.3663618972305135,0.07589047898848851,0.008559133328656715,1.1292299759234827,0.23761270263496018,5.125085512797038,0.3663618972305135,92.39401861866031,0.06091572641457385,0.15035954614480337,0.01645668539772481
