case_root,split,num_seeds,seeds,accuracy_mean,accuracy_std,brier_mean,brier_std,ece_mean,ece_std,error_mean,error_std,macro_f1_mean,macro_f1_std,nll_mean,nll_std
.,test,3,1 2 3,77.98924843470256,0.2741455810340606,0.30932606259981793,0.005060161749103037,2.8174906343757367,0.31748580959244094,22.010751565297443,0.2741455810340606,76.7347441029378,0.3144017717100159,0.780180831750234,0.018352725537884283
