case_root,split,num_seeds,seeds,accuracy_mean,accuracy_std,brier_mean,brier_std,ece_mean,ece_std,error_mean,error_std,macro_f1_mean,macro_f1_std,nll_mean,nll_std
.,test,3,1 2 3,96.78160746892293,0.18834865069086867,0.047652109215656914,0.0032261354135133947,0.9645491111028671,0.1866069267993965,3.218392531077067,0.18834865069086867,95.19081849025414,0.29977533875486584,0.09870686878760655,0.006653519453104353
