case_root,split,num_seeds,seeds,accuracy_mean,accuracy_std,brier_mean,brier_std,ece_mean,ece_std,error_mean,error_std,macro_f1_mean,macro_f1_std,nll_mean,nll_std
.,test,2,1 2,95.7200825214386,0.22312402725219727,0.06495587155222893,0.0007998310029506683,1.7770248155806658,0.00453362056256279,4.279917478561401,0.22312402725219727,93.79896488903782,0.23476462961186684,0.14673570543527603,0.005515448749065399
