case_root,split,num_seeds,seeds,accuracy_mean,accuracy_std,brier_mean,brier_std,ece_mean,ece_std,error_mean,error_std,macro_f1_mean,macro_f1_std,nll_mean,nll_std
.,test,3,1 2 3,91.76887472470601,0.29100776194134914,0.129828080534935,0.0035383488270525876,6.008744586648003,0.24059558525228475,8.231125275293985,0.29100776194134914,91.71452342783618,0.3155046233521737,0.2647224962711334,0.004558438324636459
