case_root,split,num_seeds,seeds,accuracy_mean,accuracy_std,brier_mean,brier_std,ece_mean,ece_std,error_mean,error_std,macro_f1_mean,macro_f1_std,nll_mean,nll_std
.,test,3,1 2 3,95.80797950426738,0.28558114208409136,0.060624998062849045,0.004130839782819527,1.2357907550330094,0.1764311719012643,4.192020495732625,0.28558114208409136,93.89205801979438,0.36509903345216466,0.11719073355197906,0.006919699265959604
