tag,alpha,kl_weight,prior_std,case_root,split,num_seeds,seeds,accuracy_mean,accuracy_std,brier_mean,brier_std,ece_mean,ece_std,error_mean,error_std,macro_f1_mean,macro_f1_std,nll_mean,nll_std
bayes_sweep_alpha_0.4_kl_1e-5_prior_0.1,0.4,1e-5,0.1,output_refactor/BayesMMRL/FS/fewshot_train/caltech101/shots_16/ViT-B-16/bayes_sweep_alpha_0.4_kl_1e-5_prior_0.1,test,3,1 2 3,96.82217637697856,0.2968826183994588,0.04949418703715006,0.0033137330928852066,1.1984809765628741,0.3093408259642411,3.177823623021444,0.2968826183994588,95.23159101097767,0.3833453876970938,0.10367439935604732,0.0021961093943394473
bayes_sweep_alpha_0.5_kl_1e-5_prior_0.1,0.5,1e-5,0.1,output_refactor/BayesMMRL/FS/fewshot_train/caltech101/shots_16/ViT-B-16/bayes_sweep_alpha_0.5_kl_1e-5_prior_0.1,test,3,1 2 3,96.71399394671123,0.28300832615230603,0.048656728118658066,0.003708011569059975,0.9386188740904384,0.1914023901873761,3.286006053288778,0.28300832615230603,95.09811976664153,0.39402272788877507,0.1009930968284607,0.004713804035476361
bayes_sweep_alpha_0.6_kl_1e-5_prior_0.1,0.6,1e-5,0.1,output_refactor/BayesMMRL/FS/fewshot_train/caltech101/shots_16/ViT-B-16/bayes_sweep_alpha_0.6_kl_1e-5_prior_0.1,test,3,1 2 3,96.75456484158833,0.3505483801845844,0.04826559250553449,0.003770424921823967,1.0069834686276717,0.29057786490452575,3.2454351584116616,0.3505483801845844,95.10007297666452,0.5258530847682384,0.09843051185210545,0.0037270595971616127
bayes_sweep_alpha_0.7_kl_1e-5_prior_0.1,0.7,1e-5,0.1,output_refactor/BayesMMRL/FS/fewshot_train/caltech101/shots_16/ViT-B-16/bayes_sweep_alpha_0.7_kl_1e-5_prior_0.1,test,3,1 2 3,96.80865406990051,0.3993211881193136,0.04720061272382736,0.0035354617897997665,0.9448062406350343,0.25963831832605133,3.1913459300994873,0.3993211881193136,95.16769820758363,0.5819051466851385,0.09568060437838237,0.0043783427658690135
