case_root,split,num_seeds,seeds,accuracy_mean,accuracy_std,brier_mean,brier_std,ece_mean,ece_std,error_mean,error_std,macro_f1_mean,macro_f1_std,nll_mean,nll_std
.,test,3,1 2 3,95.0912634531657,0.3286767284642575,0.07388387620449066,0.005099860742275325,2.5838214965464905,0.4769834751946544,4.90873654683431,0.3286767284642575,95.07265964723517,0.34567572733915164,0.1441788524389267,0.009356713681199051
