case_root,split,num_seeds,seeds,accuracy_mean,accuracy_std,brier_mean,brier_std,ece_mean,ece_std,error_mean,error_std,macro_f1_mean,macro_f1_std,nll_mean,nll_std
.,test,3,1 2 3,98.38605523109436,0.15813364627411725,0.027847877393166225,0.0011604652958003977,1.986450683193256,0.27851223936012515,1.6139447689056396,0.15813364627411725,96.95666717616551,0.35998641944418164,0.057374962915976845,0.0009544272019848029
