case_root,split,num_seeds,seeds,accuracy_mean,accuracy_std,brier_mean,brier_std,ece_mean,ece_std,error_mean,error_std,macro_f1_mean,macro_f1_std,nll_mean,nll_std
.,test,3,1 2 3,97.11967507998149,0.31597831800284987,0.045291526863972344,0.004102913470644794,1.0455505772568714,0.24414228336218136,2.880324920018514,0.31597831800284987,95.66372846150509,0.4433981547013402,0.09560861190160115,0.007119342005888604
