case_root,split,num_seeds,seeds,accuracy_mean,accuracy_std,brier_mean,brier_std,ece_mean,ece_std,error_mean,error_std,macro_f1_mean,macro_f1_std,nll_mean,nll_std
.,test,3,1 2 3,96.75456484158833,0.3505483801845844,0.04826559250553449,0.003770424921823967,1.0069834686276717,0.29057786490452575,3.2454351584116616,0.3505483801845844,95.10007297666452,0.5258530847682384,0.09843051185210545,0.0037270595971616127
