case_root,split,num_seeds,seeds,accuracy_mean,accuracy_std,brier_mean,brier_std,ece_mean,ece_std,error_mean,error_std,macro_f1_mean,macro_f1_std,nll_mean,nll_std
.,test,3,1 2 3,90.36539196968079,0.5731922152396404,0.14424906174341837,0.0063669706351360345,3.0885714083468248,0.4708601799751679,9.634608030319214,0.5731922152396404,89.78859772682725,0.6076928518807077,0.3322408199310303,0.0047358898405673155
