case_root,split,num_seeds,seeds,accuracy_mean,accuracy_std,brier_mean,brier_std,ece_mean,ece_std,error_mean,error_std,macro_f1_mean,macro_f1_std,nll_mean,nll_std
.,test,3,1 2 3,94.55963174502055,0.5780423365199642,0.09194811433553696,0.008097032251821604,5.933944795933595,0.4130865699839487,5.440368254979451,0.5780423365199642,94.50157063018611,0.5976231326747251,0.1904845635096232,0.014607588806693777
