case_root,split,num_seeds,seeds,accuracy_mean,accuracy_std,brier_mean,brier_std,ece_mean,ece_std,error_mean,error_std,macro_f1_mean,macro_f1_std,nll_mean,nll_std
test_new/caltech101/shots_16/ViT-B-16/default,test,3,1 2 3,94.35953497886658,0.3374671791231767,0.0762065773208936,0.0028492302929177434,1.8772465454785932,0.028327916633891607,5.640465021133423,0.3374671791231767,94.4982653667567,0.4318775121768206,0.12956680605808893,0.005773272405087151
test_new/ucf101/shots_16/ViT-B-16/default,test,2,1 2,79.25905883312225,0.027039647102355957,0.28743699193000793,0.0010077953338623047,3.2217212774870907,0.435830784881998,20.740941166877747,0.027039647102355957,77.39208527427454,0.17849878138542863,0.6949665248394012,0.0006501376628875732
train_base/caltech101/shots_16/ViT-B-16/default,test,3,1 2 3,99.13922945658366,0.24346267531812973,0.014484227634966373,0.002039150080874007,0.6731409169869805,0.03408951522211751,0.8607705434163412,0.24346267531812973,98.43670070778128,0.4618171812526342,0.03196070343255997,0.004492477320842646
train_base/ucf101/shots_16/ViT-B-16/default,test,2,1 2,88.676318526268,0.41365325450897217,0.1629638597369194,0.005305550992488861,2.398638083236417,0.02583886815510472,11.323681473731995,0.41365325450897217,87.82919824291028,0.4594920061579444,0.3663814812898636,0.003223046660423279
