case_root,split,num_seeds,seeds,accuracy_mean,accuracy_std,brier_mean,brier_std,ece_mean,ece_std,error_mean,error_std,macro_f1_mean,macro_f1_std,nll_mean,nll_std
test_new/caltech101/shots_16/ViT-B-16/default,test,3,1 2 3,0.4366812218601505,0.08913717322997948,1.4450823068618774,0.004533799233667616,58.02983991114431,0.4613812443781896,99.56331877813984,0.08913717322997948,0.4649630292424734,0.07048730529707413,8.529968897501627,0.04094415768250784
train_base/caltech101/shots_16/ViT-B-16/default,test,3,1 2 3,99.13922945658366,0.24346267531812973,0.014484227634966373,0.002039150080874007,0.6731409169869805,0.03408951522211751,0.8607705434163412,0.24346267531812973,98.43670070778128,0.4618171812526342,0.03196070343255997,0.004492477320842646
train_base/ucf101/shots_16/ViT-B-16/default,test,2,1 2,88.676318526268,0.41365325450897217,0.1629638597369194,0.005305550992488861,2.398638083236417,0.02583886815510472,11.323681473731995,0.41365325450897217,87.82919824291028,0.4594920061579444,0.3663814812898636,0.003223046660423279
