case_root,split,num_seeds,seeds,accuracy_mean,accuracy_std,brier_mean,brier_std,ece_mean,ece_std,error_mean,error_std,macro_f1_mean,macro_f1_std,nll_mean,nll_std
test_new/caltech101/shots_16/ViT-B-16/default,test,3,1 2 3,94.35953497886658,0.3374671791231767,0.0762065773208936,0.0028492302929177434,1.8772465454785932,0.028327916633891607,5.640465021133423,0.3374671791231767,94.4982653667567,0.4318775121768206,0.12956680605808893,0.005773272405087151
test_new/oxford_pets/shots_16/ViT-B-16/default,test,3,1 2 3,96.96122407913208,0.32397686536911025,0.047032528867324196,0.0035554039757098015,1.0535866158231704,0.2942544329722445,3.03877592086792,0.32397686536911025,96.9934718060573,0.332774903271055,0.09257251272598903,0.0062714333424315006
test_new/ucf101/shots_16/ViT-B-16/default,test,3,1 2 3,79.43032185236613,0.24320664436785003,0.28709807991981506,0.0009522728904795979,3.194325315870636,0.3579572499517498,20.56967814763387,0.24320664436785003,77.46211463538128,0.1762084924308719,0.7117847005526224,0.023790415184033794
train_base/caltech101/shots_16/ViT-B-16/default,test,3,1 2 3,99.13922945658366,0.24346267531812973,0.014484227634966373,0.002039150080874007,0.6731409169869805,0.03408951522211751,0.8607705434163412,0.24346267531812973,98.43670070778128,0.4618171812526342,0.03196070343255997,0.004492477320842646
train_base/oxford_pets/shots_16/ViT-B-16/default,test,3,1 2 3,95.64061562220256,0.15036590653736628,0.06855528056621552,0.003438583042294443,1.627816473489194,0.27246152958394865,4.359384377797444,0.15036590653736628,95.63045113884398,0.161562828092231,0.14125694831212363,0.009069367229598736
train_base/ucf101/shots_16/ViT-B-16/default,test,3,1 2 3,88.6590838432312,0.33862478533425144,0.16492566466331482,0.005144246432769171,2.429794564314112,0.04885233564509243,11.340916156768799,0.33862478533425144,87.80018030039298,0.3774113818164148,0.3692169686158498,0.004796387175277604
