case_root,split,num_seeds,seeds,accuracy_mean,accuracy_std,brier_mean,brier_std,ece_mean,ece_std,error_mean,error_std,macro_f1_mean,macro_f1_std,nll_mean,nll_std
.,test,3,1 2 3,93.24066440264384,0.33602488554608195,0.10303315023581187,0.0037089063173489723,3.99955770059536,0.33663124929530097,6.75933559735616,0.33602488554608195,93.19642280347423,0.338668164283283,0.20813307166099548,0.0062769858139998915
