case_root,split,num_seeds,seeds,accuracy_mean,accuracy_std,brier_mean,brier_std,ece_mean,ece_std,error_mean,error_std,macro_f1_mean,macro_f1_std,nll_mean,nll_std
.,test,3,1 2 3,95.81782619158427,0.1807194068270864,0.06438982238372166,0.0029009267718534096,1.2631596534277094,0.3126049450979678,4.1821738084157305,0.1807194068270864,95.8049825786816,0.18548666836607663,0.12290083865324657,0.004076309006193037
