case_root,split,num_seeds,seeds,accuracy_mean,accuracy_std,brier_mean,brier_std,ece_mean,ece_std,error_mean,error_std,macro_f1_mean,macro_f1_std,nll_mean,nll_std
.,test,3,1 2 3,92.65921711921692,0.6681118425946921,0.11425329248110454,0.008225659274367185,3.9479884392365867,0.8403279524723513,7.340782880783081,0.6681118425946921,92.54783309066154,0.7620072101814134,0.23046516378720602,0.011020114814057944
