case_root,split,num_seeds,seeds,accuracy_mean,accuracy_std,brier_mean,brier_std,ece_mean,ece_std,error_mean,error_std,macro_f1_mean,macro_f1_std,nll_mean,nll_std
.,test,3,1 2 3,96.01082007090251,0.1529902503046446,0.05862750485539436,0.0012149989917603638,1.4337294135164618,0.2717676815271866,3.9891799290974936,0.1529902503046446,94.05196269771457,0.1704928952792906,0.11558123677968979,0.0022473253824477554
