case_root,split,num_seeds,seeds,accuracy_mean,accuracy_std,brier_mean,brier_std,ece_mean,ece_std,error_mean,error_std,macro_f1_mean,macro_f1_std,nll_mean,nll_std,accuracy_calibrated_mean,accuracy_calibrated_std,brier_calibrated_mean,brier_calibrated_std,ece_calibrated_mean,ece_calibrated_std,error_calibrated_mean,error_calibrated_std,macro_f1_calibrated_mean,macro_f1_calibrated_std,nll_calibrated_mean,nll_calibrated_std,temperature_mean,temperature_std
fewshot_train/caltech101/shots_1/ViT-B-16,test,3,1 2 3,74.14469321568806,4.092652788071988,0.42038971185684204,0.07196463560410982,17.699935425166103,3.5703590494951376,25.85530678431193,4.092652788071988,64.13130908917542,3.4619054768556694,1.8767884969711304,0.47907709300119605,74.14469321568806,4.092652788071988,0.36994485060373944,0.05458466642959286,5.582469725090962,0.5524375339970318,25.85530678431193,4.092652788071988,64.13130908917542,3.4619054768556694,1.0592552622159321,0.2003044770365551,3.0106385548909507,0.16795715063655087
fewshot_train/ucf101/shots_1/ViT-B-16,test,3,1 2 3,42.68217384815216,2.107036683484176,0.9572876691818237,0.040105341234709706,42.17488278162743,2.561547909966404,57.31782615184784,2.107036683484176,39.34190163175339,1.8598426083715984,5.869015057881673,0.3842045238579625,42.68217384815216,2.107036683484176,0.7218001484870911,0.01874846398364693,4.06059759908381,0.9678020365417441,57.31782615184784,2.107036683484176,39.34190163175339,1.8598426083715984,2.5185304482777915,0.07425455960699011,3.955227851867676,0.19296571226297676
