case_root,split,num_seeds,seeds,accuracy_mean,accuracy_std,brier_mean,brier_std,ece_mean,ece_std,error_mean,error_std,macro_f1_mean,macro_f1_std,nll_mean,nll_std
.,test,2,1 2,96.95740342140198,0.04056692123413086,0.047273263335227966,0.0011205412447452545,0.9839782980223455,0.06336983059047435,3.0425965785980225,0.04056692123413086,95.47393452926592,0.10094932505508325,0.09652943536639214,0.0031123049557209015
