case_root,split,num_seeds,seeds,accuracy_mean,accuracy_std,brier_mean,brier_std,ece_mean,ece_std,error_mean,error_std,macro_f1_mean,macro_f1_std,nll_mean,nll_std
.,test,3,1 2 3,99.05315240224202,0.030432834414766217,0.015095382618407408,0.00042545147237160334,0.9825920600749509,0.05965077814497813,0.9468475977579752,0.030432834414766217,98.23658626629235,0.08586035284359515,0.031075796733299892,0.0015816162580676505
