case_root,split,num_seeds,seeds,accuracy_mean,accuracy_std,brier_mean,brier_std,ece_mean,ece_std,error_mean,error_std,macro_f1_mean,macro_f1_std,nll_mean,nll_std
.,test,3,1 2 3,95.4279641310374,0.24168229511760908,0.07024287432432175,0.0042187266309381246,1.9634441716354536,0.3383650034827753,4.5720358689626055,0.24168229511760908,95.42280287147365,0.23956840783832445,0.13833662867546082,0.005579595738727939
