case_root,split,num_seeds,seeds,accuracy_mean,accuracy_std,brier_mean,brier_std,ece_mean,ece_std,error_mean,error_std,macro_f1_mean,macro_f1_std,nll_mean,nll_std
.,test,3,1 2 3,96.25422557195027,0.18834865069086867,0.05543694645166397,0.0005515335599293907,1.1920962456999153,0.07204006505313411,3.745774428049723,0.18834865069086867,94.40547660440924,0.3852770562386609,0.10943806171417236,0.0028109946875118906
