case_root,split,num_seeds,seeds,accuracy_mean,accuracy_std,brier_mean,brier_std,ece_mean,ece_std,error_mean,error_std,macro_f1_mean,macro_f1_std,nll_mean,nll_std
.,test,3,1 2 3,98.64428639411926,0.29348362676313283,0.02292622687915961,0.0013014587371939636,1.5594274209652355,0.2552068531721501,1.3557136058807373,0.29348362676313283,97.46488990573226,0.6647684136470754,0.047529405603806175,0.0012647423963292942
