case_root,split,num_seeds,seeds,accuracy_mean,accuracy_std,brier_mean,brier_std,ece_mean,ece_std,error_mean,error_std,macro_f1_mean,macro_f1_std,nll_mean,nll_std
.,test,3,1 2 3,77.16098229090373,0.38367479785972075,0.30856231848398846,0.001998647915901705,2.1228044682220695,0.2130687547781763,22.83901770909627,0.38367479785972075,75.3913358765613,0.35077416732082145,0.7547800342241923,0.020984176537973135
