case_root,split,num_seeds,seeds,accuracy_mean,accuracy_std,brier_mean,brier_std,ece_mean,ece_std,error_mean,error_std,macro_f1_mean,macro_f1_std,nll_mean,nll_std
.,test,3,1 2 3,95.87099154790242,0.22275016847614648,0.06103574484586716,0.00167917593862594,0.8396333220493872,0.07728284333691575,4.129008452097575,0.22275016847614648,95.88478654818765,0.22136290491295038,0.12060907979806264,0.002069040813105453
