case_root,split,num_seeds,seeds,accuracy_mean,accuracy_std,brier_mean,brier_std,ece_mean,ece_std,error_mean,error_std,macro_f1_mean,macro_f1_std,nll_mean,nll_std
.,test,3,1 2 3,94.48532660802205,0.3086273997833627,0.0844456950823466,0.0018668230024675436,1.9058214775534952,0.2119027586230802,5.514673391977946,0.3086273997833627,94.43434520956028,0.30557659095669687,0.18743531902631125,0.0002685562346544355
