case_root,split,num_seeds,seeds,accuracy_mean,accuracy_std,brier_mean,brier_std,ece_mean,ece_std,error_mean,error_std,macro_f1_mean,macro_f1_std,nll_mean,nll_std
.,test,3,1 2 3,90.19303719202678,0.3590605242430726,0.14619685212771097,0.005339217230807831,2.9155419504424698,0.4418717111860722,9.806962807973227,0.3590605242430726,89.62310490137645,0.38538793944569033,0.338016798098882,0.023286103676029665
