case_root,split,num_seeds,seeds,accuracy_mean,accuracy_std,brier_mean,brier_std,ece_mean,ece_std,error_mean,error_std,macro_f1_mean,macro_f1_std,nll_mean,nll_std
.,test,3,1 2 3,84.16600624720256,0.2616841628243396,0.22539801398913065,0.004685571783675618,3.58077629938484,0.28379745615105473,15.833993752797445,0.2616841628243396,83.37467182629759,0.32482317246913667,0.559053103129069,0.028370765517569292
