case_root,split,num_seeds,seeds,accuracy_mean,accuracy_std,brier_mean,brier_std,ece_mean,ece_std,error_mean,error_std,macro_f1_mean,macro_f1_std,nll_mean,nll_std
.,test,3,1 2 3,96.82217637697856,0.2968826183994588,0.04949418703715006,0.0033137330928852066,1.1984809765628741,0.3093408259642411,3.177823623021444,0.2968826183994588,95.23159101097767,0.3833453876970938,0.10367439935604732,0.0021961093943394473
