case_root,split,num_seeds,seeds,accuracy_mean,accuracy_std,brier_mean,brier_std,ece_mean,ece_std,error_mean,error_std,macro_f1_mean,macro_f1_std,nll_mean,nll_std
.,test,3,1 2 3,96.97092771530151,0.3633553012545498,0.04800540084640185,0.004066008101928846,1.2551809922918586,0.30265481870122696,3.0290722846984863,0.3633553012545498,95.44262134905196,0.5837845799311314,0.10221452017625172,0.007790081316560418
