case_root,split,num_seeds,seeds,accuracy_mean,accuracy_std,brier_mean,brier_std,ece_mean,ece_std,error_mean,error_std,macro_f1_mean,macro_f1_std,nll_mean,nll_std
.,test,2,1 2,92.09593832492828,0.5451053380966187,0.12344624847173691,0.006550230085849762,3.7484882263891635,0.477301619559096,7.904061675071716,0.5451053380966187,92.03973157112947,0.5672107039846424,0.29409581422805786,0.019232362508773804
