case_root,split,num_seeds,seeds,accuracy_mean,accuracy_std,brier_mean,brier_std,ece_mean,ece_std,error_mean,error_std,macro_f1_mean,macro_f1_std,nll_mean,nll_std
.,test,3,1 2 3,84.39510067303975,0.2698622891995381,0.22461726268132529,0.004535829009416363,3.9165006671978917,0.25035441222859545,15.604899326960245,0.2698622891995381,83.72328689385832,0.17267597605699778,0.5584821303685507,0.026872522502816444
