case_root,split,num_seeds,seeds,accuracy_mean,accuracy_std,brier_mean,brier_std,ece_mean,ece_std,error_mean,error_std,macro_f1_mean,macro_f1_std,nll_mean,nll_std
.,test,3,1 2 3,89.17614618937175,0.19037175044558044,0.16553419828414917,0.0031844626043039787,3.1112993328027256,0.29305261717378306,10.823853810628256,0.19037175044558044,88.51119429874439,0.12850474396167574,0.3797975679238637,0.01309075430159102
