case_root,split,num_seeds,seeds,accuracy_mean,accuracy_std,brier_mean,brier_std,ece_mean,ece_std,error_mean,error_std,macro_f1_mean,macro_f1_std,nll_mean,nll_std
.,test,3,1 2 3,94.19460495313008,0.1541787914326518,0.08775997161865234,0.0009971351408024096,0.5297421917632024,0.24884496120912591,5.805395046869914,0.1541787914326518,94.16790251337227,0.17144619652551657,0.1735860457022985,0.0018594041202784628
