case_root,split,num_seeds,seeds,accuracy_mean,accuracy_std,brier_mean,brier_std,ece_mean,ece_std,error_mean,error_std,macro_f1_mean,macro_f1_std,nll_mean,nll_std
.,test,2,1 2,81.41686618328094,0.3965109586715698,0.279385969042778,0.002339288592338562,8.414038669336671,0.3920848775549661,18.583133816719055,0.3965109586715698,80.35689695322223,0.3937671533945917,0.8399185836315155,0.002857714891433716
