case_root,split,num_seeds,seeds,accuracy_mean,accuracy_std,brier_mean,brier_std,ece_mean,ece_std,error_mean,error_std,macro_f1_mean,macro_f1_std,nll_mean,nll_std
.,test,3,1 2 3,97.16024200121562,0.4553747744927455,0.044868128995100655,0.005093284441046286,0.9278357232479407,0.30063292059074875,2.8397579987843833,0.4553747744927455,95.76027710066317,0.6868460494032014,0.09238611161708832,0.007323865741883691
