case_root,split,num_seeds,seeds,accuracy_mean,accuracy_std,brier_mean,brier_std,ece_mean,ece_std,error_mean,error_std,macro_f1_mean,macro_f1_std,nll_mean,nll_std
.,test,3,1 2 3,90.69286386171977,0.11169719066058358,0.1444556067387263,0.003385821966439325,2.8440450597779168,0.19132606792701642,9.307136138280233,0.11169719066058358,90.1601961968588,0.12215932945235705,0.33906638622283936,0.004343526059143256
