case_root,split,num_seeds,seeds,accuracy_mean,accuracy_std,brier_mean,brier_std,ece_mean,ece_std,error_mean,error_std,macro_f1_mean,macro_f1_std,nll_mean,nll_std,accuracy_calibrated_mean,accuracy_calibrated_std,brier_calibrated_mean,brier_calibrated_std,ece_calibrated_mean,ece_calibrated_std,error_calibrated_mean,error_calibrated_std,macro_f1_calibrated_mean,macro_f1_calibrated_std,nll_calibrated_mean,nll_calibrated_std,temperature_mean,temperature_std
fewshot_train/caltech101/shots_1/ViT-B-16,test,3,1 2 3,92.77890523274739,0.23885898873573003,0.11173417419195175,0.0029756013211302236,2.041351622508296,0.059328820581074006,7.2210947672526045,0.23885898873573003,89.97252419744345,0.1882909284787488,0.23069950441519418,0.005504702593841162,92.77890523274739,0.23885898873573003,0.11144706358512242,0.003728754012464094,2.2719302451070535,0.18159253066504688,7.2210947672526045,0.23885898873573003,89.97252419744345,0.1882909284787488,0.2322703649600347,0.00786489317353164,0.9177098671595255,0.11960458989038822
fewshot_train/caltech101/shots_2/ViT-B-16,test,3,1 2 3,93.15753777821858,0.5565664548221516,0.10356735934813817,0.008744089267406557,3.122127067204502,0.5957449651381246,6.842462221781413,0.5565664548221516,89.80810304794663,0.6356873605735671,0.2144219328959783,0.018840374660795734,93.15753777821858,0.5565664548221516,0.10127100100119908,0.007738395977988274,1.8449018953054477,0.4065714004449326,6.842462221781413,0.5565664548221516,89.80810304794663,0.6356873605735671,0.2044095347325007,0.013542516422710558,1.291117509206136,0.06870091608133531
