case_root,split,num_seeds,seeds,accuracy_mean,accuracy_std,brier_mean,brier_std,ece_mean,ece_std,error_mean,error_std,macro_f1_mean,macro_f1_std,nll_mean,nll_std
.,test,3,1 2 3,97.15945720672607,0.5869672535262657,0.06729351977507274,0.015251036186931749,8.708237739264234,1.4070671391932061,2.840542793273926,0.5869672535262657,94.42277310712664,0.8815572065152006,0.17246212561925253,0.03983010418449252
