case_root,split,num_seeds,seeds,accuracy_mean,accuracy_std,brier_mean,brier_std,ece_mean,ece_std,error_mean,error_std,macro_f1_mean,macro_f1_std,nll_mean,nll_std
.,test,3,1 2 3,91.77796045939128,0.2963480835557211,0.1298133780558904,0.003555269139775304,6.013080933129332,0.25403693019979073,8.222039540608725,0.2963480835557211,91.7250602287144,0.3216748254502881,0.2646775046984355,0.004572720215231785
