case_root,split,num_seeds,seeds,accuracy_mean,accuracy_std,brier_mean,brier_std,ece_mean,ece_std,error_mean,error_std,macro_f1_mean,macro_f1_std,nll_mean,nll_std
.,test,3,1 2 3,95.44568459192912,0.2468248773155191,0.07024175177017848,0.004158622291718848,1.885751930192369,0.32973099144677426,4.554315408070882,0.2468248773155191,95.44032190849886,0.24362479786445393,0.13833294808864594,0.005464221333107343
