case_root,split,num_seeds,seeds,accuracy_mean,accuracy_std,brier_mean,brier_std,ece_mean,ece_std,error_mean,error_std,macro_f1_mean,macro_f1_std,nll_mean,nll_std
fewshot_train/caltech101/shots_16/ViT-B-16/default,test,3,1 2 3,96.94387912750244,0.2677354467743365,0.0453270860016346,0.0023157242077234703,0.8182024657524785,0.12200329073856708,3.0561208724975586,0.2677354467743365,95.38933821193324,0.37703284110557916,0.09101660549640656,0.0022525775905759635
fewshot_train/caltech101/shots_8/ViT-B-16/default,test,3,1 2 3,96.32183909416199,0.1493612817645826,0.055331641187270485,0.0021713161900533437,0.9847159378427037,0.020278971882550643,3.6781609058380127,0.1493612817645826,94.56148849272307,0.3239950882852321,0.10910067955652873,0.00285593941473687
