case_root,split,num_seeds,seeds,accuracy_mean,accuracy_std,brier_mean,brier_std,ece_mean,ece_std,error_mean,error_std,macro_f1_mean,macro_f1_std,nll_mean,nll_std
fewshot_train/caltech101/shots_1/ViT-B-16/default,test,3,1 2 3,93.9012845357259,0.26567603512974075,0.08716317017873128,0.0037417648607393004,1.4318664768928608,0.16945100643187722,6.098715464274089,0.26567603512974075,91.18959888607765,0.3828833784905894,0.17261502146720886,0.010485762130356622
fewshot_train/caltech101/shots_16/ViT-B-16/default,test,3,1 2 3,97.02501694361369,0.39238990743633934,0.047463743637005486,0.0041525014789765965,1.2375692175883872,0.09749146317517594,2.974983056386312,0.39238990743633934,95.58335376251188,0.5648874040894831,0.10174994170665741,0.007331367146608761
fewshot_train/caltech101/shots_2/ViT-B-16/default,test,3,1 2 3,94.7937806447347,0.8316166923864966,0.07938260585069656,0.01088517864825744,0.9610759507690918,0.35437045728930516,5.2062193552653,0.8316166923864966,92.25046355298858,0.7627260090206289,0.1563065697749456,0.01752296335280949
fewshot_train/caltech101/shots_4/ViT-B-16/default,test,3,1 2 3,95.82150181134541,0.0876364052820576,0.06310809527834256,0.0006148380276914356,0.9609763633568115,0.13538329415718908,4.178498188654582,0.0876364052820576,93.83814523970902,0.1302694734292928,0.12937483191490173,0.0035625223942325535
fewshot_train/caltech101/shots_8/ViT-B-16/default,test,3,1 2 3,96.18661403656006,0.16561862913102773,0.058127050598462425,0.0015619575800035984,1.2665690482670267,0.16533767047995493,3.8133859634399414,0.16561862913102773,94.36858418403355,0.30749615815369297,0.11785150319337845,0.004533060192692239
