case_root,split,num_seeds,seeds,accuracy_mean,accuracy_std,brier_mean,brier_std,ece_mean,ece_std,error_mean,error_std,macro_f1_mean,macro_f1_std,nll_mean,nll_std
.,test,3,1 2 3,72.9932149251302,0.4754876934019411,0.3546251157919566,0.0011009301139978367,2.8425422108365592,0.47035573070908715,27.006785074869793,0.4754876934019411,71.3374369946145,0.300961315405061,0.8643668293952942,0.0016620973067673678
