case_root,split,num_seeds,seeds,accuracy_mean,accuracy_std,brier_mean,brier_std,ece_mean,ece_std,error_mean,error_std,macro_f1_mean,macro_f1_std,nll_mean,nll_std
.,test,3,1 2 3,95.78238328297932,0.21847992753586287,0.0643959492444992,0.002911513067698649,1.2385969136214607,0.37377608983748467,4.217616717020671,0.21847992753586287,95.7687556572784,0.22158886277737982,0.12286252031723659,0.004035225060627422
