case_root,split,num_seeds,seeds,accuracy_mean,accuracy_std,brier_mean,brier_std,ece_mean,ece_std,error_mean,error_std,macro_f1_mean,macro_f1_std,nll_mean,nll_std
.,test,3,1 2 3,95.0912634531657,0.3286767284642575,0.07387957473595937,0.005112600981006627,2.602262565499393,0.45896955907224524,4.90873654683431,0.3286767284642575,95.07265964723517,0.34567572733915164,0.14417384564876556,0.009376611341721516
