case_root,split,num_seeds,seeds,accuracy_mean,accuracy_std,brier_mean,brier_std,ece_mean,ece_std,error_mean,error_std,macro_f1_mean,macro_f1_std,nll_mean,nll_std
.,test,3,1 2 3,93.89479358990987,0.3083603926552044,0.09322444846232732,0.004623164805452751,1.6218182619752812,0.36647909668151335,6.105206410090129,0.3083603926552044,93.84945121206758,0.31615812750126693,0.19505864878495535,0.014875748354935306
