case_root,split,num_seeds,seeds,accuracy_mean,accuracy_std,brier_mean,brier_std,ece_mean,ece_std,error_mean,error_std,macro_f1_mean,macro_f1_std,nll_mean,nll_std
.,test,3,1 2 3,85.98759174346924,0.9430795151108521,0.19606788953145346,0.010937957626140131,2.271885489829858,0.10748804075019866,14.012408256530762,0.9430795151108521,84.9538667495099,1.055057278308671,0.4390733738740285,0.02302380376272376
