case_root,split,num_seeds,seeds,accuracy_mean,accuracy_std,brier_mean,brier_std,ece_mean,ece_std,error_mean,error_std,macro_f1_mean,macro_f1_std,nll_mean,nll_std
.,test,3,1 2 3,97.14672168095906,0.248613020206161,0.04409817482034365,0.0025695394734760383,0.8674512659479751,0.17279397489889664,2.853278319040934,0.248613020206161,95.67751026315109,0.4077022429716175,0.08655506869157155,0.003154274861553683
