case_root,split,num_seeds,seeds,accuracy_mean,accuracy_std,brier_mean,brier_std,ece_mean,ece_std,error_mean,error_std,macro_f1_mean,macro_f1_std,nll_mean,nll_std
.,test,3,1 2 3,94.59094007809956,0.1996593156971211,0.0788922260204951,0.0012544599167468372,2.79580603466395,0.38322875850386984,5.409059921900432,0.1996593156971211,92.04472532120987,0.26163022894718885,0.16106127699216208,0.004169749654175065
