case_root,split,num_seeds,seeds,accuracy_mean,accuracy_std,brier_mean,brier_std,ece_mean,ece_std,error_mean,error_std,macro_f1_mean,macro_f1_std,nll_mean,nll_std
.,test,3,1 2 3,97.06558386484782,0.3510669334063934,0.04526404291391373,0.004011932125007005,0.9595505815651709,0.2700833658476623,2.934416135152181,0.3510669334063934,95.57496747846827,0.4552460913194704,0.09451547513405482,0.007233712341804353
