case_root,split,num_seeds,seeds,accuracy_mean,accuracy_std,brier_mean,brier_std,ece_mean,ece_std,error_mean,error_std,macro_f1_mean,macro_f1_std,nll_mean,nll_std
.,test,3,1 2 3,97.20081090927124,0.36884897672281863,0.04402261599898338,0.002364867227811212,0.8855642439788705,0.11534854404702966,2.7991890907287598,0.36884897672281863,95.77505479002451,0.6053888908909661,0.08672368774811427,0.002351105674457241
