case_root,split,num_seeds,seeds,accuracy_mean,accuracy_std,brier_mean,brier_std,ece_mean,ece_std,error_mean,error_std,macro_f1_mean,macro_f1_std,nll_mean,nll_std
.,test,3,1 2 3,97.26842443148296,0.05059796419974115,0.03850342333316803,0.0007323503559376242,0.5639247014927171,0.014875803502074276,2.7315755685170493,0.05059796419974115,95.85030106680294,0.08139662649396284,0.0746643195549647,0.0013164137617681783
