case_root,split,num_seeds,seeds,accuracy_mean,accuracy_std,brier_mean,brier_std,ece_mean,ece_std,error_mean,error_std,macro_f1_mean,macro_f1_std,nll_mean,nll_std
.,test,3,1 2 3,95.79445521036784,0.3077705992726766,0.06130153809984525,0.0025783318084920672,0.9725098411645173,0.09174750298099014,4.205544789632161,0.3077705992726766,93.75824657728869,0.4469729219551513,0.12070899456739426,0.004355000679249107
