case_root,split,num_seeds,seeds,accuracy_mean,accuracy_std,brier_mean,brier_std,ece_mean,ece_std,error_mean,error_std,macro_f1_mean,macro_f1_std,nll_mean,nll_std
.,test,3,1 2 3,97.07910815874736,0.15179017549904647,0.04406925787528356,0.0017996939628259177,0.8276564999155452,0.20806428756258571,2.920891841252645,0.15179017549904647,95.63640973065276,0.24517888851580144,0.08649218579133351,0.002461472970038641
