case_root,split,num_seeds,seeds,accuracy_mean,accuracy_std,brier_mean,brier_std,ece_mean,ece_std,error_mean,error_std,macro_f1_mean,macro_f1_std,nll_mean,nll_std
.,test,3,1 2 3,93.15889875094096,0.3476182464611336,0.10098820924758911,0.003377590560653967,1.3434435222902035,0.3291669955453319,6.841101249059041,0.3476182464611336,93.06381306810852,0.3904901674162246,0.20929195483525595,0.008850143819223251
