method,acc,nll,ece15,no_beta_omega_mean,no_beta_omega_std,no_beta_omega_p10,no_beta_omega_p50,no_beta_omega_p90,no_beta_frac_omega_gt_03,no_beta_frac_omega_lt_03,beta_beta_u,beta_beta_m,beta_beta_d,beta_omega_mean,beta_omega_std,beta_omega_p10,beta_omega_p50,beta_omega_p90,beta_frac_omega_gt_03,beta_frac_omega_lt_03
C_only,0.9275,0.19620101538879609,0.021678965788607774,,,,,,,,,,,,,,,,,
R_only,0.01,8.626625620199237,0.5205033010345327,,,,,,,,,,,,,,,,,
orig_logit_0.7C_0.3R,0.9175,0.27638944727675785,0.05545463473240207,,,,,,,,,,,,,,,,,
no_beta_logit,0.925,0.1964314910809194,0.024580235982714187,0.0058827132308840865,0.030182300892006266,4.626952132674424e-05,0.0004321846833373751,0.00617864008647134,0.0,1.0,,,,,,,,,,
beta_tuned_logit,0.93,0.19686595944506535,0.0240961633411365,,,,,,,,2.0,2.0,2.0,0.022455577935479597,0.03600284270432637,0.0030933463907629995,0.00900019253346403,0.052314555748843174,0.0,1.0
control_orig_prob_0.7C_0.3R,0.9275,0.5423731177364296,,,,,,,,,,,,,,,,,,
