method,acc,nll,ece15,no_beta_omega_mean,no_beta_omega_std,no_beta_omega_p10,no_beta_omega_p50,no_beta_omega_p90,no_beta_frac_omega_gt_03,no_beta_frac_omega_lt_03,beta_beta_u,beta_beta_m,beta_beta_d,beta_omega_mean,beta_omega_std,beta_omega_p10,beta_omega_p50,beta_omega_p90,beta_frac_omega_gt_03,beta_frac_omega_lt_03
C_only,0.9525,0.17114456892177707,0.014860225250737876,,,,,,,,,,,,,,,,,
R_only,0.01,7.487045817694169,0.34077593602225537,,,,,,,,,,,,,,,,,
orig_logit_0.7C_0.3R,0.9475,0.20500983132230555,0.03825697975890564,,,,,,,,,,,,,,,,,
no_beta_logit,0.9525,0.1709880817250798,0.009966660303716346,0.0017667777283824617,0.005635534054627108,1.1429191472100785e-05,0.00020104314929612568,0.003531379707190851,0.0,1.0,,,,,,,,,,
beta_tuned_logit,0.955,0.16954948562144445,0.024671457001648855,,,,,,,,2.0,0.0,1.0,0.05728836103085262,0.019624070595849842,0.03965093786511714,0.05256306339471724,0.08130861858714568,0.0,1.0
control_orig_prob_0.7C_0.3R,0.9525,0.5188481527511698,,,,,,,,,,,,,,,,,,
