case_root,split,num_seeds,seeds,accuracy_mean,accuracy_std,brier_mean,brier_std,ece_mean,ece_std,error_mean,error_std,macro_f1_mean,macro_f1_std,nll_mean,nll_std
.,test,3,1 2 3,93.83119940757751,0.36859217970555036,0.09225346893072128,0.003967833636834103,1.5021923680017177,0.09841058856898315,6.168800592422485,0.36859217970555036,93.76473570466351,0.4182025244863936,0.18198102712631226,0.006098212453855435
