case_root,split,num_seeds,seeds,accuracy_mean,accuracy_std,brier_mean,brier_std,ece_mean,ece_std,error_mean,error_std,macro_f1_mean,macro_f1_std,nll_mean,nll_std
.,test,2,1 2,93.1725263595581,0.14990568161010742,0.10645824298262596,0.0027822963893413544,2.6643695266606144,0.22619230589966732,6.8274736404418945,0.14990568161010742,93.1291276742997,0.177377259827864,0.23395666480064392,0.01196327805519104
