case_root,split,num_seeds,seeds,accuracy_mean,accuracy_std,brier_mean,brier_std,ece_mean,ece_std,error_mean,error_std,macro_f1_mean,macro_f1_std,nll_mean,nll_std
.,test,3,1 2 3,93.83119742075603,0.2501290923545026,0.09470527867476146,0.0036854457957012114,2.1367856484890373,0.2021966155597593,6.168802579243978,0.2501290923545026,93.77540849140449,0.27083270491903805,0.20266559720039368,0.01324923138092932
