case_root,split,num_seeds,seeds,accuracy_mean,accuracy_std,brier_mean,brier_std,ece_mean,ece_std,error_mean,error_std,macro_f1_mean,macro_f1_std,nll_mean,nll_std,accuracy_calibrated_mean,accuracy_calibrated_std,brier_calibrated_mean,brier_calibrated_std,ece_calibrated_mean,ece_calibrated_std,error_calibrated_mean,error_calibrated_std,macro_f1_calibrated_mean,macro_f1_calibrated_std,nll_calibrated_mean,nll_calibrated_std,temperature_mean,temperature_std
fewshot_train/caltech101/shots_1/ViT-B-16,test,3,1 2 3,93.30628712972005,0.5012502585796728,0.09968397269646327,0.003868002312209737,1.3755615540176247,0.4199508621465972,6.693712870279948,0.5012502585796728,90.08323119544099,0.5815096665369162,0.20626347760359445,0.0033282047128996403,93.30628712972005,0.5012502585796728,0.09943970541159312,0.004461629850493904,1.5389029626269208,0.4452174145820753,6.693712870279948,0.5012502585796728,90.08323119544099,0.5815096665369162,0.2011666645606359,0.005391859623529413,0.871396005153656,0.047908266950873274
fewshot_train/ucf101/shots_1/ViT-B-16,test,3,1 2 3,72.08564678827922,0.694702262362285,0.3716326951980591,0.0056818546154833675,2.6313440572722846,0.39026710814599813,27.914353211720783,0.694702262362285,69.7558778355568,0.7932869377396,0.9499340852101644,0.024438887102263062,72.08564678827922,0.694702262362285,0.37196849783261615,0.004479560871982013,2.9337104881625944,1.1625083911654606,27.914353211720783,0.694702262362285,69.7558778355568,0.7932869377396,0.9518076181411743,0.022756177063051004,1.004132350285848,0.05895625608934013
