case_root,split,num_seeds,seeds,accuracy_mean,accuracy_std,brier_mean,brier_std,ece_mean,ece_std,error_mean,error_std,macro_f1_mean,macro_f1_std,nll_mean,nll_std,accuracy_calibrated_mean,accuracy_calibrated_std,brier_calibrated_mean,brier_calibrated_std,ece_calibrated_mean,ece_calibrated_std,error_calibrated_mean,error_calibrated_std,macro_f1_calibrated_mean,macro_f1_calibrated_std,nll_calibrated_mean,nll_calibrated_std,temperature_mean,temperature_std
fewshot_train/caltech101/shots_16/ViT-B-16,test,3,1 2 3,95.65922816594441,0.15179017549904647,0.06118599697947502,0.0012912999421933308,1.190375137603146,0.272652939698746,4.340771834055583,0.15179017549904647,93.49047607706453,0.154851426492088,0.12384055554866791,0.0039609531355844834,95.65922816594441,0.15179017549904647,0.06171018878618876,0.0009621672745051529,1.210782197458346,0.40340757905658287,4.340771834055583,0.15179017549904647,93.49047607706453,0.154851426492088,0.12357419729232788,0.003609104981658254,0.9025911490122477,0.060975232472232764
