case_root,split,num_seeds,seeds,accuracy_mean,accuracy_std,brier_mean,brier_std,ece_mean,ece_std,error_mean,error_std,macro_f1_mean,macro_f1_std,nll_mean,nll_std,accuracy_calibrated_mean,accuracy_calibrated_std,brier_calibrated_mean,brier_calibrated_std,ece_calibrated_mean,ece_calibrated_std,error_calibrated_mean,error_calibrated_std,macro_f1_calibrated_mean,macro_f1_calibrated_std,nll_calibrated_mean,nll_calibrated_std,temperature_mean,temperature_std
fewshot_train/caltech101/shots_16/ViT-B-16,test,3,1 2 3,95.95672885576884,0.13790569109910997,0.0595383383333683,0.002948349103762076,0.8333348510553903,0.04585523397768014,4.04327114423116,0.13790569109910997,93.85810507979805,0.2755755059764859,0.11698143929243088,0.0072096326797994196,95.95672885576884,0.13790569109910997,0.05958017334342003,0.002990276798152716,0.8429480727416909,0.202429151358405,4.04327114423116,0.13790569109910997,93.85810507979805,0.2755755059764859,0.1163756251335144,0.008128782501909529,0.9641000032424927,0.047794577326608106
fewshot_train/dtd/shots_16/ViT-B-16,test,3,1 2 3,71.82821035385132,0.6033652638792493,0.3860723276933034,0.00867083256132559,2.719377781799499,0.46159302737011093,28.17178964614868,0.6033652638792493,71.84636084114194,0.6770225857124429,0.9525409539540609,0.02169190532036064,71.82821035385132,0.6033652638792493,0.38621867696444195,0.008823834557066916,2.4954035478938366,0.3634323016852768,28.17178964614868,0.6033652638792493,71.84636084114194,0.6770225857124429,0.954660435517629,0.023868717055890592,1.0465972026189168,0.06679712224314706
fewshot_train/oxford_pets/shots_16/ViT-B-16,test,3,1 2 3,91.01480841636658,0.0842520668694254,0.13053154945373535,0.0015626474448887796,1.8790385113800427,0.21858302523658998,8.985191583633423,0.0842520668694254,90.93687173139142,0.09079435551484112,0.26285049319267273,0.005619586786375155,91.01480841636658,0.0842520668694254,0.1313490370909373,0.0018528829853064672,2.129850077853277,1.0096355001393917,8.985191583633423,0.0842520668694254,90.93687173139142,0.09079435551484112,0.26737792293230694,0.008190998655957203,0.7376589179039001,0.1021011608907937
