case_root,split,num_seeds,seeds,accuracy_mean,accuracy_std,brier_mean,brier_std,ece_mean,ece_std,error_mean,error_std,macro_f1_mean,macro_f1_std,nll_mean,nll_std,accuracy_calibrated_mean,accuracy_calibrated_std,brier_calibrated_mean,brier_calibrated_std,ece_calibrated_mean,ece_calibrated_std,error_calibrated_mean,error_calibrated_std,macro_f1_calibrated_mean,macro_f1_calibrated_std,nll_calibrated_mean,nll_calibrated_std,temperature_mean,temperature_std
fewshot_train/caltech101/shots_16/ViT-B-16,test,3,1 2 3,95.97025116284688,0.05059584016478746,0.05983315904935201,0.003459316267480835,0.7409307642753581,0.1980980965512456,4.029748837153117,0.05059584016478746,93.85616500314671,0.148812360325024,0.1177320306499799,0.007947142139920036,95.97025116284688,0.05059584016478746,0.05987717707951864,0.0034806607749999045,0.7115986505983003,0.18449320119507448,4.029748837153117,0.05059584016478746,93.85616500314671,0.148812360325024,0.11716979245344798,0.008915274039361716,0.9676504731178284,0.055122576676814194
fewshot_train/dtd/shots_16/ViT-B-16,test,3,1 2 3,71.82821035385132,0.6033652638792493,0.3861016432444255,0.008672784952327308,2.752710729426432,0.591108714831728,28.17178964614868,0.6033652638792493,71.84636084114194,0.6770225857124429,0.9525894125302633,0.021712598895619814,71.82821035385132,0.6033652638792493,0.3862265646457672,0.00882129875603703,2.5090412547190986,0.3486330621992281,28.17178964614868,0.6033652638792493,71.84636084114194,0.6770225857124429,0.9546764492988586,0.023894203276984046,1.048126459121704,0.066915261436438
fewshot_train/oxford_pets/shots_16/ViT-B-16,test,3,1 2 3,91.01480841636658,0.0842520668694254,0.1304799516995748,0.0015608994950958954,1.8485729652074072,0.23331015225556712,8.985191583633423,0.0842520668694254,90.93553778488074,0.09268081426549922,0.26266218225161236,0.005625385576033473,91.01480841636658,0.0842520668694254,0.13133133947849274,0.0018611349226391562,2.1137542599573376,1.01790143515487,8.985191583633423,0.0842520668694254,90.93553778488074,0.09268081426549922,0.26721641421318054,0.008220503348749734,0.7416511178016663,0.10230258790974164
