case_root,split,num_seeds,seeds,accuracy_mean,accuracy_std,brier_mean,brier_std,ece_mean,ece_std,error_mean,error_std,macro_f1_mean,macro_f1_std,nll_mean,nll_std
.,test,3,1 2 3,95.1453685760498,0.13386621815374947,0.0707429697116216,0.0021850466892524463,1.6178407753295716,0.2715975910691442,4.854631423950195,0.13386621815374947,92.98590036293146,0.1594681083209789,0.1357467919588089,0.0039000026043079622
