case_root,split,num_seeds,seeds,accuracy_mean,accuracy_std,brier_mean,brier_std,ece_mean,ece_std,error_mean,error_std,macro_f1_mean,macro_f1_std,nll_mean,nll_std
.,test,3,1 2 3,97.86959290504456,0.09129850324429865,0.03475329031546911,0.0013422468644249922,2.6080255501881346,0.12146031472454769,2.1304070949554443,0.09129850324429865,95.69070038406754,0.22969709629658697,0.07550998528798421,0.0021036785718281234
