case_root,split,num_seeds,seeds,accuracy_mean,accuracy_std,brier_mean,brier_std,ece_mean,ece_std,error_mean,error_std,macro_f1_mean,macro_f1_std,nll_mean,nll_std
.,test,3,1 2 3,94.42866841952006,0.2777894767121777,0.07971719900767009,0.0009158122627872801,2.666432491482876,0.3859852308643765,5.5713315804799395,0.2777894767121777,91.89106991741642,0.26561107356212993,0.16166957716147104,0.0018791616312934607
