case_root,split,num_seeds,seeds,accuracy_mean,accuracy_std,brier_mean,brier_std,ece_mean,ece_std,error_mean,error_std,macro_f1_mean,macro_f1_std,nll_mean,nll_std
.,test,3,1 2 3,76.21509830156963,0.7818875609863076,0.3160878320535024,0.007020086003931236,3.3571299892310558,0.6515902131934542,23.784901698430378,0.7818875609863076,74.64478622390884,0.8319990248664705,0.6933779716491699,0.014579353408029627
