case_root,split,num_seeds,seeds,accuracy_mean,accuracy_std,brier_mean,brier_std,ece_mean,ece_std,error_mean,error_std,macro_f1_mean,macro_f1_std,nll_mean,nll_std
.,test,3,1 2 3,91.70527855555217,0.6802318570601792,0.13724909722805023,0.007083122310880808,8.788491985277918,0.14405697440294096,8.294721444447836,0.6802318570601792,91.68046640708806,0.7183111876755824,0.28862642248471576,0.010522153125489674
