case_root,split,num_seeds,seeds,accuracy_mean,accuracy_std,brier_mean,brier_std,ece_mean,ece_std,error_mean,error_std,macro_f1_mean,macro_f1_std,nll_mean,nll_std
.,test,3,1 2 3,97.82655437787373,0.1521641720738311,0.03478332733114561,0.0013622753286157963,2.5770456397279453,0.16206376378136308,2.1734456221262612,0.1521641720738311,95.58342241360171,0.3783395298845027,0.07561465352773666,0.0021705221718197744
