case_root,split,num_seeds,seeds,accuracy_mean,accuracy_std,brier_mean,brier_std,ece_mean,ece_std,error_mean,error_std,macro_f1_mean,macro_f1_std,nll_mean,nll_std
.,test,3,1 2 3,93.7312622865041,0.47884775326304635,0.0949066753188769,0.0066145265656776695,1.4676047270917714,0.4738491057142912,6.268737713495891,0.47884775326304635,93.6807967202729,0.49658489038790227,0.19600210090478262,0.015726609557838573
