case_root,split,num_seeds,seeds,accuracy_mean,accuracy_std,brier_mean,brier_std,ece_mean,ece_std,error_mean,error_std,macro_f1_mean,macro_f1_std,nll_mean,nll_std
.,test,3,1 2 3,81.619526942571,0.3145045729344782,0.25944822033246356,0.005115411574062892,2.990559628106117,0.4374189738841917,18.380473057428997,0.3145045729344782,80.54562496111238,0.21219549330198764,0.6641717751820883,0.021795438372609697
