case_root,split,num_seeds,seeds,accuracy_mean,accuracy_std,brier_mean,brier_std,ece_mean,ece_std,error_mean,error_std,macro_f1_mean,macro_f1_std,nll_mean,nll_std
.,test,3,1 2 3,77.98925042152405,0.4951647608547615,0.30276554822921753,0.007424998518445939,1.9656918074383234,0.2900209354485605,22.010749578475952,0.4951647608547615,76.61200797934491,0.5411723666063093,0.7479315400123596,0.021043987091675084
