case_root,split,num_seeds,seeds,accuracy_mean,accuracy_std,brier_mean,brier_std,ece_mean,ece_std,error_mean,error_std,macro_f1_mean,macro_f1_std,nll_mean,nll_std
.,test,3,1 2 3,88.80958755811055,0.2808587471600591,0.16619222859541574,0.004731418610192134,2.6747050012446825,0.14562776251683904,11.190412441889444,0.2808587471600591,88.43966440505989,0.2870372066190975,0.4010278383890788,0.00810166832633923
