case_root,split,num_seeds,seeds,accuracy_mean,accuracy_std,brier_mean,brier_std,ece_mean,ece_std,error_mean,error_std,macro_f1_mean,macro_f1_std,nll_mean,nll_std,accuracy_calibrated_mean,accuracy_calibrated_std,brier_calibrated_mean,brier_calibrated_std,ece_calibrated_mean,ece_calibrated_std,error_calibrated_mean,error_calibrated_std,macro_f1_calibrated_mean,macro_f1_calibrated_std,nll_calibrated_mean,nll_calibrated_std,temperature_mean,temperature_std
fewshot_train/caltech101/shots_1/ViT-B-16,test,3,1 2 3,93.19810668627422,0.44109709956954724,0.10126215467850368,0.0010991467213337155,2.435562547354218,0.5633087828394076,6.801893313725789,0.44109709956954724,90.05072170203833,0.573482106337053,0.21299527088801065,0.003037443507724027,93.19810668627422,0.44109709956954724,0.0991223081946373,0.0023776065574464132,1.4191885247191842,0.07359980368476406,6.801893313725789,0.44109709956954724,90.05072170203833,0.573482106337053,0.19966796040534973,0.0033150670623376447,0.8011813362439474,0.05315213018348396
fewshot_train/ucf101/shots_1/ViT-B-16,test,3,1 2 3,71.6715117295583,0.7230676111744783,0.37635650237401325,0.006528008505978843,2.6397615017287164,0.13790666451478828,28.328488270441692,0.7230676111744783,69.02563629963889,0.9747541178103832,0.9687434434890747,0.02187675127742804,71.6715117295583,0.7230676111744783,0.3767286241054535,0.006059516465591979,2.7027657221556654,0.15032901471335142,28.328488270441692,0.7230676111744783,69.02563629963889,0.9747541178103832,0.9687546292940775,0.02217604104572472,0.9718166987101237,0.040566690975705776
