case_root,split,num_seeds,seeds,accuracy_mean,accuracy_std,brier_mean,brier_std,ece_mean,ece_std,error_mean,error_std,macro_f1_mean,macro_f1_std,nll_mean,nll_std,accuracy_calibrated_mean,accuracy_calibrated_std,brier_calibrated_mean,brier_calibrated_std,ece_calibrated_mean,ece_calibrated_std,error_calibrated_mean,error_calibrated_std,macro_f1_calibrated_mean,macro_f1_calibrated_std,nll_calibrated_mean,nll_calibrated_std,temperature_mean,temperature_std
fewshot_train/caltech101/shots_1/ViT-B-16,test,3,1 2 3,93.19810668627422,0.3479300454949068,0.10039523988962173,8.516218320668936e-05,2.3428981926007557,0.5697095085754498,6.801893313725789,0.3479300454949068,90.12566794561295,0.5155863197119094,0.21100696921348572,0.004257363443000349,93.19810668627422,0.3479300454949068,0.09836738556623459,0.0012776872252531458,1.2942706645945585,0.26503012348989535,6.801893313725789,0.3479300454949068,90.12566794561295,0.5155863197119094,0.19735081493854523,0.0029578379464882407,0.804166833559672,0.05273274675031857
fewshot_train/ucf101/shots_1/ViT-B-16,test,3,1 2 3,71.96228702863057,0.6667563583572436,0.37489083409309387,0.004959249126714058,2.5012552488720967,0.21415863278419503,28.037712971369427,0.6667563583572436,69.46593896342199,1.0055385545480466,0.9611897269884745,0.02111722782397137,71.96228702863057,0.6667563583572436,0.3755004405975342,0.004173528428424392,2.4549274237022094,0.47084498131512764,28.037712971369427,0.6667563583572436,69.46593896342199,1.0055385545480466,0.9619161685307821,0.02055470608687226,0.9691680272420248,0.04620041705335245
