case_root,split,num_seeds,seeds,accuracy_mean,accuracy_std,brier_mean,brier_std,ece_mean,ece_std,error_mean,error_std,macro_f1_mean,macro_f1_std,nll_mean,nll_std,accuracy_calibrated_mean,accuracy_calibrated_std,brier_calibrated_mean,brier_calibrated_std,ece_calibrated_mean,ece_calibrated_std,error_calibrated_mean,error_calibrated_std,macro_f1_calibrated_mean,macro_f1_calibrated_std,nll_calibrated_mean,nll_calibrated_std,temperature_mean,temperature_std
fewshot_train/caltech101/shots_16/ViT-B-16,test,3,1 2 3,95.37525375684102,0.08763732497756328,0.07143270472685496,0.0010428546716183046,2.9298654001173414,0.23017275878929355,4.6247462431589765,0.08763732497756328,93.1742091990153,0.16282464950561923,0.15265244245529175,0.0031671801218398025,95.37525375684102,0.08763732497756328,0.06887653718392055,0.0005170193777004421,1.0201566718251742,0.07209133414309495,4.6247462431589765,0.08763732497756328,93.1742091990153,0.16282464950561923,0.1362555871407191,0.0026146413380581635,0.7662614981333414,0.05479693423976182
fewshot_train/dtd/shots_16/ViT-B-16,test,3,1 2 3,71.11899058024089,0.14742375937524246,0.398902823527654,0.007153907884991401,7.015238537022314,0.16423432380511208,28.881009419759113,0.14742375937524246,71.02050678165185,0.20218011719506218,0.9986358284950256,0.018586656408741548,71.11899058024089,0.14742375937524246,0.39221606651941937,0.008174533504582157,2.273723348634651,0.7391884535105704,28.881009419759113,0.14742375937524246,71.02050678165185,0.20218011719506218,0.9667655229568481,0.024051254888678437,0.8310338258743286,0.047096980810768053
fewshot_train/oxford_pets/shots_16/ViT-B-16,test,3,1 2 3,92.2594706217448,0.09700184299272621,0.11727043489615123,0.0017098819546326142,5.392504042735204,0.056401229025091724,7.740529378255208,0.09700184299272621,92.2053702619561,0.1098123908145377,0.24596074720223746,0.00423600807354426,92.2594706217448,0.09700184299272621,0.1115281085173289,0.002424688403924716,2.112733781949651,0.4019474955431971,7.740529378255208,0.09700184299272621,92.2053702619561,0.1098123908145377,0.2274707853794098,0.009086312915011356,0.5233926773071289,0.024329035591618108
