case_root,split,num_seeds,seeds,accuracy_mean,accuracy_std,brier_mean,brier_std,ece_mean,ece_std,error_mean,error_std,macro_f1_mean,macro_f1_std,nll_mean,nll_std
.,test,3,1 2 3,88.59811425209045,0.2898396372843021,0.16546839972337088,0.0036702607159924223,2.7815789711697003,0.167402938602235,11.401885747909546,0.2898396372843021,88.23047782913224,0.3032868353704859,0.3972638746102651,0.010481481706496506
