case_root,split,num_seeds,seeds,accuracy_mean,accuracy_std,brier_mean,brier_std,ece_mean,ece_std,error_mean,error_std,macro_f1_mean,macro_f1_std,nll_mean,nll_std
.,test,3,1 2 3,99.11771019299825,0.10972714494014472,0.016333885490894318,0.000347363153854296,1.2109598970192592,0.14494419226848038,0.8822898070017496,0.10972714494014472,98.45222737841374,0.19831881093151105,0.03570653746525446,0.0008558172105849668
