case_root,split,num_seeds,seeds,accuracy_mean,accuracy_std,brier_mean,brier_std,ece_mean,ece_std,error_mean,error_std,macro_f1_mean,macro_f1_std,nll_mean,nll_std
.,test,3,1 2 3,86.75654331843059,0.04316518562063074,0.19166805843512216,0.0024856030768995244,3.199816604092926,0.156035014024901,13.243456681569418,0.04316518562063074,86.2813506696542,0.14137008737511544,0.4735584457715352,0.014574998891535065
