case_root,split,num_seeds,seeds,accuracy_mean,accuracy_std,brier_mean,brier_std,ece_mean,ece_std,error_mean,error_std,macro_f1_mean,macro_f1_std,nll_mean,nll_std
.,test,3,1 2 3,98.38605523109436,0.15813364627411725,0.027829375118017197,0.001201982504605055,1.9760043313997342,0.31661778764746024,1.6139447689056396,0.15813364627411725,96.95666717616551,0.35998641944418164,0.057185119638840355,0.0010324386189901396
