case_root,split,num_seeds,seeds,accuracy_mean,accuracy_std,brier_mean,brier_std,ece_mean,ece_std,error_mean,error_std,macro_f1_mean,macro_f1_std,nll_mean,nll_std
.,test,3,1 2 3,97.35313057899475,0.15813364627411725,0.07006045058369637,0.011663718435566647,9.52188021086328,1.702223036627365,2.646869421005249,0.15813364627411725,94.45498392814372,0.42499798905159836,0.17900851368904114,0.030012174365498724
