case_root,split,num_seeds,seeds,accuracy_mean,accuracy_std,brier_mean,brier_std,ece_mean,ece_std,error_mean,error_std,macro_f1_mean,macro_f1_std,nll_mean,nll_std
.,test,3,1 2 3,98.45061302185059,0.24155313465683795,0.02789587527513504,0.00111657551794177,2.0082751906685146,0.34416341361916497,1.549386978149414,0.24155313465683795,97.07317799026147,0.5145433793791196,0.057603721817334495,0.0007695755043635938
