case_root,split,num_seeds,seeds,accuracy_mean,accuracy_std,brier_mean,brier_std,ece_mean,ece_std,error_mean,error_std,macro_f1_mean,macro_f1_std,nll_mean,nll_std
.,test,3,1 2 3,77.63679623603821,0.502940862784277,0.31059394280115765,0.008399255073020634,1.7271763719050452,0.3867775108313094,22.363203763961792,0.502940862784277,76.32876736902712,0.4615475909757012,0.7722158233324686,0.02471981731873761
