case_root,split,num_seeds,seeds,accuracy_mean,accuracy_std,brier_mean,brier_std,ece_mean,ece_std,error_mean,error_std,macro_f1_mean,macro_f1_std,nll_mean,nll_std,accuracy_calibrated_mean,accuracy_calibrated_std,brier_calibrated_mean,brier_calibrated_std,ece_calibrated_mean,ece_calibrated_std,error_calibrated_mean,error_calibrated_std,macro_f1_calibrated_mean,macro_f1_calibrated_std,nll_calibrated_mean,nll_calibrated_std,temperature_mean,temperature_std
fewshot_train/caltech101/shots_16/ViT-B-16,test,3,1 2 3,95.99729577700298,0.1338688272348932,0.059552475810050964,0.0029291438683076753,0.5684478035885551,0.021832105102915108,4.002704222997029,0.1338688272348932,93.93137937052427,0.2536737949820849,0.11630364507436752,0.007265349549484167,95.99729577700298,0.1338688272348932,0.05960711091756821,0.0029357738662593533,0.6422079860801387,0.09559059891736757,4.002704222997029,0.1338688272348932,93.93137937052427,0.2536737949820849,0.11632327487071355,0.007906935059797792,0.9988553921381632,0.05048011503134345
fewshot_train/dtd/shots_16/ViT-B-16,test,3,1 2 3,71.80850903193156,0.39499541218003503,0.3891073167324066,0.008348388879625081,3.7769693233971053,0.16670356651741597,28.19149096806844,0.39499541218003503,71.91189865908713,0.449568844639729,0.9613756736119589,0.022599182719975467,71.80850903193156,0.39499541218003503,0.38751691579818726,0.008218198655405767,2.449382462893254,0.39170132566180105,28.19149096806844,0.39499541218003503,71.91189865908713,0.449568844639729,0.9568844437599182,0.022998912096636046,1.1154382228851318,0.0687541536081873
fewshot_train/oxford_pets/shots_16/ViT-B-16,test,3,1 2 3,90.87853233019511,0.07153559527347446,0.13131660223007202,0.0008783201050387448,1.6069726303843892,0.18642788177796363,9.121467669804892,0.07153559527347446,90.7975389555638,0.0760676911409539,0.2630858321984609,0.004454671523523454,90.87853233019511,0.07153559527347446,0.1325260748465856,0.0006367778653686577,2.2597255981443927,0.8266480376460187,9.121467669804892,0.07153559527347446,90.7975389555638,0.0760676911409539,0.2701292335987091,0.005832284444656598,0.7481712500254313,0.09582747253864726
