case_root,split,num_seeds,seeds,accuracy_mean,accuracy_std,brier_mean,brier_std,ece_mean,ece_std,error_mean,error_std,macro_f1_mean,macro_f1_std,nll_mean,nll_std,accuracy_calibrated_mean,accuracy_calibrated_std,brier_calibrated_mean,brier_calibrated_std,ece_calibrated_mean,ece_calibrated_std,error_calibrated_mean,error_calibrated_std,macro_f1_calibrated_mean,macro_f1_calibrated_std,nll_calibrated_mean,nll_calibrated_std,temperature_mean,temperature_std
fewshot_train/caltech101/shots_16/ViT-B-16,test,3,1 2 3,95.82149982452393,0.03312275248643222,0.06101155777772268,0.0031747407686948015,0.6659401917957308,0.16569892459788452,4.178500175476074,0.03312275248643222,93.68378014807924,0.11247942408094427,0.1195236121614774,0.007604050364121478,95.82149982452393,0.03312275248643222,0.06105511883894602,0.003177652167815218,0.6128650684063301,0.1166357579236622,4.178500175476074,0.03312275248643222,93.68378014807924,0.11247942408094427,0.11940689881642659,0.008307803668550736,0.9915916721026102,0.045182265586288566
fewshot_train/dtd/shots_16/ViT-B-16,test,3,1 2 3,71.23719652493794,0.4483769229653684,0.3927387495835622,0.007812142297031437,3.704918347375425,0.23355700232629867,28.762803475062054,0.4483769229653684,71.29883349452892,0.4712975777994896,0.9867685039838155,0.018259005017805113,71.23719652493794,0.4483769229653684,0.391275018453598,0.007816483557238995,2.0221874229404473,0.4999606061254145,28.762803475062054,0.4483769229653684,71.29883349452892,0.4712975777994896,0.9812166690826416,0.01932890510490156,1.1204770008722942,0.06345830882972646
fewshot_train/oxford_pets/shots_16/ViT-B-16,test,3,1 2 3,90.58780670166016,0.278249787449613,0.13738848765691122,0.002551940772886913,1.4635486196429743,0.3010900582625936,9.412193298339844,0.278249787449613,90.5035827491521,0.2890519777086986,0.27476534247398376,0.007325872295418298,90.58780670166016,0.278249787449613,0.1382711629072825,0.0018890705201374091,1.925306026905469,0.7947077046854223,9.412193298339844,0.278249787449613,90.5035827491521,0.2890519777086986,0.27905045946439105,0.006911450299865805,0.7898645997047424,0.07952111468543926
