case_root,split,num_seeds,seeds,accuracy_mean,accuracy_std,brier_mean,brier_std,ece_mean,ece_std,error_mean,error_std,macro_f1_mean,macro_f1_std,nll_mean,nll_std,accuracy_calibrated_mean,accuracy_calibrated_std,brier_calibrated_mean,brier_calibrated_std,ece_calibrated_mean,ece_calibrated_std,error_calibrated_mean,error_calibrated_std,macro_f1_calibrated_mean,macro_f1_calibrated_std,nll_calibrated_mean,nll_calibrated_std,temperature_mean,temperature_std
fewshot_train/caltech101/shots_1/ViT-B-16,test,3,1 2 3,92.91413029034932,0.31481864434530743,0.10456498215595882,0.002217520193695266,1.4989313892289702,0.5734280014267008,7.085869709650676,0.31481864434530743,89.77215297921805,0.40593820206334735,0.21718104680379233,0.0011907149553129351,92.91413029034932,0.31481864434530743,0.10389233380556107,0.002832835087596126,1.3651523767813707,0.10967886920180467,7.085869709650676,0.31481864434530743,89.77215297921805,0.40593820206334735,0.21242410937945047,0.0027960237212026015,0.9117229580879211,0.03773817605644614
fewshot_train/caltech101/shots_16/ViT-B-16,test,3,1 2 3,95.86206873257954,0.16561619578755316,0.059246925016244255,0.0016643362824770647,1.1450558975389311,0.24943914647981805,4.137931267420451,0.16561619578755316,93.8011224507802,0.16435332350525905,0.12033871561288834,0.00435931230664342,95.86206873257954,0.16561619578755316,0.05956017350157102,0.0013818045484979306,1.2086305370840211,0.3194898808577238,4.137931267420451,0.16561619578755316,93.8011224507802,0.16435332350525905,0.12008469055096309,0.00426854885171747,0.922468920548757,0.06066128794137523
