case_root,split,num_seeds,seeds,accuracy_mean,accuracy_std,brier_mean,brier_std,ece_mean,ece_std,error_mean,error_std,macro_f1_mean,macro_f1_std,nll_mean,nll_std,accuracy_calibrated_mean,accuracy_calibrated_std,brier_calibrated_mean,brier_calibrated_std,ece_calibrated_mean,ece_calibrated_std,error_calibrated_mean,error_calibrated_std,macro_f1_calibrated_mean,macro_f1_calibrated_std,nll_calibrated_mean,nll_calibrated_std,temperature_mean,temperature_std
fewshot_train/caltech101/shots_1/ViT-B-16,test,3,1 2 3,93.37390263875325,0.5070543148140677,0.09917964537938435,0.004112258296423532,1.3293833860358006,0.3901901631761734,6.626097361246745,0.5070543148140677,90.20903298597368,0.5646358372864719,0.20544772843519846,0.0037893629260882813,93.37390263875325,0.5070543148140677,0.09892519563436508,0.004671603080983372,1.6221244219108721,0.3782373713062965,6.626097361246745,0.5070543148140677,90.20903298597368,0.5646358372864719,0.20024131735165915,0.005696811104320959,0.8663731018702189,0.04265324014957279
