case_root,split,num_seeds,seeds,accuracy_mean,accuracy_std,brier_mean,brier_std,ece_mean,ece_std,error_mean,error_std,macro_f1_mean,macro_f1_std,nll_mean,nll_std,accuracy_calibrated_mean,accuracy_calibrated_std,brier_calibrated_mean,brier_calibrated_std,ece_calibrated_mean,ece_calibrated_std,error_calibrated_mean,error_calibrated_std,macro_f1_calibrated_mean,macro_f1_calibrated_std,nll_calibrated_mean,nll_calibrated_std,temperature_mean,temperature_std
fewshot_train/caltech101/shots_1/ViT-B-16,test,3,1 2 3,93.36037834485371,0.4521487573026798,0.09940574318170547,0.004186749623835479,1.2873536589139212,0.3613563438079296,6.639621655146281,0.4521487573026798,90.20639750336676,0.508565885713258,0.20582417150338492,0.004200134177404437,93.36037834485371,0.4521487573026798,0.0991611232360204,0.0047659159303604605,1.4199122296869149,0.46387463133831414,6.639621655146281,0.4521487573026798,90.20639750336676,0.508565885713258,0.20067048072814941,0.00627792632274416,0.8708095749219259,0.041904207174823724
