case_root,split,num_seeds,seeds,accuracy_mean,accuracy_std,brier_mean,brier_std,ece_mean,ece_std,error_mean,error_std,macro_f1_mean,macro_f1_std,nll_mean,nll_std
.,test,3,1 2 3,94.71912185351054,0.18072135506206746,0.08627945433060329,0.0008678901706431286,4.2568152331722855,0.724570606188079,5.280878146489461,0.18072135506206746,94.67310669844564,0.20613894598124335,0.17585213979085287,0.0032834256358182977
