case_root,split,num_seeds,seeds,accuracy_mean,accuracy_std,brier_mean,brier_std,ece_mean,ece_std,error_mean,error_std,macro_f1_mean,macro_f1_std,nll_mean,nll_std
.,test,3,1 2 3,78.81764968236287,0.9975712785245059,0.28583072622617084,0.012015486195229028,2.6559921018124366,0.07982817175173833,21.182350317637127,0.9975712785245059,77.165039749475,1.0600880821291934,0.6413564880688986,0.036048543025851136
