prompt_mode,text_acc,support_acc,final_acc,mean_js,text_wrong_support_correct_rate_all,text_wrong_final_correct_rate_all,auroc_js_for_text_error,auroc_disagree_for_text_error,auroc_entropy_text_for_text_error,auroc_js_for_final_error,auroc_conflict_aware_for_final_error,aurc_conflict_aware_for_final_error
original,0.9221095334685598,0.9322515212981745,0.9350912778904665,0.2293076409577917,0.047058823529411764,0.01460446247464503,0.6787927115412817,0.8601907354450798,0.8388899582050154,0.6986334056399133,0.8493763557483731,0.01452275543581361
weak_blend_mean,0.8758620689655172,0.9322515212981745,0.9363083164300203,0.11482854368938256,0.08803245436105477,0.06531440162271805,0.6564101632624642,0.9002367351139932,0.6744952728659782,0.5381613661702856,0.78441367053395,0.02191369524476223
coarse_alphabetic_groups,0.055983772819472616,0.9322515212981745,0.9302231237322515,0.28550420175582436,0.8774847870182556,0.8754563894523326,0.38343516252187615,0.9882709590627977,0.5974664150520357,0.26747482225986063,0.9033484112414935,0.01018860889787081
wrong_permutation,0.0016227180527383367,0.9322515212981745,0.044219066937119675,0.6405697770597099,0.9306288032454361,0.04259634888438134,0.9855749695245835,0.9997968305566842,0.3116619260463226,0.9340430834410678,0.23897602841077237,0.9745794254351537
