{
  "method_alias": "CLAP",
  "dataset": "caltech101",
  "shots": 16,
  "seed": 1,
  "out_dir": "/root/autodl-tmp/MMRL/output_refactor/analysis/minimal_sanity_experiments/CLAP/caltech101/shots_16/ViT-B-16/seed1",
  "experiments": {
    "exp1": {
      "final_acc": 0.9350912778904665,
      "text_acc": 0.9221095334685598,
      "support_acc": 0.9322515212981745,
      "auroc_js": 0.6986334056399133,
      "auroc_margin_conflict": 0.826024945770065,
      "auroc_entropy_final": 0.7717841648590021,
      "auroc_1_minus_msp_final": 0.9039777657266811,
      "delta_auroc_confidence_plus_js": 0.01514330443159928,
      "delta_eaurc_confidence_plus_js": -0.001060091417770406
    },
    "exp2": {
      "rows": [
        {
          "noise_rate": 0.0,
          "text_acc": 0.9221095334685598,
          "support_acc": 0.9322515212981745,
          "final_acc": 0.9350912778904665,
          "mean_js": 0.2293076409577917,
          "mean_entropy_final": 1.882291483531089,
          "mean_msp_support": 0.4339466392993927,
          "auroc_js": 0.6986334056399133,
          "auroc_entropy_final": 0.7717841648590021,
          "auroc_1_minus_msp_final": 0.9039777657266811,
          "auroc_conflict_aware": 0.8493763557483731,
          "aurc_1_minus_msp_final": 0.009081732095567473,
          "aurc_conflict_aware": 0.01452275543581361,
          "eaurc_1_minus_msp_final": 0.006914879049352335,
          "eaurc_conflict_aware": 0.012355902389598472
        },
        {
          "noise_rate": 0.1,
          "text_acc": 0.9221095334685598,
          "support_acc": 0.9334685598377281,
          "final_acc": 0.9346855983772819,
          "mean_js": 0.2528734014451517,
          "mean_entropy_final": 2.037127265484904,
          "mean_msp_support": 0.3901292085647583,
          "auroc_js": 0.6881631728778469,
          "auroc_entropy_final": 0.7748150664251208,
          "auroc_1_minus_msp_final": 0.9036673999309869,
          "auroc_conflict_aware": 0.8529966787439612,
          "aurc_1_minus_msp_final": 0.009157165267418851,
          "aurc_conflict_aware": 0.01412196471440832,
          "eaurc_1_minus_msp_final": 0.0069629163216043625,
          "eaurc_conflict_aware": 0.011927715768593831
        },
        {
          "noise_rate": 0.2,
          "text_acc": 0.9221095334685598,
          "support_acc": 0.9330628803245437,
          "final_acc": 0.9334685598377281,
          "mean_js": 0.2774144353409151,
          "mean_entropy_final": 2.179312629929276,
          "mean_msp_support": 0.34829527139663696,
          "auroc_js": 0.6824100868127325,
          "auroc_entropy_final": 0.7892565268547078,
          "auroc_1_minus_msp_final": 0.9045192440190374,
          "auroc_conflict_aware": 0.8632990958332009,
          "aurc_1_minus_msp_final": 0.009298463073289395,
          "aurc_conflict_aware": 0.013359873684395323,
          "eaurc_1_minus_msp_final": 0.007020969665724302,
          "eaurc_conflict_aware": 0.01108238027683023
        },
        {
          "noise_rate": 0.4,
          "text_acc": 0.9221095334685598,
          "support_acc": 0.9338742393509127,
          "final_acc": 0.9318458417849899,
          "mean_js": 0.33271550042385345,
          "mean_entropy_final": 2.4487371510262856,
          "mean_msp_support": 0.2614293694496155,
          "auroc_js": 0.6417843149449591,
          "auroc_entropy_final": 0.7998683583141571,
          "auroc_1_minus_msp_final": 0.899884943093476,
          "auroc_conflict_aware": 0.8740386010738644,
          "aurc_1_minus_msp_final": 0.00993440547068891,
          "aurc_conflict_aware": 0.012578532898402836,
          "eaurc_1_minus_msp_final": 0.007543450808564037,
          "eaurc_conflict_aware": 0.010187578236277963
        }
      ],
      "max_noise_auroc_js": 0.6986334056399133,
      "max_noise_auroc_entropy_final": 0.7998683583141571
    },
    "exp3": {
      "rows": [
        {
          "prompt_mode": "original",
          "text_acc": 0.9221095334685598,
          "support_acc": 0.9322515212981745,
          "final_acc": 0.9350912778904665,
          "mean_js": 0.2293076409577917,
          "text_wrong_support_correct_rate_all": 0.047058823529411764,
          "text_wrong_final_correct_rate_all": 0.01460446247464503,
          "auroc_js_for_text_error": 0.6787927115412817,
          "auroc_disagree_for_text_error": 0.8601907354450798,
          "auroc_entropy_text_for_text_error": 0.8388899582050154,
          "auroc_js_for_final_error": 0.6986334056399133,
          "auroc_conflict_aware_for_final_error": 0.8493763557483731,
          "aurc_conflict_aware_for_final_error": 0.01452275543581361
        },
        {
          "prompt_mode": "weak_blend_mean",
          "text_acc": 0.8758620689655172,
          "support_acc": 0.9322515212981745,
          "final_acc": 0.9363083164300203,
          "mean_js": 0.11482854368938256,
          "text_wrong_support_correct_rate_all": 0.08803245436105477,
          "text_wrong_final_correct_rate_all": 0.06531440162271805,
          "auroc_js_for_text_error": 0.6564101632624642,
          "auroc_disagree_for_text_error": 0.9002367351139932,
          "auroc_entropy_text_for_text_error": 0.6744952728659782,
          "auroc_js_for_final_error": 0.5381613661702856,
          "auroc_conflict_aware_for_final_error": 0.78441367053395,
          "aurc_conflict_aware_for_final_error": 0.02191369524476223
        },
        {
          "prompt_mode": "coarse_alphabetic_groups",
          "text_acc": 0.055983772819472616,
          "support_acc": 0.9322515212981745,
          "final_acc": 0.9302231237322515,
          "mean_js": 0.28550420175582436,
          "text_wrong_support_correct_rate_all": 0.8774847870182556,
          "text_wrong_final_correct_rate_all": 0.8754563894523326,
          "auroc_js_for_text_error": 0.38343516252187615,
          "auroc_disagree_for_text_error": 0.9882709590627977,
          "auroc_entropy_text_for_text_error": 0.5974664150520357,
          "auroc_js_for_final_error": 0.26747482225986063,
          "auroc_conflict_aware_for_final_error": 0.9033484112414935,
          "aurc_conflict_aware_for_final_error": 0.01018860889787081
        },
        {
          "prompt_mode": "wrong_permutation",
          "text_acc": 0.0016227180527383367,
          "support_acc": 0.9322515212981745,
          "final_acc": 0.044219066937119675,
          "mean_js": 0.6405697770597099,
          "text_wrong_support_correct_rate_all": 0.9306288032454361,
          "text_wrong_final_correct_rate_all": 0.04259634888438134,
          "auroc_js_for_text_error": 0.9855749695245835,
          "auroc_disagree_for_text_error": 0.9997968305566842,
          "auroc_entropy_text_for_text_error": 0.3116619260463226,
          "auroc_js_for_final_error": 0.9340430834410678,
          "auroc_conflict_aware_for_final_error": 0.23897602841077237,
          "aurc_conflict_aware_for_final_error": 0.9745794254351537
        }
      ],
      "wrong_permutation": [
        {
          "prompt_mode": "wrong_permutation",
          "text_acc": 0.0016227180527383367,
          "support_acc": 0.9322515212981745,
          "final_acc": 0.044219066937119675,
          "mean_js": 0.6405697770597099,
          "text_wrong_support_correct_rate_all": 0.9306288032454361,
          "text_wrong_final_correct_rate_all": 0.04259634888438134,
          "auroc_js_for_text_error": 0.9855749695245835,
          "auroc_disagree_for_text_error": 0.9997968305566842,
          "auroc_entropy_text_for_text_error": 0.3116619260463226,
          "auroc_js_for_final_error": 0.9340430834410678,
          "auroc_conflict_aware_for_final_error": 0.23897602841077237,
          "aurc_conflict_aware_for_final_error": 0.9745794254351537
        }
      ]
    }
  },
  "recommendation": "KILL_OR_PAUSE",