case_root,split,num_seeds,seeds,accuracy_mean,accuracy_std,brier_mean,brier_std,ece_mean,ece_std,error_mean,error_std,macro_f1_mean,macro_f1_std,nll_mean,nll_std
.,test,3,1 2 3,88.76553177833557,0.3553059216930006,0.16381693383057913,0.004366011957868878,2.756309297294572,0.0881609848182345,11.234468221664429,0.3553059216930006,88.36298005370718,0.3498054181623185,0.3978967567284902,0.009002231044471933
