case_root,split,num_seeds,seeds,accuracy_mean,accuracy_std,brier_mean,brier_std,ece_mean,ece_std,error_mean,error_std,macro_f1_mean,macro_f1_std,nll_mean,nll_std
.,test,3,1 2 3,95.13184428215027,0.21720523725642757,0.07110787679751714,0.0024995177820862254,1.640370979431596,0.29484790483884005,4.8681557178497314,0.21720523725642757,93.03085453271069,0.2813248020386355,0.1365904708703359,0.004180359552457037
