case_root,split,num_seeds,seeds,accuracy_mean,accuracy_std,brier_mean,brier_std,ece_mean,ece_std,error_mean,error_std,macro_f1_mean,macro_f1_std,nll_mean,nll_std
.,test,3,1 2 3,98.64428639411926,0.29348362676313283,0.02291937607030074,0.001292450207654534,1.5708876734834758,0.23977160256860441,1.3557136058807373,0.29348362676313283,97.45967328327426,0.6591167376089332,0.04749747117360433,0.0012484940625344257
