case_root,split,num_seeds,seeds,accuracy_mean,accuracy_std,brier_mean,brier_std,ece_mean,ece_std,error_mean,error_std,macro_f1_mean,macro_f1_std,nll_mean,nll_std
.,test,3,1 2 3,94.17173663775127,0.44971534233130533,0.08554323762655258,0.004013842272773371,1.6275985961108692,0.39195669775560427,5.828263362248738,0.44971534233130533,91.45581997362106,0.2857836945113518,0.17166480422019958,0.009406647602216973
