case_root,split,num_seeds,seeds,accuracy_mean,accuracy_std,brier_mean,brier_std,ece_mean,ece_std,error_mean,error_std,macro_f1_mean,macro_f1_std,nll_mean,nll_std
fewshot_train/caltech101/shots_1/ViT-B-16/default,test,3,1 2 3,94.1582163174947,0.20148343828789797,0.08515557398398717,0.0033881575938661053,1.6321256367881367,0.32729517270999975,5.84178368250529,0.20148343828789797,91.3508946264838,0.09185949576962298,0.169350395600001,0.0059620015601797765
fewshot_train/caltech101/shots_2/ViT-B-16/default,test,3,1 2 3,94.59094206492107,0.6038430323160967,0.07556349535783131,0.0073570304290605385,1.0592026930954748,0.11966167070779521,5.4090579350789385,0.6038430323160967,92.06910109627613,0.38635966249559056,0.14481972654660544,0.011182312750248016
fewshot_train/caltech101/shots_4/ViT-B-16/default,test,3,1 2 3,95.94320456186931,0.057373099982929686,0.06101294234395027,0.0015534360393541092,1.0575346579174483,0.06413677104229325,4.056795438130696,0.057373099982929686,93.99737093384678,0.17709564210209805,0.12107256551583608,0.00404887998250431
fewshot_train/caltech101/shots_8/ViT-B-16/default,test,3,1 2 3,96.28127217292786,0.21295505600123735,0.05380358546972275,0.003138050660081878,0.8690441519203341,0.04821119475364212,3.7187278270721436,0.21295505600123735,94.49140258526285,0.36844017511665184,0.10521508753299713,0.006086729271133938
fewshot_train/ucf101/shots_2/ViT-B-16/default,test,3,1 2 3,77.97162532806396,0.30852278647369147,0.304953674475352,0.004535873491216478,2.609493908472277,0.29353169359535186,22.028374671936035,0.30852278647369147,76.65566830155073,0.41537669410428324,0.7597843408584595,0.02189680237522255
fewshot_train/ucf101/shots_4/ViT-B-16/default,test,3,1 2 3,81.83980981508891,0.17266804244508827,0.25600430369377136,0.004219300761245561,2.7262553224054997,0.2886033892888105,18.16019018491109,0.17266804244508827,80.90184336499912,0.16136422937291237,0.6449343760808309,0.02035149482692394
fewshot_train/ucf101/shots_8/ViT-B-16/default,test,3,1 2 3,84.65944131215413,0.3548669238731867,0.22222794592380524,0.0007130317351201107,3.3828523941256,0.36789026763568905,15.340558687845865,0.3548669238731867,84.05409219474048,0.541186541091639,0.5511855284372965,0.012303165240712472
