case_root,split,num_seeds,seeds,accuracy_mean,accuracy_std,brier_mean,brier_std,ece_mean,ece_std,error_mean,error_std,macro_f1_mean,macro_f1_std,nll_mean,nll_std
fewshot_train/caltech101/shots_1/ViT-B-16/default,test,3,1 2 3,94.13116772969563,0.3077699008972569,0.08308325211207072,0.0036731045286332717,1.7801601916773244,0.4146848234590367,5.868832270304362,0.3077699008972569,91.38141167259545,0.13394005578915996,0.1646093875169754,0.006273661337709826
fewshot_train/caltech101/shots_16/ViT-B-16/default,test,3,1 2 3,97.14671969413757,0.3005557144749642,0.044868397216002144,0.0033267975161486016,0.7534408631801928,0.1744223435382876,2.8532803058624268,0.3005557144749642,95.73469817268393,0.43902822262654756,0.09095180779695511,0.005732852755581007
fewshot_train/caltech101/shots_2/ViT-B-16/default,test,3,1 2 3,94.45571303367615,0.5565691098232894,0.07632550100485484,0.007539013912933066,1.19288323959682,0.09978400557296982,5.5442869663238525,0.5565691098232894,91.90089976852501,0.4458806587510607,0.14538208643595377,0.010330339239727516
fewshot_train/caltech101/shots_4/ViT-B-16/default,test,3,1 2 3,95.55104772249858,0.18834865069086867,0.06252709527810414,0.002669128397410324,1.1483104986423895,0.11406493759554043,4.448952277501424,0.18834865069086867,93.42367454295332,0.43490857932779503,0.1231556956966718,0.005004834491509524
fewshot_train/caltech101/shots_8/ViT-B-16/default,test,3,1 2 3,96.11900051434834,0.1565347674497754,0.054195339481035866,0.002024176647996095,1.1078874048467742,0.1851407808442643,3.880999485651652,0.1565347674497754,94.21213913981464,0.28398878132848965,0.10452831288178761,0.004188752255759621
