case_root,split,num_seeds,seeds,accuracy_mean,accuracy_std,brier_mean,brier_std,ece_mean,ece_std,error_mean,error_std,macro_f1_mean,macro_f1_std,nll_mean,nll_std
fewshot_train/caltech101/shots_1/ViT-B-16/default,test,3,1 2 3,94.14469202359517,0.3447607209074351,0.0832521418730418,0.0036419527128579545,1.7812870988940934,0.3835934173573487,5.855307976404826,0.3447607209074351,91.40719071849776,0.19482603289533665,0.1649872064590454,0.006253451091545641
fewshot_train/ucf101/shots_1/ViT-B-16/default,test,3,1 2 3,73.71574640274048,0.5072456072675322,0.3445584972699483,0.0047842398225734556,2.6886715601378994,0.2093692735881473,26.28425359725952,0.5072456072675322,72.10108555767796,0.5584180561213765,0.8428424000740051,0.016216510967435836
