case_root,split,num_seeds,seeds,accuracy_mean,accuracy_std,brier_mean,brier_std,ece_mean,ece_std,error_mean,error_std,macro_f1_mean,macro_f1_std,nll_mean,nll_std
fewshot_train/caltech101/shots_1/ViT-B-16/default,test,3,1 2 3,94.1582163174947,0.23186482934797717,0.08596831063429515,0.00321991416147865,1.7043672700521508,0.411779919873432,5.84178368250529,0.23186482934797717,91.35196655255622,0.048785600992464734,0.17089436451594034,0.005748207745885527
fewshot_train/ucf101/shots_1/ViT-B-16/default,test,3,1 2 3,74.07701214154561,0.4774431797630678,0.34488821029663086,0.006676222455066746,2.523167774308378,0.29756685466597416,25.922987858454388,0.4774431797630678,72.36691629233917,0.6801636343639729,0.8527421553929647,0.017849641179201535
