case_root,split,num_seeds,seeds,accuracy_mean,accuracy_std,brier_mean,brier_std,ece_mean,ece_std,error_mean,error_std,macro_f1_mean,macro_f1_std,nll_mean,nll_std
.,test,3,1 2 3,73.69812329610188,0.7066695147618934,0.3459736208120982,0.006063243953390131,3.137752541635244,0.41934837371302536,26.301876703898113,0.7066695147618934,72.14275888768174,0.6847622412460178,0.855733315149943,0.01710684419352965
