case_root,split,num_seeds,seeds,accuracy_mean,accuracy_std,brier_mean,brier_std,ece_mean,ece_std,error_mean,error_std,macro_f1_mean,macro_f1_std,nll_mean,nll_std
.,test,3,1 2 3,93.85845462481181,0.3597544604301787,0.09223340451717377,0.004007318498544598,1.5196272216116555,0.06976969639537196,6.141545375188191,0.3597544604301787,93.79359402050115,0.40563062015281726,0.18195286393165588,0.006153687152220348
