case_root,split,num_seeds,seeds,accuracy_mean,accuracy_std,brier_mean,brier_std,ece_mean,ece_std,error_mean,error_std,macro_f1_mean,macro_f1_std,nll_mean,nll_std
.,test,3,1 2 3,97.84807364145915,0.12173133765906487,0.03474654629826546,0.001374454234309551,2.6304271494621405,0.0957631105357512,2.151926358540853,0.12173133765906487,95.65330632912962,0.28113731080880644,0.07552576561768849,0.0021913776782726685
