case_root,split,num_seeds,seeds,accuracy_mean,accuracy_std,brier_mean,brier_std,ece_mean,ece_std,error_mean,error_std,macro_f1_mean,macro_f1_std,nll_mean,nll_std
.,test,3,1 2 3,90.38262764612834,0.2193715367093027,0.1469624936580658,0.004790239798330664,3.1449844506599707,0.3182928978904726,9.617372353871664,0.2193715367093027,89.82829910350573,0.24755639791536455,0.33720486362775165,0.01850550979130564
