case_root,split,num_seeds,seeds,accuracy_mean,accuracy_std,brier_mean,brier_std,ece_mean,ece_std,error_mean,error_std,macro_f1_mean,macro_f1_std,nll_mean,nll_std
.,test,3,1 2 3,94.03651158014934,0.250078710328778,0.08640216042598088,0.001970229965080179,1.388119731786043,0.2796245713221684,5.963488419850667,0.250078710328778,91.15052264630135,0.1357016055425212,0.17080666621526083,0.003610440761578751
