case_root,split,num_seeds,seeds,accuracy_mean,accuracy_std,brier_mean,brier_std,ece_mean,ece_std,error_mean,error_std,macro_f1_mean,macro_f1_std,nll_mean,nll_std
.,test,3,1 2 3,79.16235725084941,0.9515451684342984,0.280366986989975,0.009267789496300246,3.28127533307839,0.8633343209083264,20.837642749150593,0.9515451684342984,77.59020741274658,0.9780013019532661,0.6213829318682352,0.03133325010046494
