{
  "method_alias": "CLAP",
  "run_tag": "CLAP",
  "dataset": "caltech101",
  "shots": 1,
  "seed": 1,
  "n_samples": 2465,
  "adapter_accuracy": 0.9350912778904665,
  "heldout_confidence_only_auroc": 0.9227480732177264,
  "heldout_confidence_plus_js_auroc": 0.9221459537572254,
  "heldout_delta_auroc": -0.0006021194605010383,
  "heldout_confidence_only_eaurc": 0.005782324773986553,
  "heldout_confidence_plus_js_eaurc": 0.005862745561597796,
  "heldout_delta_eaurc": 8.042078761124304e-05,
  "cv_mean_delta_auroc": -0.0003931670281996036,
  "cv_mean_delta_eaurc": 5.3487155861481515e-05,
  "cv_js_coef_positive_fraction": 1.0,
  "preliminary_decision": "KILL_OR_PAUSE",
  "reasons": [
    "held-out AUROC gain from JS is < 0.01",
    "held-out E-AURC did not decrease"
  ]
}