fold,delta_auroc,delta_eaurc
1,0.00033893709327548205,-1.1138999974406177e-05
2,0.00047451193058556385,-3.7785332015999144e-05
3,-0.0020336225596528923,0.00016988262980694932
4,-0.0025759219088936636,0.0002876546361669889
5,0.001830260303687492,-0.00014117715467612535
