features,n_train,n_test,test_error_rate,heldout_auroc,heldout_aurc,heldout_eaurc,model_name,delta_vs_conf_auroc,delta_vs_conf_eaurc
"['entropy_ad', 'margin_ad', 'msp_ad']",1725,740,0.06486486486486487,0.9227480732177264,0.007976878496715228,0.005782324773986553,confidence_only,0.0,0.0
"['entropy_ad', 'margin_ad', 'msp_ad', 'js_zs_ad']",1725,740,0.06486486486486487,0.9221459537572254,0.00805729928432647,0.005862745561597796,confidence_plus_js,-0.0006021194605010383,8.042078761124304e-05
