case_root,split,num_seeds,seeds,accuracy_mean,accuracy_std,brier_mean,brier_std,ece_mean,ece_std,error_mean,error_std,macro_f1_mean,macro_f1_std,nll_mean,nll_std
.,test,3,1 2 3,86.86227997144063,0.45324887506533634,0.19333245853583017,0.00481273322214772,3.234451746208488,0.2575402719123322,13.137720028559366,0.45324887506533634,86.34018251940259,0.5689370714319973,0.47349079449971515,0.0071256390176441435
