case_root,split,num_seeds,seeds,accuracy_mean,accuracy_std,brier_mean,brier_std,ece_mean,ece_std,error_mean,error_std,macro_f1_mean,macro_f1_std,nll_mean,nll_std
.,test,3,1 2 3,93.20432543754578,0.47590749716904146,0.10275545964638393,0.0038061142649577187,1.2330138486748854,0.28541252051511073,6.795674562454224,0.47590749716904146,93.13490741060822,0.4914926024459958,0.20584485431512198,0.0035625051150287687
